candidate_id,target_job_role,education_level,degree_field,years_of_experience,num_projects,num_certifications,num_internships,technical_skills_count,relevant_skills_count,required_skills_count,skill_match_percentage,soft_skills_count,project_relevance_score,experience_relevance_score,education_relevance_score,resume_quality_score,ats_score,keyword_match_percentage,overall_resume_score,job_readiness_score,experience_level,missing_skills_count,job_readiness,shortlisted
C00001,Cybersecurity Analyst,Bachelor's,Other,8,11,0,1,9,4,6,67.65,10,64.33,60.97,26.56,82.86,75.35,72.78,65.39,61.8,Senior,2,Beginner,1
C00002,Cloud Engineer,Bachelor's,Computer Science,5,6,4,0,8,4,6,64.71,2,62.73,47.33,84.32,80.29,65.17,65.75,67.27,61.06,Mid-Level,2,Beginner,1
C00003,Cloud Engineer,Bachelor's,Information Technology,4,4,4,0,7,4,6,62.13,7,61.05,39.43,86.71,81.18,77.2,69.03,68.54,56.91,Mid-Level,2,Beginner,0
C00004,Cybersecurity Analyst,Bachelor's,Computer Science,3,5,5,0,6,4,6,62.01,7,67.38,40.51,87.59,73.99,67.12,64.87,63.72,66.34,Mid-Level,2,Beginner,0
C00005,Backend Developer,Master's,Data Science,11,14,5,1,11,4,6,70.89,4,66.75,72.35,66.96,97.21,79.63,73.86,81.45,68.96,Senior,2,Beginner,0
C00006,Full Stack Developer,Bachelor's,Computer Science,5,4,1,1,8,5,7,67.17,10,70.93,47.14,92.72,58.59,68.79,67.53,66.35,64.52,Mid-Level,2,Beginner,0
C00007,Data Analyst,Bachelor's,Data Science,10,12,0,1,8,5,6,84.57,5,81.96,81.16,90.64,77.2,85.29,84.47,85.33,76.48,Senior,1,Intermediate,1
C00008,UI/UX Designer,Master's,Information Technology,6,4,2,0,5,4,6,69.38,4,59.23,55.17,75.23,68.41,62.71,64.5,66.74,58.81,Mid-Level,2,Beginner,0
C00009,QA Engineer,Master's,Information Technology,14,12,1,0,10,5,6,85.89,7,80.33,81.55,85.77,82.58,91.44,88.31,86.59,82.13,Senior,1,Intermediate,1
C00010,Mobile App Developer,Bachelor's,Electronics,5,3,2,0,4,3,6,53.07,3,50.84,42.02,48.18,63.65,56.14,58.37,56.5,43.26,Mid-Level,3,Not Ready,0
C00011,QA Engineer,Bachelor's,Computer Science,12,7,2,0,5,4,6,65.04,2,70.92,74.46,73.23,84.75,70.74,73.7,76.4,63.49,Senior,2,Beginner,0
C00012,Data Scientist,Bachelor's,Computer Science,4,9,5,1,10,3,6,51.1,2,53.54,38.58,80.51,91.03,62.9,55.53,65.03,59.42,Mid-Level,3,Beginner,0
C00013,Data Analyst,Bachelor's,Business,0,2,0,1,9,1,6,18.95,3,14.22,25.84,71.32,53.57,26.24,29.23,34.62,21.92,Fresher,5,Not Ready,0
C00014,UI/UX Designer,Bachelor's,Information Technology,7,5,4,0,9,3,6,50.12,8,43.12,50.79,66.45,83.06,61.48,61.08,60.75,50.94,Mid-Level,3,Beginner,0
C00015,UI/UX Designer,Master's,Information Technology,6,7,1,0,10,3,6,51.6,8,55.58,50.32,75.55,73.37,53.8,59.93,62.2,52.84,Mid-Level,3,Beginner,0
C00016,Data Scientist,Bachelor's,Mathematics,11,14,4,0,5,5,6,87.2,7,91.14,80.08,76.42,86.59,93.33,88.14,83.49,78.51,Senior,1,Intermediate,0
C00017,Java Developer,Diploma,Computer Science,2,1,3,0,11,3,6,51.92,3,43.93,34.02,77.24,49.3,48.08,53.86,51.05,51.4,Junior,3,Beginner,0
C00018,Mobile App Developer,Bachelor's,Computer Science,6,5,0,1,9,4,6,64.32,6,56.74,53.16,94.73,72.77,69.8,68.96,69.18,60.15,Mid-Level,2,Beginner,1
C00019,Python Developer,Bachelor's,Data Science,7,9,1,0,4,4,6,61.91,6,69.16,62.69,81.77,84.26,77.49,65.08,70.59,67.57,Mid-Level,2,Beginner,0
C00020,DevOps Engineer,PhD,Other,13,13,4,1,11,4,6,64.61,2,70.99,72.24,48.51,96.71,78.36,75.39,76.78,66.79,Senior,2,Beginner,0
C00021,Backend Developer,Bachelor's,Other,5,6,3,1,10,2,6,33.52,2,41.7,42.03,32.41,78.74,49.36,40.5,51.8,42.46,Mid-Level,4,Not Ready,0
C00022,Cloud Engineer,Master's,Information Technology,11,10,2,1,9,5,6,86.32,4,84.07,86.8,100.0,97.24,88.09,87.26,88.5,82.86,Senior,1,Intermediate,0
C00023,Data Scientist,Bachelor's,Information Technology,8,7,1,0,13,5,6,84.24,3,69.65,75.08,75.37,73.26,73.88,82.27,78.27,68.51,Senior,1,Beginner,1
C00024,Data Scientist,Diploma,Data Science,4,9,4,1,10,4,6,67.07,2,69.03,49.87,87.26,71.76,66.12,70.96,66.07,63.48,Mid-Level,2,Beginner,0
C00025,Python Developer,Diploma,Other,0,1,0,1,9,1,6,18.63,4,13.38,13.91,16.73,37.5,26.97,24.55,25.49,14.89,Fresher,5,Not Ready,0
C00026,Full Stack Developer,Master's,Information Technology,9,14,3,0,6,6,7,84.91,8,84.54,80.24,98.56,84.73,78.7,80.33,81.22,83.42,Senior,1,Intermediate,1
C00027,Frontend Developer,Bachelor's,Computer Science,11,13,4,0,7,5,6,83.07,3,80.94,81.37,89.34,93.85,89.54,80.68,87.0,81.96,Senior,1,Intermediate,0
C00028,DevOps Engineer,Master's,Software Engineering,8,6,5,1,7,4,6,62.37,7,64.61,64.18,95.27,98.04,77.85,68.39,79.58,68.03,Senior,2,Beginner,0
C00029,UI/UX Designer,Master's,Computer Science,6,3,2,0,6,4,6,70.72,4,52.97,52.35,75.69,66.79,62.66,71.76,62.89,57.79,Mid-Level,2,Beginner,0
C00030,Java Developer,Diploma,Electronics,2,5,4,1,3,1,6,12.85,7,23.98,27.47,41.29,66.26,39.07,21.35,35.86,30.44,Junior,5,Not Ready,0
C00031,Cloud Engineer,PhD,Information Technology,6,4,3,0,4,4,6,69.43,4,56.79,59.5,100.0,82.86,78.82,74.66,74.32,71.09,Mid-Level,2,Beginner,1
C00032,Cloud Engineer,Master's,Information Technology,3,5,2,1,7,5,6,82.23,3,66.34,39.65,100.0,70.11,84.58,84.31,75.62,69.55,Mid-Level,1,Beginner,1
C00033,Mobile App Developer,Bachelor's,Information Technology,7,10,2,0,7,4,6,69.19,4,73.0,56.82,92.9,81.41,67.0,72.13,71.86,69.29,Mid-Level,2,Beginner,1
C00034,Mobile App Developer,Diploma,Computer Science,8,13,5,1,12,5,6,84.52,4,79.78,73.97,75.84,75.16,85.92,84.71,77.57,74.44,Senior,1,Beginner,1
C00035,Full Stack Developer,Bachelor's,Information Technology,2,5,2,2,7,4,7,61.62,9,60.99,32.7,92.53,59.84,65.34,61.84,60.4,60.29,Junior,3,Beginner,0
C00036,Backend Developer,Bachelor's,Computer Science,3,9,4,1,10,4,6,62.23,9,60.73,40.43,86.18,83.94,72.25,71.19,68.53,58.18,Mid-Level,2,Beginner,1
C00037,UI/UX Designer,Bachelor's,Other,11,12,4,1,8,3,6,54.7,10,50.69,69.89,33.91,99.89,65.95,64.28,71.83,56.51,Senior,3,Beginner,1
C00038,Product Designer,Bachelor's,Computer Science,2,4,5,1,7,3,6,50.84,9,52.42,29.49,55.45,81.21,69.23,56.47,61.01,48.72,Junior,3,Not Ready,0
C00039,Backend Developer,Bachelor's,Information Technology,5,7,5,1,7,4,6,62.44,7,71.42,50.71,94.86,83.58,67.85,69.81,71.67,61.88,Mid-Level,2,Beginner,0
C00040,Cloud Engineer,Master's,Other,1,6,4,1,4,2,6,34.47,2,34.36,27.86,44.33,70.22,41.19,40.38,46.95,41.55,Junior,4,Not Ready,0
C00041,Frontend Developer,Bachelor's,Information Technology,1,6,4,2,9,4,6,70.09,3,67.75,29.76,89.69,68.87,62.5,73.49,65.68,65.48,Junior,2,Beginner,1
C00042,Data Scientist,Bachelor's,Mathematics,6,8,0,1,12,4,6,70.16,6,61.29,52.45,74.51,78.26,75.1,69.07,72.23,61.63,Mid-Level,2,Beginner,0
C00043,Mobile App Developer,Diploma,Software Engineering,2,6,0,0,11,3,6,52.72,10,49.32,32.59,88.52,52.98,58.85,51.81,52.68,43.7,Junior,3,Not Ready,0
C00044,Data Scientist,Bachelor's,Mathematics,4,3,5,1,4,3,6,46.36,2,36.73,40.42,73.51,73.78,56.33,55.89,56.62,49.44,Mid-Level,3,Not Ready,0
C00045,Python Developer,Bachelor's,Software Engineering,5,3,5,0,12,5,6,87.83,7,65.52,56.27,99.27,73.13,81.3,89.69,78.89,73.84,Mid-Level,1,Beginner,1
C00046,DevOps Engineer,Bachelor's,Computer Science,12,6,3,0,7,4,6,62.95,3,56.76,74.73,81.39,77.91,66.46,69.91,71.02,66.13,Senior,2,Beginner,0
C00047,QA Engineer,Bachelor's,Computer Science,4,3,5,1,6,3,6,47.79,2,39.33,36.11,70.89,74.87,53.92,51.85,56.67,50.54,Mid-Level,3,Beginner,0
C00048,Product Designer,Master's,Information Technology,9,6,3,0,8,4,6,70.4,7,69.07,69.34,65.61,91.4,82.77,71.45,76.36,67.03,Senior,2,Beginner,0
C00049,Mobile App Developer,Bachelor's,Information Technology,2,5,3,0,10,3,6,52.47,10,40.09,34.15,87.52,75.82,62.0,57.47,59.09,50.11,Junior,3,Beginner,0
C00050,DevOps Engineer,Bachelor's,Information Technology,7,3,4,0,7,4,6,61.87,4,54.99,56.55,87.11,70.92,71.74,64.61,69.4,65.48,Mid-Level,2,Beginner,1
C00051,Cloud Engineer,Diploma,Information Technology,2,4,3,2,9,3,6,52.45,3,44.91,29.85,76.28,55.81,56.13,53.83,52.34,53.36,Junior,3,Beginner,0
C00052,Full Stack Developer,Bachelor's,Computer Science,9,11,4,1,13,5,7,68.89,5,68.21,68.78,86.87,85.27,81.79,67.97,78.14,69.71,Senior,2,Beginner,1
C00053,Cloud Engineer,Diploma,Information Technology,1,3,5,0,8,4,6,70.32,7,62.91,27.37,77.58,63.7,74.54,69.56,64.43,58.74,Junior,2,Beginner,1
C00054,Backend Developer,Bachelor's,Information Technology,4,4,4,1,10,4,6,66.74,6,55.21,46.13,86.15,70.62,69.59,64.06,67.16,61.91,Mid-Level,2,Beginner,0
C00055,Cybersecurity Analyst,Bachelor's,Computer Science,12,7,3,0,12,4,6,71.57,5,60.99,74.75,93.1,87.4,82.07,75.69,80.61,70.31,Senior,2,Beginner,1
C00056,Mobile App Developer,Master's,Electronics,6,9,4,0,10,3,6,46.24,9,57.19,45.07,64.38,82.56,64.63,54.25,63.61,49.0,Mid-Level,3,Not Ready,0
C00057,Data Scientist,Bachelor's,Data Science,4,3,1,0,4,4,6,69.81,8,60.48,44.44,95.23,69.54,67.98,72.92,67.66,59.39,Mid-Level,2,Beginner,0
C00058,Cloud Engineer,Bachelor's,Software Engineering,8,9,0,1,12,5,6,80.66,7,86.56,70.89,88.84,82.0,83.18,77.09,83.62,75.0,Senior,1,Beginner,1
C00059,UI/UX Designer,Diploma,Information Technology,2,3,1,1,10,3,6,50.33,9,50.8,28.09,57.89,47.49,45.17,52.2,42.95,43.6,Junior,3,Not Ready,0
C00060,QA Engineer,Master's,Information Technology,11,14,0,0,8,5,6,79.44,7,92.21,79.72,86.27,89.76,77.97,78.8,83.71,77.13,Senior,1,Intermediate,0
C00061,Product Designer,Bachelor's,Information Technology,0,2,2,3,8,1,6,15.12,8,11.24,24.58,64.08,57.41,31.43,28.05,34.01,26.13,Fresher,5,Not Ready,0
C00062,Java Developer,Bachelor's,Computer Science,9,10,3,1,5,5,6,87.65,9,82.71,83.04,91.97,90.82,83.36,89.05,87.75,80.25,Senior,1,Intermediate,0
C00063,QA Engineer,Master's,Other,6,5,3,1,9,2,6,29.47,4,41.92,38.97,48.39,87.23,58.49,41.21,55.03,39.52,Mid-Level,4,Not Ready,0
C00064,Machine Learning Engineer,Bachelor's,Mathematics,1,6,1,1,7,3,6,48.33,6,47.37,30.9,80.37,61.04,50.97,53.25,52.47,42.71,Junior,3,Not Ready,0
C00065,Machine Learning Engineer,Diploma,Data Science,6,5,0,1,9,4,6,65.86,5,67.47,55.54,83.62,58.62,55.17,66.04,59.67,63.23,Mid-Level,2,Beginner,0
C00066,Cybersecurity Analyst,Bachelor's,Computer Science,7,3,0,1,8,5,6,83.36,5,72.69,68.51,85.67,60.36,80.53,75.81,73.05,66.62,Mid-Level,1,Beginner,1
C00067,Product Designer,Bachelor's,Design,11,10,1,0,7,5,6,82.87,10,82.06,81.3,94.41,83.95,77.79,79.9,84.96,81.0,Senior,1,Intermediate,1
C00068,UI/UX Designer,Bachelor's,Information Technology,7,7,4,1,4,3,6,45.25,4,45.0,53.88,67.16,75.43,52.88,48.6,59.22,45.95,Mid-Level,3,Not Ready,0
C00069,Java Developer,Master's,Computer Science,6,3,4,1,4,4,6,64.05,9,51.42,56.36,97.43,86.19,78.19,67.45,76.31,61.72,Mid-Level,2,Beginner,0
C00070,Product Designer,Master's,Design,1,3,4,2,5,3,6,47.08,2,36.92,27.3,96.81,71.74,63.23,55.19,58.34,46.88,Junior,3,Not Ready,0
C00071,DevOps Engineer,Bachelor's,Information Technology,6,7,2,1,5,4,6,65.76,5,64.67,52.65,89.36,82.68,76.74,65.54,75.34,63.28,Mid-Level,2,Beginner,0
C00072,Frontend Developer,Master's,Information Technology,11,10,0,0,7,4,6,64.35,2,69.0,71.54,100.0,79.23,75.66,72.17,75.7,63.03,Senior,2,Beginner,0
C00073,Mobile App Developer,Diploma,Electronics,3,10,5,1,2,2,6,34.1,4,38.05,33.7,40.54,79.78,47.67,38.34,47.32,43.88,Mid-Level,4,Not Ready,0
C00074,Cybersecurity Analyst,Bachelor's,Electronics,2,6,2,2,7,3,6,46.75,6,55.63,29.65,69.19,68.3,48.12,47.73,53.59,41.27,Junior,3,Not Ready,0
C00075,DevOps Engineer,Bachelor's,Information Technology,11,11,3,0,5,5,6,81.89,3,86.67,82.51,87.97,88.62,87.2,87.6,87.0,77.1,Senior,1,Intermediate,0
C00076,Cybersecurity Analyst,Bachelor's,Electronics,4,5,2,1,9,3,6,49.96,9,49.05,43.2,68.34,63.21,48.46,54.89,53.7,49.97,Mid-Level,3,Not Ready,0
C00077,Frontend Developer,Bachelor's,Electronics,0,3,3,2,2,1,6,18.61,7,14.19,19.02,50.9,56.97,40.63,22.65,39.7,26.16,Fresher,5,Not Ready,0
C00078,Data Analyst,Bachelor's,Business,3,6,0,1,10,4,6,69.73,4,64.87,44.23,71.92,59.49,65.47,64.9,65.43,61.95,Mid-Level,2,Beginner,0
C00079,Mobile App Developer,Master's,Other,4,8,3,0,8,2,6,34.01,2,45.31,38.16,35.34,78.76,58.7,47.67,54.79,40.71,Mid-Level,4,Not Ready,0
C00080,Java Developer,Master's,Information Technology,14,12,0,1,13,5,6,78.7,9,86.21,76.62,97.3,78.23,81.66,77.01,82.22,70.5,Senior,1,Beginner,0
C00081,Machine Learning Engineer,Bachelor's,Mathematics,6,5,5,0,6,4,6,67.93,9,67.01,52.75,81.16,73.89,76.23,64.33,72.79,66.82,Mid-Level,2,Beginner,1
C00082,Product Designer,Master's,Other,2,6,5,2,3,1,6,19.34,2,20.76,26.34,39.8,87.98,54.54,35.75,47.9,31.56,Junior,5,Not Ready,0
C00083,QA Engineer,Bachelor's,Computer Science,0,0,2,0,8,2,6,31.21,2,5.93,11.05,72.34,48.29,45.84,33.9,39.53,31.37,Fresher,4,Not Ready,0
C00084,Data Analyst,Master's,Business,1,2,0,0,6,2,6,32.51,6,35.73,23.53,84.45,61.31,38.7,43.18,43.5,39.5,Junior,4,Not Ready,0
C00085,Data Scientist,Bachelor's,Information Technology,10,6,0,0,13,5,6,80.1,5,71.19,83.84,76.86,71.6,69.63,83.09,77.9,74.88,Senior,1,Beginner,1
C00086,Backend Developer,Bachelor's,Information Technology,3,7,4,0,13,5,6,85.29,6,71.63,41.71,93.16,72.58,80.8,83.68,75.72,67.03,Mid-Level,1,Beginner,0
C00087,Data Scientist,Bachelor's,Data Science,4,6,3,0,6,5,6,87.89,5,81.46,52.28,98.1,74.81,76.05,84.36,76.58,71.86,Mid-Level,1,Beginner,1
C00088,Machine Learning Engineer,Bachelor's,Data Science,3,9,5,0,9,4,6,68.5,3,60.05,40.39,98.51,82.69,75.65,74.58,71.71,66.62,Mid-Level,2,Beginner,1
C00089,Product Designer,Bachelor's,Business,9,8,1,1,10,5,6,84.92,2,84.28,79.75,73.67,83.89,87.67,86.51,84.16,79.11,Senior,1,Intermediate,1
C00090,Cybersecurity Analyst,Master's,Business,4,4,0,1,3,2,6,36.59,5,26.73,39.31,58.35,61.57,51.67,44.91,49.24,32.5,Mid-Level,4,Not Ready,0
C00091,Java Developer,Bachelor's,Other,7,3,2,1,11,3,6,47.6,10,46.64,55.93,30.4,64.71,58.62,51.43,56.94,45.71,Mid-Level,3,Not Ready,1
C00092,Backend Developer,Master's,Computer Science,9,9,4,1,10,5,6,85.21,8,73.25,79.87,98.01,87.08,87.27,84.04,87.4,75.87,Senior,1,Intermediate,1
C00093,Machine Learning Engineer,PhD,Other,3,9,2,0,3,3,6,46.3,5,57.63,30.33,45.25,81.18,60.07,55.98,57.06,44.6,Mid-Level,3,Not Ready,0
C00094,QA Engineer,PhD,Information Technology,10,15,5,0,9,5,6,79.97,5,91.38,78.19,96.94,98.32,90.2,85.18,87.18,87.07,Senior,1,Intermediate,1
C00095,DevOps Engineer,Bachelor's,Other,5,5,3,1,4,2,6,34.72,9,32.53,45.26,27.74,72.55,56.16,39.58,48.7,34.85,Mid-Level,4,Not Ready,0
C00096,Mobile App Developer,Bachelor's,Electronics,5,10,5,0,9,2,6,38.02,2,36.64,44.17,53.69,91.83,65.06,51.39,61.48,43.17,Mid-Level,4,Not Ready,0
C00097,Backend Developer,Master's,Software Engineering,8,12,2,1,11,5,6,83.15,10,78.54,73.28,96.25,86.88,79.85,83.81,80.47,76.81,Senior,1,Intermediate,1
C00098,Data Analyst,Master's,Computer Science,9,14,5,0,9,5,6,78.45,5,79.83,74.75,93.92,100.0,83.74,84.71,88.31,81.21,Senior,1,Intermediate,1
C00099,Data Analyst,Bachelor's,Data Science,1,1,4,2,4,3,6,54.87,5,35.78,29.06,94.99,68.24,61.17,52.64,58.89,51.49,Junior,3,Beginner,0
C00100,QA Engineer,Bachelor's,Computer Science,6,8,5,0,7,3,6,48.97,10,46.12,51.05,75.68,90.81,60.91,54.01,63.02,55.89,Mid-Level,3,Beginner,0
C00101,Product Designer,Diploma,Other,0,3,2,2,4,0,6,0.41,7,7.84,27.85,23.71,55.33,19.81,14.54,22.92,19.16,Fresher,6,Not Ready,0
C00102,Mobile App Developer,Master's,Information Technology,13,5,1,0,7,5,6,83.6,6,77.87,78.22,95.82,76.45,75.29,85.89,78.47,80.04,Senior,1,Intermediate,1
C00103,Full Stack Developer,Bachelor's,Software Engineering,2,2,3,1,5,4,7,57.12,8,49.6,30.28,97.19,72.94,71.05,61.79,62.74,56.81,Junior,3,Beginner,0
C00104,Python Developer,Diploma,Information Technology,1,5,5,2,8,3,6,53.68,7,51.13,26.92,82.43,61.53,54.76,60.13,52.02,55.29,Junior,3,Beginner,0
C00105,Python Developer,Bachelor's,Data Science,7,10,5,1,9,4,6,70.4,8,74.74,59.11,84.22,91.98,85.63,71.82,80.03,72.74,Mid-Level,2,Beginner,1
C00106,Machine Learning Engineer,Diploma,Mathematics,3,3,0,0,6,5,6,80.13,4,66.97,40.04,74.71,54.67,69.82,72.51,66.86,60.49,Mid-Level,1,Beginner,0
C00107,Backend Developer,Bachelor's,Software Engineering,8,15,1,1,10,4,6,65.58,9,80.84,66.14,92.58,77.2,74.6,64.21,76.34,67.01,Senior,2,Beginner,0
C00108,Java Developer,Diploma,Computer Science,0,3,2,1,9,3,6,48.37,2,49.76,16.22,79.31,52.37,53.28,45.84,46.88,39.51,Fresher,3,Not Ready,0
C00109,UI/UX Designer,Bachelor's,Computer Science,8,13,1,0,6,5,6,86.39,8,87.53,69.75,73.68,73.79,77.67,79.44,77.48,78.38,Senior,1,Intermediate,0
C00110,Cybersecurity Analyst,Diploma,Information Technology,1,2,2,1,12,4,6,64.83,2,56.45,26.15,80.42,58.29,69.65,58.57,62.87,56.03,Junior,2,Beginner,1
C00111,Full Stack Developer,Bachelor's,Information Technology,5,3,2,0,12,5,7,73.1,10,55.88,50.01,85.3,71.27,67.6,74.47,71.84,57.92,Mid-Level,2,Beginner,1
C00112,Machine Learning Engineer,Bachelor's,Mathematics,2,1,3,0,5,3,6,51.93,7,46.91,33.74,84.45,63.45,58.42,57.92,57.38,45.87,Junior,3,Not Ready,0
C00113,DevOps Engineer,Bachelor's,Software Engineering,11,13,0,1,9,5,6,84.92,2,84.47,79.28,91.51,82.53,91.95,79.92,88.76,77.02,Senior,1,Intermediate,1
C00114,Cloud Engineer,Master's,Information Technology,13,5,3,1,12,5,6,87.12,10,72.63,85.88,98.27,91.43,93.04,90.96,90.22,85.17,Senior,1,Intermediate,1
C00115,Mobile App Developer,Bachelor's,Computer Science,9,11,3,1,9,5,6,82.0,2,81.51,75.32,91.95,86.68,79.67,81.67,80.94,72.77,Senior,1,Beginner,0
C00116,Java Developer,Bachelor's,Software Engineering,1,4,0,1,6,3,6,48.8,8,51.81,26.58,95.19,49.91,46.7,47.82,49.25,46.05,Junior,3,Not Ready,0
C00117,Mobile App Developer,Bachelor's,Software Engineering,10,15,4,1,9,5,6,85.51,2,93.96,80.44,90.18,84.12,87.32,89.22,83.78,87.22,Senior,1,Intermediate,0
C00118,Python Developer,Master's,Information Technology,1,6,5,2,5,3,6,49.86,5,45.11,25.05,97.85,85.35,64.68,55.07,64.18,54.38,Junior,3,Beginner,0
C00119,Backend Developer,Bachelor's,Computer Science,7,3,4,0,8,4,6,68.48,7,52.74,62.74,90.25,70.71,70.45,66.49,73.62,65.43,Mid-Level,2,Beginner,1
C00120,Cybersecurity Analyst,Bachelor's,Computer Science,10,6,3,1,13,5,6,87.85,2,77.29,88.37,93.19,78.65,79.56,87.12,83.56,84.27,Senior,1,Intermediate,0
C00121,Python Developer,Bachelor's,Information Technology,8,6,3,1,13,5,6,81.08,7,80.83,72.3,89.24,73.53,80.04,79.09,78.95,72.52,Senior,1,Beginner,0
C00122,Cybersecurity Analyst,Master's,Computer Science,11,11,1,0,5,4,6,61.9,10,72.1,73.32,100.0,83.71,68.88,67.21,74.6,71.26,Senior,2,Beginner,1
C00123,Mobile App Developer,Bachelor's,Information Technology,8,7,4,0,13,5,6,85.51,7,80.25,68.63,94.91,78.17,86.16,84.82,80.89,74.63,Senior,1,Beginner,1
C00124,Machine Learning Engineer,Master's,Data Science,2,4,3,0,4,3,6,47.27,2,43.68,31.12,95.69,66.08,59.6,48.37,57.71,53.27,Junior,3,Beginner,0
C00125,Data Analyst,Bachelor's,Computer Science,12,7,5,1,6,5,6,85.03,9,85.07,83.84,86.62,94.19,88.14,82.46,88.45,87.5,Senior,1,Intermediate,1
C00126,Java Developer,Bachelor's,Computer Science,3,9,0,1,4,4,6,62.63,3,66.04,37.51,92.56,70.64,70.56,68.51,64.25,56.03,Mid-Level,2,Beginner,0
C00127,UI/UX Designer,PhD,Other,6,8,4,0,3,3,6,53.42,9,52.34,46.52,46.24,97.08,64.93,65.41,67.15,54.63,Mid-Level,3,Beginner,0
C00128,Data Analyst,Bachelor's,Computer Science,2,3,4,2,4,3,6,45.88,2,51.49,28.69,85.54,67.85,53.82,51.28,54.84,53.05,Junior,3,Beginner,0
C00129,Cloud Engineer,PhD,Software Engineering,6,6,2,0,8,4,6,70.97,2,56.2,55.23,100.0,90.05,84.49,77.85,81.4,64.49,Mid-Level,2,Beginner,0
C00130,Java Developer,Bachelor's,Computer Science,3,4,1,1,5,4,6,65.13,5,66.94,42.86,91.41,57.62,67.92,67.85,63.16,60.54,Mid-Level,2,Beginner,1
C00131,UI/UX Designer,Bachelor's,Computer Science,7,6,4,0,3,3,6,46.46,4,46.88,47.99,65.68,75.66,65.55,52.8,63.48,51.29,Mid-Level,3,Beginner,0
C00132,QA Engineer,Bachelor's,Information Technology,3,6,0,1,10,4,6,68.07,2,57.79,41.84,81.2,57.93,57.0,68.85,59.91,50.71,Mid-Level,2,Beginner,0
C00133,Full Stack Developer,Diploma,Software Engineering,7,3,5,1,10,6,7,83.11,10,67.35,63.95,81.21,63.62,78.38,74.83,74.05,78.67,Mid-Level,1,Intermediate,0
C00134,Full Stack Developer,Bachelor's,Information Technology,5,6,3,1,7,5,7,71.7,7,64.96,55.38,86.31,74.7,68.01,70.98,70.02,68.44,Mid-Level,2,Beginner,0
C00135,Python Developer,Master's,Computer Science,3,7,1,1,8,4,6,66.48,9,56.14,42.56,97.6,67.19,67.33,63.77,63.47,56.15,Mid-Level,2,Beginner,0
C00136,Cybersecurity Analyst,Master's,Other,6,9,1,0,10,2,6,29.43,8,40.93,46.16,39.54,74.07,47.1,34.86,47.48,39.59,Mid-Level,4,Not Ready,0
C00137,Frontend Developer,Bachelor's,Information Technology,2,3,2,1,3,3,6,52.85,2,50.77,34.97,94.55,60.55,58.94,53.77,56.31,55.17,Junior,3,Beginner,0
C00138,DevOps Engineer,Master's,Information Technology,12,8,0,0,13,5,6,84.93,2,84.99,84.36,100.0,75.07,81.28,79.46,84.4,78.41,Senior,1,Intermediate,0
C00139,Frontend Developer,Diploma,Computer Science,6,5,1,1,12,4,6,62.39,9,53.97,58.15,75.12,63.3,60.4,60.54,61.86,59.76,Mid-Level,2,Beginner,0
C00140,Full Stack Developer,Bachelor's,Computer Science,0,2,1,3,8,2,7,30.17,6,30.09,10.52,87.65,49.31,45.32,31.96,43.16,34.48,Fresher,5,Not Ready,0
C00141,Backend Developer,Bachelor's,Computer Science,8,15,0,0,12,5,6,86.08,3,88.97,67.99,90.3,84.5,90.23,83.69,87.31,77.35,Senior,1,Intermediate,1
C00142,UI/UX Designer,Master's,Information Technology,14,14,1,0,10,5,6,79.61,10,84.08,78.07,79.28,85.95,81.06,80.28,81.97,78.63,Senior,1,Intermediate,0
C00143,Java Developer,Diploma,Computer Science,1,1,1,2,9,4,6,68.12,9,51.41,33.88,83.16,51.54,68.2,62.33,61.89,55.07,Junior,2,Beginner,0
C00144,Full Stack Developer,Master's,Software Engineering,5,3,2,1,8,5,7,68.2,7,62.36,54.83,100.0,65.69,61.84,64.02,68.51,66.24,Mid-Level,2,Beginner,0
C00145,QA Engineer,Bachelor's,Business,8,15,0,1,13,5,6,83.76,4,88.11,69.64,60.08,78.04,84.49,86.35,78.84,74.56,Senior,1,Beginner,1
C00146,Machine Learning Engineer,Bachelor's,Data Science,12,8,5,1,11,5,6,85.6,4,86.54,82.53,90.99,96.8,85.34,88.39,89.81,84.23,Senior,1,Intermediate,1
C00147,UI/UX Designer,Bachelor's,Information Technology,11,14,2,1,4,4,6,61.72,8,77.51,75.23,60.35,81.24,76.86,64.3,71.24,62.24,Senior,2,Beginner,1
C00148,Machine Learning Engineer,Master's,Other,14,11,1,1,11,3,6,49.49,9,60.05,68.2,48.86,86.26,62.8,58.8,61.77,55.0,Senior,3,Beginner,0
C00149,Data Analyst,Master's,Data Science,7,5,5,1,5,4,6,66.48,7,63.11,60.73,95.65,88.98,76.45,72.01,77.71,71.64,Mid-Level,2,Beginner,0
C00150,Python Developer,Master's,Software Engineering,1,5,4,1,6,3,6,45.59,9,44.85,28.28,100.0,80.62,59.87,51.99,58.65,48.32,Junior,3,Not Ready,0
C00151,Data Scientist,Diploma,Data Science,7,9,3,0,7,4,6,69.02,10,74.81,62.27,89.33,71.74,72.29,72.42,69.25,67.26,Mid-Level,2,Beginner,1
C00152,Product Designer,Bachelor's,Information Technology,0,3,3,1,7,2,6,30.18,7,28.96,10.65,58.35,55.89,45.77,33.05,40.5,30.22,Fresher,4,Not Ready,0
C00153,Full Stack Developer,Bachelor's,Information Technology,12,12,1,1,6,6,7,89.13,8,81.55,84.69,93.03,82.73,80.71,83.66,86.52,79.28,Senior,1,Intermediate,1
C00154,Data Scientist,Master's,Mathematics,9,13,2,1,11,4,6,67.77,3,67.0,72.03,87.51,96.81,72.49,69.15,77.51,65.03,Senior,2,Beginner,0
C00155,Cloud Engineer,Master's,Computer Science,8,11,1,0,7,5,6,85.93,7,82.36,68.17,97.77,84.8,78.01,81.33,84.63,71.64,Senior,1,Beginner,1
C00156,Java Developer,Bachelor's,Information Technology,9,15,4,1,13,5,6,78.55,3,89.29,75.59,94.63,97.49,78.96,81.53,83.11,80.69,Senior,1,Intermediate,0
C00157,Backend Developer,Bachelor's,Software Engineering,6,3,2,1,9,4,6,67.32,3,57.26,56.3,99.72,67.09,61.05,63.79,65.64,59.68,Mid-Level,2,Beginner,0
C00158,Cybersecurity Analyst,Bachelor's,Information Technology,7,3,3,0,5,4,6,70.27,7,61.4,63.37,90.68,74.7,65.35,70.74,71.06,62.49,Mid-Level,2,Beginner,1
C00159,Machine Learning Engineer,Master's,Information Technology,1,3,4,2,4,3,6,49.12,7,46.92,22.46,95.45,73.2,63.65,53.53,56.72,53.22,Junior,3,Beginner,0
C00160,Full Stack Developer,Bachelor's,Computer Science,4,9,1,0,9,5,7,74.0,6,70.95,50.76,87.05,78.57,81.76,72.3,74.61,70.81,Mid-Level,2,Beginner,0
C00161,Mobile App Developer,Diploma,Computer Science,3,5,3,1,11,4,6,70.76,3,61.45,37.04,79.98,63.51,73.01,68.11,67.03,65.45,Mid-Level,2,Beginner,0
C00162,Full Stack Developer,Bachelor's,Computer Science,10,13,3,0,12,6,7,86.49,3,90.22,82.88,92.98,95.64,90.68,84.9,91.11,85.89,Senior,1,Intermediate,1
C00163,Product Designer,Master's,Other,6,9,2,1,6,2,6,38.17,5,34.42,42.44,37.02,89.8,61.29,45.02,57.03,42.15,Mid-Level,4,Not Ready,0
C00164,Python Developer,Master's,Data Science,12,9,3,1,9,5,6,88.0,8,78.85,86.28,99.84,94.65,85.32,93.15,89.49,78.89,Senior,1,Intermediate,1
C00165,UI/UX Designer,Bachelor's,Computer Science,0,0,0,1,6,2,6,37.24,7,1.59,14.69,72.31,55.73,49.74,41.34,46.37,28.18,Fresher,4,Not Ready,0
C00166,Data Scientist,Master's,Computer Science,8,13,4,0,12,5,6,83.28,3,91.42,68.22,93.35,97.39,94.14,82.11,86.71,77.21,Senior,1,Intermediate,0
C00167,Java Developer,Bachelor's,Software Engineering,3,5,3,0,6,4,6,67.88,6,58.47,40.0,98.41,78.67,74.34,66.3,72.12,60.38,Mid-Level,2,Beginner,0
C00168,Mobile App Developer,Diploma,Computer Science,6,3,0,0,9,5,6,80.61,8,76.56,61.03,77.79,56.61,71.21,73.86,67.31,62.66,Mid-Level,1,Beginner,1
C00169,Product Designer,Bachelor's,Other,12,12,4,0,7,4,6,69.33,9,75.95,73.8,31.65,98.52,83.73,75.77,74.8,67.15,Senior,2,Beginner,0
C00170,Cybersecurity Analyst,Master's,Information Technology,9,5,1,1,7,5,6,88.1,5,67.94,74.42,99.23,82.84,92.69,84.85,89.14,75.25,Senior,1,Intermediate,0
C00171,Machine Learning Engineer,Master's,Mathematics,14,15,4,0,8,4,6,71.29,2,76.96,80.38,88.05,93.5,86.14,71.86,84.82,76.14,Senior,2,Intermediate,1
C00172,Cybersecurity Analyst,Bachelor's,Computer Science,12,15,2,0,5,5,6,81.35,8,88.24,79.6,87.97,89.89,77.53,87.08,85.04,78.67,Senior,1,Intermediate,1
C00173,Data Scientist,Master's,Data Science,12,8,5,1,4,4,6,64.06,10,70.05,74.66,95.35,100.0,84.13,71.46,80.16,76.12,Senior,2,Intermediate,1
C00174,DevOps Engineer,Diploma,Computer Science,7,4,0,0,8,5,6,85.03,4,77.94,67.33,78.79,56.78,72.61,77.55,71.19,73.17,Mid-Level,1,Beginner,0
C00175,QA Engineer,Master's,Information Technology,7,6,3,0,10,4,6,67.98,7,63.8,57.85,92.03,83.7,67.93,69.97,72.71,66.45,Mid-Level,2,Beginner,1
C00176,Data Analyst,Bachelor's,Business,8,8,1,0,8,4,6,68.01,5,58.47,64.14,67.54,76.56,64.16,66.12,67.22,65.09,Senior,2,Beginner,0
C00177,Java Developer,Bachelor's,Computer Science,2,1,2,0,7,3,6,47.81,10,36.81,26.09,90.17,52.62,45.24,44.14,47.0,42.27,Junior,3,Not Ready,0
C00178,Full Stack Developer,Bachelor's,Information Technology,0,2,0,1,6,3,7,47.17,4,35.64,25.43,85.87,46.82,44.56,47.18,49.28,40.79,Fresher,4,Not Ready,0
C00179,Cybersecurity Analyst,PhD,Computer Science,15,9,5,1,6,5,6,82.28,10,78.92,86.1,99.11,100.0,91.09,83.92,93.11,87.87,Senior,1,Intermediate,1
C00180,QA Engineer,Diploma,Software Engineering,4,8,0,0,6,3,6,47.58,3,44.95,41.71,76.04,51.83,47.42,47.99,49.78,41.28,Mid-Level,3,Not Ready,0
C00181,Full Stack Developer,Master's,Computer Science,2,3,3,0,9,3,7,41.4,6,45.85,31.48,100.0,69.29,54.06,42.08,56.73,51.84,Junior,4,Beginner,0
C00182,Frontend Developer,Master's,Software Engineering,4,7,1,1,4,4,6,70.69,9,56.9,42.51,100.0,66.69,67.84,67.84,67.6,61.19,Mid-Level,2,Beginner,0
C00183,QA Engineer,Diploma,Software Engineering,8,11,2,1,13,5,6,85.63,8,85.6,74.32,78.46,71.88,82.89,80.63,77.93,79.56,Senior,1,Intermediate,0
C00184,Mobile App Developer,Master's,Electronics,6,9,4,0,5,3,6,54.17,9,52.4,51.7,58.19,87.44,69.09,62.88,67.38,54.38,Mid-Level,3,Beginner,0
C00185,UI/UX Designer,Bachelor's,Design,0,2,2,3,7,3,6,48.46,8,37.47,26.15,90.25,61.19,51.0,46.72,52.57,43.18,Fresher,3,Not Ready,0
C00186,QA Engineer,Bachelor's,Information Technology,3,6,3,1,10,4,6,71.55,3,61.6,37.58,81.88,72.27,64.28,71.75,68.63,58.89,Mid-Level,2,Beginner,0
C00187,Java Developer,Diploma,Information Technology,3,7,2,0,12,4,6,61.9,5,67.93,36.75,79.59,67.4,57.96,67.56,59.17,59.65,Mid-Level,2,Beginner,0
C00188,QA Engineer,Master's,Other,3,8,1,0,3,2,6,37.94,9,36.9,31.51,43.86,75.16,47.3,45.93,49.46,39.32,Mid-Level,4,Not Ready,0
C00189,UI/UX Designer,Bachelor's,Design,12,8,3,1,10,5,6,80.28,6,71.59,78.83,93.42,93.46,86.48,81.39,86.7,73.29,Senior,1,Beginner,0
C00190,UI/UX Designer,Bachelor's,Computer Science,6,8,3,0,6,3,6,54.94,3,58.09,51.82,71.23,81.93,60.96,59.29,61.59,55.58,Mid-Level,3,Beginner,0
C00191,Data Analyst,Bachelor's,Other,9,15,5,0,7,4,6,68.89,8,73.87,67.24,38.7,98.15,74.59,77.68,73.02,70.02,Senior,2,Beginner,0
C00192,Backend Developer,Diploma,Information Technology,4,8,2,1,12,5,6,83.17,2,84.48,48.21,80.89,60.57,69.38,81.27,67.92,68.87,Mid-Level,1,Beginner,0
C00193,Data Scientist,Bachelor's,Mathematics,8,11,2,0,5,5,6,82.41,6,88.41,71.87,77.65,90.3,80.77,80.08,84.04,74.63,Senior,1,Beginner,0
C00194,Data Scientist,Master's,Data Science,10,6,2,1,7,5,6,82.82,8,75.83,86.53,100.0,77.31,80.24,83.59,84.41,80.49,Senior,1,Intermediate,1
C00195,Java Developer,Bachelor's,Information Technology,6,5,4,0,9,5,6,81.12,2,69.54,54.86,94.57,86.47,86.09,85.47,79.87,68.25,Mid-Level,1,Beginner,0
C00196,Cybersecurity Analyst,Master's,Electronics,10,7,4,1,11,4,6,69.2,6,68.14,78.8,81.59,98.03,82.55,70.85,82.35,68.06,Senior,2,Beginner,0
C00197,UI/UX Designer,Bachelor's,Design,10,9,2,1,6,5,6,79.44,4,85.1,76.47,99.48,91.78,84.74,79.91,82.87,77.56,Senior,1,Intermediate,0
C00198,Machine Learning Engineer,Master's,Data Science,4,10,3,0,11,4,6,65.7,2,65.06,42.55,97.32,89.86,82.23,69.58,78.0,62.26,Mid-Level,2,Beginner,1
C00199,Python Developer,Bachelor's,Software Engineering,2,2,0,2,4,4,6,67.7,10,54.06,31.45,96.48,62.22,65.56,66.1,63.75,56.44,Junior,2,Beginner,0
C00200,Java Developer,Bachelor's,Computer Science,9,12,4,1,8,5,6,86.56,3,89.53,78.56,90.53,84.79,90.26,83.92,86.22,80.54,Senior,1,Intermediate,1
C00201,Frontend Developer,Bachelor's,Computer Science,10,12,2,0,10,5,6,81.51,6,76.67,77.15,90.11,82.42,85.18,77.32,84.9,71.21,Senior,1,Beginner,0
C00202,Mobile App Developer,Master's,Information Technology,7,7,1,1,4,4,6,65.27,5,60.16,57.63,100.0,83.62,78.88,68.28,78.05,62.74,Mid-Level,2,Beginner,1
C00203,Java Developer,Diploma,Software Engineering,1,4,2,1,7,3,6,48.88,6,48.12,21.84,87.04,48.17,52.0,50.4,52.04,48.36,Junior,3,Not Ready,0
C00204,Frontend Developer,Master's,Information Technology,7,4,5,1,6,4,6,69.48,9,61.64,59.62,95.48,93.81,79.22,73.68,78.87,66.53,Mid-Level,2,Beginner,1
C00205,Python Developer,Bachelor's,Computer Science,11,14,2,0,7,5,6,82.5,9,91.82,79.24,93.5,88.52,84.46,87.5,83.4,81.17,Senior,1,Intermediate,0
C00206,Backend Developer,Bachelor's,Computer Science,9,10,2,0,13,5,6,85.72,5,78.72,76.95,91.45,87.91,81.78,90.06,83.27,76.0,Senior,1,Intermediate,1
C00207,Java Developer,Diploma,Software Engineering,1,2,4,1,3,3,6,53.35,6,35.24,25.98,83.79,48.81,45.53,51.58,49.16,45.74,Junior,3,Not Ready,0
C00208,Machine Learning Engineer,Bachelor's,Data Science,12,9,3,0,5,5,6,87.97,9,80.47,82.7,96.78,91.88,93.9,88.96,93.38,79.02,Senior,1,Intermediate,1
C00209,Python Developer,Master's,Data Science,5,3,4,0,10,4,6,64.32,6,50.11,52.03,92.93,79.29,67.88,66.03,66.98,59.69,Mid-Level,2,Beginner,0
C00210,Java Developer,PhD,Electronics,2,1,1,2,5,1,6,20.65,2,19.36,24.92,67.8,65.87,35.59,25.35,39.41,25.67,Junior,5,Not Ready,0
C00211,DevOps Engineer,Master's,Information Technology,5,10,2,1,5,3,6,54.58,10,62.08,51.29,100.0,84.21,73.84,56.26,70.04,57.27,Mid-Level,3,Beginner,0
C00212,Data Scientist,Diploma,Information Technology,3,10,1,1,13,5,6,84.12,8,76.02,45.55,73.11,60.71,77.54,77.03,68.81,70.86,Mid-Level,1,Beginner,0
C00213,UI/UX Designer,Bachelor's,Other,4,8,5,1,9,3,6,45.62,5,46.36,40.63,25.08,82.16,54.39,57.51,54.32,42.85,Mid-Level,3,Not Ready,0
C00214,Full Stack Developer,Bachelor's,Computer Science,10,15,2,0,7,5,7,74.5,7,76.5,77.85,90.47,78.7,70.83,74.79,74.99,67.57,Senior,2,Beginner,1
C00215,Backend Developer,PhD,Data Science,15,9,3,1,11,5,6,80.75,5,87.54,85.85,71.97,100.0,91.84,89.41,88.64,77.1,Senior,1,Intermediate,0
C00216,Data Scientist,Bachelor's,Data Science,4,8,0,1,9,4,6,71.48,2,60.38,50.38,97.93,75.1,80.29,72.42,76.93,65.98,Mid-Level,2,Beginner,1
C00217,Full Stack Developer,Bachelor's,Software Engineering,9,5,3,1,8,5,7,72.83,4,67.31,73.24,91.63,84.35,77.42,70.26,75.85,69.94,Senior,2,Beginner,1
C00218,Data Scientist,Bachelor's,Information Technology,4,6,3,0,8,4,6,64.88,6,67.9,40.47,82.29,72.86,60.54,66.29,64.85,55.24,Mid-Level,2,Beginner,0
C00219,UI/UX Designer,Bachelor's,Other,2,2,2,0,8,2,6,28.78,8,33.84,25.97,28.72,66.07,50.39,40.75,43.54,30.91,Junior,4,Not Ready,0
C00220,DevOps Engineer,Bachelor's,Software Engineering,11,11,5,0,11,5,6,84.9,6,79.01,87.39,86.92,88.63,86.49,82.85,84.04,77.82,Senior,1,Intermediate,1
C00221,QA Engineer,Master's,Information Technology,5,10,0,1,12,5,6,84.15,7,80.65,55.41,90.8,81.64,79.67,82.18,81.12,74.92,Mid-Level,1,Beginner,0
C00222,Full Stack Developer,Bachelor's,Software Engineering,3,6,0,0,9,5,7,71.4,2,61.42,38.0,95.91,60.81,72.84,66.35,63.98,55.44,Mid-Level,2,Beginner,1
C00223,Product Designer,Bachelor's,Computer Science,3,3,5,1,4,4,6,70.02,3,55.15,43.52,61.94,76.47,67.03,75.07,66.34,58.06,Mid-Level,2,Beginner,1
C00224,Data Scientist,Diploma,Data Science,8,9,4,1,10,5,6,78.33,5,78.83,65.1,85.23,85.07,76.65,77.72,77.12,70.67,Senior,1,Beginner,0
C00225,Python Developer,Master's,Other,11,9,4,1,5,3,6,51.63,9,57.37,67.46,43.48,92.35,65.12,61.9,68.64,53.52,Senior,3,Beginner,0
C00226,Cybersecurity Analyst,Master's,Business,5,3,0,0,10,3,6,52.54,8,42.79,47.37,60.91,60.26,56.34,56.18,53.48,50.0,Mid-Level,3,Beginner,0
C00227,Product Designer,PhD,Design,11,8,1,0,10,5,6,84.35,4,75.41,85.55,100.0,83.64,84.29,84.3,85.12,82.7,Senior,1,Intermediate,1
C00228,Python Developer,Bachelor's,Data Science,10,7,0,1,11,5,6,87.54,8,80.28,88.01,87.29,71.89,86.19,81.36,82.41,76.92,Senior,1,Intermediate,1
C00229,Cybersecurity Analyst,Master's,Electronics,2,6,1,2,4,3,6,50.62,2,56.15,30.44,79.96,64.61,60.8,55.76,55.87,44.06,Junior,3,Not Ready,0
C00230,Frontend Developer,Diploma,Software Engineering,6,7,5,0,7,5,6,82.71,10,72.93,63.47,87.05,75.24,87.2,76.73,79.54,78.41,Mid-Level,1,Intermediate,0
C00231,Cloud Engineer,Bachelor's,Software Engineering,1,5,3,0,11,3,6,48.97,4,41.61,23.39,93.65,64.96,52.0,55.88,55.39,49.74,Junior,3,Not Ready,0
C00232,Backend Developer,Bachelor's,Software Engineering,9,8,4,1,11,5,6,87.39,8,70.86,74.22,96.74,88.28,84.35,85.64,84.93,80.23,Senior,1,Intermediate,1
C00233,Backend Developer,Master's,Information Technology,14,13,0,0,5,4,6,69.5,2,69.41,78.13,99.33,82.32,67.54,70.81,79.16,69.37,Senior,2,Beginner,1
C00234,Java Developer,Bachelor's,Computer Science,0,1,1,0,3,2,6,35.84,8,21.79,16.91,87.78,53.41,50.56,35.03,46.38,32.56,Fresher,4,Not Ready,0
C00235,Java Developer,Diploma,Information Technology,8,15,5,1,5,5,6,85.38,8,85.43,71.27,78.47,78.23,77.8,83.78,77.5,76.07,Senior,1,Intermediate,1
C00236,Data Scientist,PhD,Information Technology,3,9,5,0,7,4,6,62.42,7,74.06,34.9,92.97,94.58,77.27,70.34,71.71,58.85,Mid-Level,2,Beginner,0
C00237,QA Engineer,Bachelor's,Software Engineering,5,4,3,0,5,4,6,67.77,4,56.34,51.31,82.71,78.36,79.15,65.94,70.21,67.63,Mid-Level,2,Beginner,1
C00238,UI/UX Designer,Master's,Design,9,15,3,0,5,5,6,85.34,2,89.55,73.0,99.08,93.83,84.79,86.54,89.59,79.25,Senior,1,Intermediate,0
C00239,Cybersecurity Analyst,Bachelor's,Electronics,5,5,5,1,10,4,6,62.69,10,52.97,44.73,69.34,83.97,77.83,66.28,68.32,59.65,Mid-Level,2,Beginner,0
C00240,Cybersecurity Analyst,Diploma,Electronics,2,1,5,0,9,3,6,51.38,6,37.37,27.7,62.14,54.69,58.74,54.43,48.65,45.07,Junior,3,Not Ready,0
C00241,Data Scientist,Bachelor's,Data Science,0,3,2,0,3,2,6,32.92,8,34.89,26.82,96.07,53.8,48.5,40.48,49.27,43.59,Fresher,4,Not Ready,0
C00242,Product Designer,Bachelor's,Design,5,3,4,0,4,4,6,69.1,9,61.64,46.41,95.21,71.94,76.96,70.51,71.21,63.01,Mid-Level,2,Beginner,1
C00243,UI/UX Designer,Master's,Information Technology,1,5,0,2,6,3,6,49.54,4,49.58,28.97,72.48,62.84,53.94,53.7,55.79,40.08,Junior,3,Not Ready,0
C00244,UI/UX Designer,Bachelor's,Computer Science,2,2,0,1,2,2,6,31.34,3,29.71,27.49,65.56,62.83,37.63,40.29,43.09,34.11,Junior,4,Not Ready,0
C00245,Java Developer,Bachelor's,Computer Science,6,7,0,1,9,4,6,63.52,10,66.46,57.1,93.82,72.46,60.87,63.2,66.02,57.46,Mid-Level,2,Beginner,1
C00246,Full Stack Developer,Bachelor's,Information Technology,9,12,5,1,12,6,7,89.0,6,91.2,83.52,88.08,100.0,90.63,89.74,91.28,89.9,Senior,1,Intermediate,1
C00247,UI/UX Designer,Diploma,Computer Science,1,2,1,0,3,3,6,50.03,9,38.1,28.78,63.59,52.91,56.92,53.09,50.28,44.48,Junior,3,Not Ready,0
C00248,UI/UX Designer,Bachelor's,Design,3,7,2,1,4,4,6,63.96,4,57.71,34.37,91.65,74.5,71.9,66.22,64.88,53.51,Mid-Level,2,Beginner,0
C00249,DevOps Engineer,Bachelor's,Electronics,12,6,2,1,3,3,6,48.54,5,42.69,67.04,47.22,81.72,57.74,50.76,61.13,48.1,Senior,3,Not Ready,0
C00250,Cloud Engineer,PhD,Software Engineering,2,6,2,0,11,3,6,49.16,4,47.86,33.29,100.0,81.23,56.74,55.57,61.25,53.8,Junior,3,Beginner,0
C00251,Frontend Developer,Bachelor's,Computer Science,12,15,1,0,9,5,6,79.51,6,84.06,82.7,86.43,78.3,77.29,83.22,78.05,75.32,Senior,1,Intermediate,1
C00252,Mobile App Developer,Diploma,Electronics,5,5,3,0,4,2,6,33.08,8,35.14,41.81,41.28,60.05,36.03,40.71,42.9,40.45,Mid-Level,4,Not Ready,0
C00253,QA Engineer,Master's,Software Engineering,4,6,3,1,8,4,6,69.58,10,61.55,49.34,91.83,85.12,75.26,68.45,73.4,67.48,Mid-Level,2,Beginner,0
C00254,Cybersecurity Analyst,Bachelor's,Computer Science,10,6,2,1,12,5,6,82.23,5,76.33,77.67,94.68,82.37,75.47,81.01,82.96,74.78,Senior,1,Beginner,1
C00255,Mobile App Developer,Bachelor's,Information Technology,4,6,3,0,9,4,6,65.17,10,60.29,43.29,85.69,73.43,72.04,68.39,68.97,55.71,Mid-Level,2,Beginner,0
C00256,Full Stack Developer,Bachelor's,Information Technology,1,3,5,0,5,3,7,45.9,2,43.15,21.93,90.48,75.26,58.99,54.59,58.89,51.56,Junior,4,Beginner,0
C00257,Full Stack Developer,Diploma,Software Engineering,0,3,0,1,5,3,7,45.28,5,33.5,32.26,81.95,48.5,53.1,48.51,50.34,43.76,Fresher,4,Not Ready,0
C00258,Python Developer,Bachelor's,Software Engineering,4,7,1,1,8,4,6,66.41,6,67.3,41.95,92.71,66.52,62.32,63.58,63.92,63.1,Mid-Level,2,Beginner,0
C00259,DevOps Engineer,Bachelor's,Computer Science,10,8,2,1,8,5,6,82.16,3,83.82,84.94,86.6,79.35,84.11,79.24,85.44,79.85,Senior,1,Intermediate,1
C00260,Cloud Engineer,Bachelor's,Computer Science,5,3,5,0,6,4,6,63.85,6,59.36,50.78,82.65,82.04,75.58,70.1,69.37,59.7,Mid-Level,2,Beginner,1
C00261,Mobile App Developer,Bachelor's,Information Technology,8,11,2,1,9,4,6,64.26,6,62.37,61.5,93.79,83.92,64.75,69.86,70.77,67.0,Senior,2,Beginner,0
C00262,Frontend Developer,Bachelor's,Electronics,12,12,3,1,11,4,6,69.92,9,76.85,77.23,47.49,82.08,68.3,77.34,70.37,69.43,Senior,2,Beginner,1
C00263,Frontend Developer,Master's,Other,12,8,0,0,4,3,6,45.4,2,50.58,60.66,36.3,79.77,63.69,52.94,58.82,49.07,Senior,3,Not Ready,0
C00264,UI/UX Designer,Diploma,Information Technology,8,8,0,1,6,5,6,85.96,8,71.29,73.72,58.37,65.01,79.57,85.41,75.05,70.81,Senior,1,Beginner,1
C00265,Data Scientist,Master's,Computer Science,7,4,5,1,8,4,6,65.56,9,55.0,63.88,95.97,93.37,74.15,71.4,75.72,72.37,Mid-Level,2,Beginner,0
C00266,Frontend Developer,Bachelor's,Electronics,2,1,2,0,10,2,6,34.26,3,21.02,29.94,49.55,63.34,43.87,44.5,42.82,33.96,Junior,4,Not Ready,0
C00267,Product Designer,Bachelor's,Information Technology,1,1,0,0,2,2,6,29.9,5,30.34,20.17,60.99,56.28,39.73,36.85,42.63,27.31,Junior,4,Not Ready,0
C00268,Frontend Developer,Master's,Software Engineering,10,11,4,1,8,5,6,86.71,7,88.01,84.38,100.0,96.82,89.19,85.27,91.27,82.24,Senior,1,Intermediate,1
C00269,Full Stack Developer,Bachelor's,Software Engineering,8,6,0,0,10,6,7,81.23,3,70.08,66.53,94.23,72.71,83.92,83.36,79.82,68.31,Senior,1,Beginner,0
C00270,Product Designer,Master's,Design,4,5,2,0,12,5,6,81.2,5,79.01,44.22,100.0,80.86,83.02,85.86,77.69,73.98,Mid-Level,1,Beginner,0
C00271,Java Developer,Bachelor's,Computer Science,1,6,4,2,4,4,6,69.84,9,67.97,26.42,94.38,70.67,63.31,67.11,62.73,60.06,Junior,2,Beginner,0
C00272,Data Analyst,Diploma,Data Science,8,10,0,1,5,4,6,71.4,7,72.48,66.24,89.68,63.45,72.99,68.07,69.66,63.78,Senior,2,Beginner,1
C00273,Data Scientist,Bachelor's,Computer Science,9,7,0,1,6,5,6,78.96,10,72.53,71.63,88.09,71.48,81.8,74.01,75.11,70.82,Senior,1,Beginner,1
C00274,Cloud Engineer,Bachelor's,Software Engineering,10,14,0,0,9,4,6,67.47,9,73.42,76.6,86.44,76.38,70.84,65.08,73.57,64.91,Senior,2,Beginner,1
C00275,Backend Developer,Diploma,Information Technology,3,6,4,0,11,4,6,68.92,6,63.52,43.31,81.67,71.3,66.89,69.77,68.48,66.96,Mid-Level,2,Beginner,0
C00276,Frontend Developer,Bachelor's,Computer Science,12,6,0,1,13,5,6,85.75,5,75.55,86.97,89.83,71.78,85.92,82.02,81.86,76.86,Senior,1,Intermediate,1
C00277,Data Scientist,Diploma,Data Science,4,10,4,1,8,5,6,80.09,9,82.75,48.52,85.79,75.32,73.86,79.66,72.41,72.42,Mid-Level,1,Beginner,0
C00278,UI/UX Designer,Bachelor's,Design,5,5,4,1,9,4,6,63.85,9,55.76,47.01,98.26,83.83,79.36,68.56,71.5,62.4,Mid-Level,2,Beginner,0
C00279,Full Stack Developer,Bachelor's,Computer Science,7,5,0,1,11,5,7,74.88,6,69.38,64.68,86.75,63.53,65.83,76.35,67.94,62.99,Mid-Level,2,Beginner,1
C00280,Frontend Developer,Master's,Electronics,2,2,5,1,2,2,6,35.84,4,24.1,27.04,59.58,69.5,49.08,46.78,45.86,37.01,Junior,4,Not Ready,0
C00281,Data Scientist,Bachelor's,Other,12,5,1,1,9,3,6,49.66,7,51.67,67.22,31.54,74.38,61.1,59.6,61.14,49.39,Senior,3,Not Ready,1
C00282,Machine Learning Engineer,Bachelor's,Data Science,7,6,2,1,9,4,6,65.07,2,62.5,63.53,96.15,75.66,69.33,62.69,68.87,65.13,Mid-Level,2,Beginner,0
C00283,Data Analyst,Master's,Data Science,5,10,0,1,4,3,6,49.49,2,50.8,47.09,95.5,71.29,59.94,51.66,59.83,50.22,Mid-Level,3,Beginner,1
C00284,Python Developer,Bachelor's,Data Science,3,3,3,1,9,4,6,69.39,4,53.62,41.31,86.77,74.87,69.78,66.15,65.5,63.54,Mid-Level,2,Beginner,0
C00285,Python Developer,Master's,Information Technology,2,5,1,1,8,3,6,45.3,7,54.88,34.85,100.0,64.75,54.86,50.98,55.36,52.5,Junior,3,Beginner,0
C00286,Data Analyst,Master's,Business,8,11,1,1,12,4,6,64.48,7,77.25,66.31,75.1,88.3,75.97,74.15,73.52,63.5,Senior,2,Beginner,1
C00287,Machine Learning Engineer,Bachelor's,Computer Science,7,4,4,0,5,4,6,70.01,10,66.3,59.93,86.86,85.36,69.14,69.01,71.78,67.94,Mid-Level,2,Beginner,1
C00288,Mobile App Developer,PhD,Information Technology,9,14,4,1,10,5,6,80.8,6,86.2,78.45,100.0,100.0,89.73,88.68,91.3,83.89,Senior,1,Intermediate,0
C00289,QA Engineer,Diploma,Computer Science,0,1,0,0,7,2,6,32.45,10,26.61,32.39,68.85,48.05,35.71,37.48,39.42,30.35,Fresher,4,Not Ready,0
C00290,Cloud Engineer,Bachelor's,Information Technology,3,8,5,1,9,5,6,79.53,9,82.43,40.97,90.31,81.39,77.07,80.86,74.28,67.65,Mid-Level,1,Beginner,1
C00291,UI/UX Designer,Bachelor's,Other,12,5,1,1,11,3,6,52.33,3,50.04,71.76,34.32,76.57,64.54,61.16,61.95,50.94,Senior,3,Beginner,1
C00292,Mobile App Developer,Master's,Electronics,2,6,4,2,5,1,6,17.44,5,21.76,29.47,56.19,74.44,33.31,29.78,42.77,25.33,Junior,5,Not Ready,0
C00293,Frontend Developer,Bachelor's,Computer Science,0,1,2,0,2,2,6,34.01,2,24.91,30.47,94.38,65.24,42.66,44.96,49.07,37.35,Fresher,4,Not Ready,0
C00294,UI/UX Designer,Diploma,Information Technology,1,2,2,2,6,3,6,47.27,7,44.82,27.28,52.53,48.25,52.83,50.67,46.3,41.05,Junior,3,Not Ready,0
C00295,Data Scientist,Master's,Computer Science,7,3,1,1,6,4,6,62.51,9,57.3,61.91,94.82,68.54,63.02,66.8,69.23,59.51,Mid-Level,2,Beginner,0
C00296,UI/UX Designer,Bachelor's,Other,11,9,5,0,3,3,6,54.34,8,56.44,64.78,30.32,93.11,68.37,58.7,67.64,61.72,Senior,3,Beginner,1
C00297,Data Analyst,Master's,Data Science,9,15,4,0,9,5,6,79.5,10,88.47,77.01,100.0,88.73,80.86,81.85,83.24,82.99,Senior,1,Intermediate,1
C00298,UI/UX Designer,Bachelor's,Computer Science,11,11,0,1,9,4,6,62.73,9,67.51,74.98,69.13,82.53,63.77,65.64,68.51,57.99,Senior,2,Beginner,1
C00299,Python Developer,Diploma,Information Technology,5,8,5,0,11,4,6,70.46,6,66.25,51.16,77.31,78.2,80.89,69.21,75.11,71.51,Mid-Level,2,Beginner,1
C00300,Machine Learning Engineer,Bachelor's,Information Technology,10,8,3,0,13,5,6,85.86,5,79.17,82.92,86.77,89.7,92.59,83.09,90.15,81.18,Senior,1,Intermediate,1
C00301,Machine Learning Engineer,Bachelor's,Computer Science,11,10,5,0,12,5,6,80.85,6,87.17,81.52,89.84,91.94,86.45,81.32,83.26,79.31,Senior,1,Intermediate,1
C00302,Cloud Engineer,PhD,Other,13,8,4,0,6,3,6,52.28,3,49.53,71.58,46.71,100.0,69.77,64.66,69.52,62.47,Senior,3,Beginner,0
C00303,Product Designer,Bachelor's,Information Technology,1,4,2,2,6,3,6,46.2,5,53.02,27.54,56.81,59.06,48.26,49.24,47.7,39.85,Junior,3,Not Ready,0
C00304,UI/UX Designer,Bachelor's,Information Technology,10,14,0,1,6,5,6,79.17,9,84.96,75.79,61.0,82.59,82.18,76.49,76.86,66.32,Senior,1,Beginner,1
C00305,Cloud Engineer,PhD,Computer Science,12,8,3,0,12,5,6,87.02,7,85.49,79.66,99.2,88.63,88.85,86.27,85.16,82.94,Senior,1,Intermediate,1
C00306,Python Developer,Master's,Information Technology,5,8,0,1,4,3,6,50.88,5,50.36,45.71,100.0,70.9,62.24,52.6,65.29,51.04,Mid-Level,3,Beginner,0
C00307,Python Developer,Diploma,Information Technology,0,3,0,1,7,3,6,53.06,4,40.09,30.43,77.26,51.39,45.91,52.22,48.9,47.34,Fresher,3,Not Ready,0
C00308,Data Scientist,Bachelor's,Mathematics,0,0,0,2,1,1,6,16.59,5,8.84,19.86,73.34,50.48,24.73,24.09,35.1,24.92,Fresher,5,Not Ready,0
C00309,Python Developer,Diploma,Information Technology,6,5,4,1,6,4,6,65.75,2,63.71,50.04,75.57,66.77,69.31,62.89,66.37,59.84,Mid-Level,2,Beginner,1
C00310,Data Analyst,Master's,Computer Science,8,5,0,0,9,5,6,82.45,8,70.02,74.41,96.72,77.27,85.57,80.38,80.09,76.01,Senior,1,Intermediate,1
C00311,Frontend Developer,Bachelor's,Information Technology,1,3,5,0,5,3,6,54.93,10,39.0,32.66,94.88,75.7,65.79,59.86,65.69,52.11,Junior,3,Beginner,0
C00312,Backend Developer,Bachelor's,Information Technology,2,5,5,0,9,3,6,48.3,7,48.53,28.16,93.51,82.45,64.99,58.37,62.85,55.3,Junior,3,Beginner,0
C00313,Cybersecurity Analyst,Master's,Computer Science,4,9,5,1,10,5,6,88.25,9,76.87,53.48,97.1,85.55,93.02,83.74,82.19,83.16,Mid-Level,1,Intermediate,1
C00314,Mobile App Developer,Master's,Information Technology,8,14,1,0,13,5,6,84.28,3,88.32,72.62,100.0,83.86,80.53,86.88,81.42,79.06,Senior,1,Intermediate,0
C00315,Backend Developer,Bachelor's,Software Engineering,4,9,4,0,4,4,6,62.27,2,60.93,47.31,96.06,74.22,70.79,63.07,68.39,66.79,Mid-Level,2,Beginner,0
C00316,QA Engineer,Bachelor's,Computer Science,4,3,4,0,10,3,6,47.59,10,36.95,39.11,76.31,73.27,52.65,50.68,57.86,52.82,Mid-Level,3,Beginner,0
C00317,QA Engineer,Master's,Software Engineering,5,6,3,0,8,4,6,66.67,5,55.44,51.01,90.9,77.96,77.86,67.99,70.22,65.44,Mid-Level,2,Beginner,0
C00318,Cybersecurity Analyst,Bachelor's,Electronics,4,5,5,0,5,4,6,69.59,6,63.66,50.25,71.8,75.23,63.86,68.44,65.2,64.85,Mid-Level,2,Beginner,1
C00319,Python Developer,Bachelor's,Computer Science,8,12,4,0,7,5,6,81.57,3,87.31,69.24,90.57,83.15,75.71,85.2,82.06,78.33,Senior,1,Intermediate,1
C00320,Java Developer,Bachelor's,Software Engineering,1,6,4,0,8,4,6,62.85,4,54.33,27.88,97.12,68.57,57.34,64.4,63.19,60.47,Junior,2,Beginner,0
C00321,Frontend Developer,Bachelor's,Computer Science,12,5,2,1,9,5,6,82.13,2,75.88,79.36,88.89,72.02,75.13,76.08,76.17,79.93,Senior,1,Intermediate,0
C00322,Machine Learning Engineer,Bachelor's,Mathematics,4,5,4,0,7,5,6,84.16,4,79.17,47.78,78.27,73.94,82.83,83.94,74.12,68.26,Mid-Level,1,Beginner,1
C00323,Frontend Developer,Diploma,Software Engineering,8,10,3,0,6,5,6,85.34,10,85.72,72.28,88.73,79.68,84.98,81.07,79.37,76.38,Senior,1,Intermediate,1
C00324,Java Developer,Bachelor's,Electronics,0,1,1,1,5,0,6,0.0,2,8.92,21.96,46.08,55.87,23.01,7.03,24.96,11.84,Fresher,6,Not Ready,0
C00325,QA Engineer,Bachelor's,Information Technology,6,5,4,0,9,4,6,69.87,9,53.5,57.95,79.98,74.54,68.66,71.94,72.34,66.97,Mid-Level,2,Beginner,1
C00326,QA Engineer,Master's,Information Technology,13,13,0,0,9,5,6,83.0,3,81.21,82.91,92.02,82.74,89.47,78.15,84.33,72.85,Senior,1,Beginner,1
C00327,Data Scientist,Master's,Computer Science,5,5,3,0,7,4,6,65.63,4,64.93,48.81,94.54,85.96,69.77,65.9,72.62,67.8,Mid-Level,2,Beginner,0
C00328,Data Scientist,Diploma,Computer Science,3,9,3,1,10,4,6,63.29,4,69.36,38.71,79.98,64.68,62.25,59.72,63.66,57.62,Mid-Level,2,Beginner,0
C00329,Java Developer,Bachelor's,Information Technology,10,15,1,0,7,5,6,78.95,3,91.69,82.01,94.41,90.27,77.9,80.99,84.13,77.78,Senior,1,Intermediate,0
C00330,Java Developer,Bachelor's,Computer Science,5,4,2,0,4,4,6,63.29,5,63.08,44.57,87.09,70.34,67.63,68.42,66.17,57.67,Mid-Level,2,Beginner,0
C00331,QA Engineer,Bachelor's,Computer Science,4,10,1,0,10,4,6,70.75,5,66.67,42.54,72.96,68.42,68.74,71.24,63.14,63.74,Mid-Level,2,Beginner,0
C00332,Data Scientist,Bachelor's,Mathematics,10,15,0,1,8,4,6,66.44,10,75.41,77.73,78.29,76.43,77.49,64.68,76.83,71.95,Senior,2,Beginner,1
C00333,QA Engineer,Master's,Computer Science,7,4,0,1,5,3,6,50.16,5,47.29,55.78,89.36,71.2,63.53,58.88,60.66,57.59,Mid-Level,3,Beginner,0
C00334,Full Stack Developer,Master's,Computer Science,9,6,3,1,11,5,7,70.83,5,68.45,67.29,98.81,88.09,84.17,73.11,79.05,70.91,Senior,2,Beginner,1
C00335,Mobile App Developer,Master's,Electronics,4,8,5,0,5,3,6,48.53,7,56.8,43.36,60.55,90.1,69.71,57.83,64.13,58.84,Mid-Level,3,Beginner,1
C00336,Machine Learning Engineer,Bachelor's,Data Science,6,10,5,0,6,4,6,67.38,4,63.29,56.28,90.6,93.22,78.09,69.82,78.17,63.54,Mid-Level,2,Beginner,1
C00337,Data Analyst,Bachelor's,Data Science,1,6,0,2,7,3,6,48.87,4,41.82,26.91,93.98,60.23,51.54,54.53,51.47,44.5,Junior,3,Not Ready,0
C00338,Cybersecurity Analyst,Diploma,Electronics,6,9,5,1,8,4,6,70.45,4,67.76,51.73,64.6,71.07,63.4,67.42,65.7,65.07,Mid-Level,2,Beginner,0
C00339,Product Designer,Master's,Business,14,10,1,1,8,4,6,62.44,10,63.05,69.33,76.27,88.3,68.72,66.19,75.83,63.83,Senior,2,Beginner,1
C00340,Cybersecurity Analyst,Diploma,Information Technology,1,2,3,1,5,3,6,45.77,2,35.07,27.66,86.7,52.07,48.12,46.18,46.45,42.76,Junior,3,Not Ready,0
C00341,Cybersecurity Analyst,Diploma,Other,8,6,5,1,7,4,6,68.95,4,59.38,63.26,18.93,69.55,64.06,72.05,63.09,60.22,Senior,2,Beginner,0
C00342,Data Scientist,Master's,Data Science,5,9,5,1,10,4,6,65.17,4,71.35,46.96,100.0,96.99,83.19,68.78,77.77,67.22,Mid-Level,2,Beginner,1
C00343,Java Developer,Bachelor's,Electronics,3,3,4,0,4,2,6,35.64,10,29.89,35.88,50.78,75.87,57.59,39.28,53.89,37.47,Mid-Level,4,Not Ready,0
C00344,QA Engineer,Bachelor's,Information Technology,12,10,1,1,5,5,6,88.3,10,75.83,83.69,81.75,77.13,78.37,90.56,83.96,80.6,Senior,1,Intermediate,0
C00345,Cloud Engineer,Bachelor's,Information Technology,11,5,1,1,8,5,6,83.17,4,72.86,83.36,88.58,76.71,75.17,81.6,80.45,75.39,Senior,1,Intermediate,1
C00346,Machine Learning Engineer,Master's,Data Science,3,5,2,1,11,4,6,69.47,9,61.86,42.62,97.61,74.08,76.05,72.74,71.71,62.69,Mid-Level,2,Beginner,0
C00347,Mobile App Developer,Bachelor's,Information Technology,0,3,2,0,3,3,6,50.14,5,41.11,22.41,85.06,57.07,56.66,46.76,53.34,50.11,Fresher,3,Beginner,0
C00348,Python Developer,Bachelor's,Computer Science,11,12,1,1,5,5,6,83.84,4,83.18,86.69,90.21,78.14,73.92,86.32,81.46,80.98,Senior,1,Intermediate,0
C00349,Full Stack Developer,Master's,Information Technology,5,5,4,0,8,5,7,75.56,10,65.8,50.36,96.81,77.18,72.16,73.95,73.79,68.99,Mid-Level,2,Beginner,0
C00350,Backend Developer,Bachelor's,Computer Science,5,3,3,0,12,4,6,63.38,4,58.12,46.85,87.14,69.41,70.78,59.73,67.53,62.12,Mid-Level,2,Beginner,1
C00351,Cloud Engineer,Master's,Computer Science,9,12,4,1,9,4,6,70.53,8,70.67,73.25,95.65,98.37,88.57,81.07,86.24,72.13,Senior,2,Beginner,1
C00352,UI/UX Designer,Diploma,Design,0,1,1,2,7,3,6,47.56,7,37.03,31.48,81.38,44.5,49.14,44.34,49.71,46.23,Fresher,3,Not Ready,0
C00353,UI/UX Designer,Bachelor's,Design,0,3,2,0,4,3,6,51.46,9,51.45,29.55,93.03,64.75,59.84,58.77,57.11,46.65,Fresher,3,Not Ready,0
C00354,Frontend Developer,Master's,Software Engineering,3,5,5,0,7,4,6,66.71,10,57.83,41.46,99.27,85.92,70.11,69.61,70.45,60.41,Mid-Level,2,Beginner,0
C00355,UI/UX Designer,Master's,Computer Science,11,9,2,0,12,5,6,87.3,4,85.7,88.85,76.83,87.53,84.82,82.97,85.84,76.31,Senior,1,Intermediate,1
C00356,Python Developer,Bachelor's,Data Science,12,8,1,1,11,5,6,81.36,4,84.41,84.26,88.57,74.35,81.6,84.41,81.92,75.33,Senior,1,Intermediate,0
C00357,Data Scientist,Bachelor's,Information Technology,3,6,0,0,8,4,6,64.79,3,67.17,35.92,83.61,70.74,64.43,67.6,65.25,58.84,Mid-Level,2,Beginner,1
C00358,Frontend Developer,Bachelor's,Electronics,8,10,2,0,7,3,6,52.05,4,58.87,56.82,51.78,88.97,61.52,54.97,65.64,52.97,Senior,3,Beginner,0
C00359,Mobile App Developer,Bachelor's,Computer Science,1,2,1,1,7,4,6,67.16,6,51.36,30.2,92.2,59.17,63.34,68.85,63.14,56.71,Junior,2,Beginner,0
C00360,Python Developer,Master's,Software Engineering,8,11,5,1,8,5,6,81.96,9,89.24,67.09,100.0,95.52,93.57,80.15,90.6,83.22,Senior,1,Intermediate,1
C00361,Backend Developer,Bachelor's,Information Technology,0,1,2,3,11,3,6,47.98,7,45.91,13.48,88.93,49.67,49.37,53.08,46.89,41.85,Fresher,3,Not Ready,0
C00362,UI/UX Designer,Bachelor's,Computer Science,3,9,0,0,12,4,6,66.72,9,66.96,44.84,66.38,64.0,58.81,67.81,61.32,54.64,Mid-Level,2,Beginner,0
C00363,Data Analyst,Master's,Data Science,5,4,5,1,11,5,6,84.82,4,71.37,53.01,99.58,87.53,86.11,83.57,83.1,80.59,Mid-Level,1,Intermediate,1
C00364,Data Analyst,Master's,Computer Science,5,9,1,1,3,3,6,47.04,4,52.2,39.11,92.2,85.64,67.98,57.18,63.26,47.39,Mid-Level,3,Not Ready,0
C00365,DevOps Engineer,Master's,Other,13,7,2,1,7,3,6,46.19,7,50.7,64.53,38.49,88.44,66.59,50.75,61.05,56.15,Senior,3,Beginner,0
C00366,Frontend Developer,Diploma,Computer Science,7,6,0,1,7,3,6,48.92,8,53.84,53.05,78.41,62.31,54.42,55.21,59.41,45.46,Mid-Level,3,Not Ready,0
C00367,Product Designer,Bachelor's,Other,1,6,3,0,2,2,6,38.2,4,39.74,25.26,27.49,77.37,59.59,42.01,51.57,36.62,Junior,4,Not Ready,0
C00368,QA Engineer,Bachelor's,Information Technology,1,4,0,1,6,4,6,65.04,2,64.57,27.79,75.01,53.36,56.1,58.39,53.42,52.23,Junior,2,Beginner,0
C00369,Python Developer,Bachelor's,Information Technology,9,9,3,1,7,5,6,87.39,5,80.05,74.77,88.3,93.25,82.7,86.54,84.67,76.62,Senior,1,Intermediate,0
C00370,Python Developer,Master's,Computer Science,5,4,3,1,5,4,6,62.91,6,52.46,45.77,100.0,82.64,71.51,62.63,73.86,58.09,Mid-Level,2,Beginner,0
C00371,Machine Learning Engineer,Bachelor's,Mathematics,11,7,5,1,12,4,6,66.78,6,68.14,79.15,84.35,95.61,84.53,69.54,80.74,71.09,Senior,2,Beginner,0
C00372,Mobile App Developer,Bachelor's,Software Engineering,5,9,2,0,8,4,6,68.58,6,61.51,50.61,93.1,81.74,77.68,72.67,71.84,64.35,Mid-Level,2,Beginner,0
C00373,Python Developer,Bachelor's,Information Technology,8,8,2,0,5,4,6,64.41,2,72.62,62.64,94.54,72.69,62.59,64.99,71.46,61.0,Senior,2,Beginner,1
C00374,Machine Learning Engineer,Diploma,Other,0,1,3,0,7,1,6,19.42,9,12.31,14.8,26.28,44.84,36.59,28.68,32.39,24.0,Fresher,5,Not Ready,0
C00375,Full Stack Developer,Diploma,Information Technology,7,9,0,1,5,5,7,72.79,4,68.34,63.17,76.49,69.03,69.4,68.36,68.11,61.15,Mid-Level,2,Beginner,1
C00376,Java Developer,Bachelor's,Software Engineering,5,7,3,0,10,4,6,65.29,4,69.02,49.28,92.04,81.82,66.78,64.69,72.37,61.45,Mid-Level,2,Beginner,0
C00377,Data Scientist,Diploma,Information Technology,6,7,3,1,6,4,6,62.22,3,65.59,52.4,67.41,61.79,56.4,60.12,57.24,62.3,Mid-Level,2,Beginner,0
C00378,QA Engineer,Bachelor's,Computer Science,1,2,3,0,2,2,6,37.59,4,24.25,21.82,79.66,67.37,50.25,47.39,50.37,39.13,Junior,4,Not Ready,0
C00379,Cybersecurity Analyst,Bachelor's,Other,7,10,4,0,10,2,6,32.05,9,45.82,52.06,28.39,91.31,57.31,47.71,53.11,40.91,Mid-Level,4,Not Ready,0
C00380,Machine Learning Engineer,Bachelor's,Mathematics,3,7,2,0,12,5,6,82.57,7,74.64,43.27,84.62,70.82,75.5,84.32,72.59,70.03,Mid-Level,1,Beginner,0
C00381,Frontend Developer,Bachelor's,Information Technology,8,5,5,1,11,5,6,81.97,2,78.87,72.2,94.41,88.37,89.41,86.7,84.58,75.22,Senior,1,Intermediate,1
C00382,Product Designer,Bachelor's,Computer Science,2,5,0,1,7,3,6,48.57,9,49.66,33.69,56.86,61.23,48.9,49.02,51.91,42.61,Junior,3,Not Ready,0
C00383,Product Designer,PhD,Business,11,9,0,1,12,5,6,82.6,3,79.77,82.42,88.98,91.82,82.32,83.91,83.19,72.54,Senior,1,Beginner,0
C00384,QA Engineer,Diploma,Other,2,6,2,0,2,1,6,18.3,8,27.76,21.37,25.51,61.65,37.24,29.28,36.67,29.82,Junior,5,Not Ready,0
C00385,Cloud Engineer,Bachelor's,Software Engineering,9,11,0,1,7,4,6,70.64,8,63.74,74.83,88.28,80.06,72.71,72.26,78.03,64.85,Senior,2,Beginner,0
C00386,Data Scientist,Diploma,Mathematics,2,6,4,2,3,3,6,46.82,10,47.89,32.9,61.65,64.57,56.08,47.33,51.24,42.8,Junior,3,Not Ready,0
C00387,Data Scientist,Bachelor's,Mathematics,4,3,2,1,4,4,6,66.02,3,65.08,49.13,77.19,66.94,62.53,61.73,65.32,55.71,Mid-Level,2,Beginner,0
C00388,UI/UX Designer,Bachelor's,Computer Science,4,10,4,1,6,4,6,63.33,6,66.41,48.8,71.17,86.64,79.42,70.61,72.33,59.67,Mid-Level,2,Beginner,1
C00389,Cybersecurity Analyst,Bachelor's,Electronics,4,7,3,0,10,4,6,66.95,9,61.18,42.05,70.19,80.38,67.3,65.49,66.6,60.37,Mid-Level,2,Beginner,0
C00390,Cybersecurity Analyst,Bachelor's,Electronics,3,8,1,1,4,3,6,54.33,2,58.76,35.32,70.02,73.29,54.5,57.87,56.85,53.56,Mid-Level,3,Beginner,0
C00391,Data Analyst,Bachelor's,Business,5,4,0,1,6,4,6,62.52,9,66.89,49.9,70.18,59.29,60.96,61.17,57.64,51.99,Mid-Level,2,Beginner,0
C00392,Cloud Engineer,Bachelor's,Computer Science,0,3,1,3,10,3,6,52.69,8,37.49,12.98,85.77,50.08,44.49,55.51,45.05,36.73,Fresher,3,Not Ready,0
C00393,Cybersecurity Analyst,Master's,Computer Science,2,4,0,0,8,3,6,45.4,10,45.19,31.24,100.0,61.32,48.82,44.65,52.77,40.96,Junior,3,Not Ready,0
C00394,Cybersecurity Analyst,PhD,Other,11,7,0,0,6,4,6,67.67,7,67.05,76.76,42.85,84.79,74.23,73.68,71.17,60.31,Senior,2,Beginner,1
C00395,UI/UX Designer,Diploma,Computer Science,2,5,4,1,6,4,6,67.77,3,61.58,33.66,57.5,68.13,68.86,67.99,59.59,52.54,Junior,2,Beginner,0
C00396,Java Developer,Bachelor's,Software Engineering,10,9,2,1,8,4,6,68.5,7,73.75,72.09,95.76,85.81,79.68,71.02,81.16,72.04,Senior,2,Beginner,0
C00397,Cloud Engineer,Bachelor's,Computer Science,3,3,2,1,12,4,6,63.68,7,64.37,41.05,87.6,61.82,57.88,65.88,60.61,54.67,Mid-Level,2,Beginner,0
C00398,Python Developer,Diploma,Information Technology,4,10,0,0,5,4,6,63.15,9,76.09,40.35,77.09,56.26,64.7,61.02,60.18,52.05,Mid-Level,2,Beginner,0
C00399,Backend Developer,Bachelor's,Data Science,10,14,2,1,13,5,6,79.2,10,87.28,79.52,64.13,91.27,78.17,85.97,82.01,78.31,Senior,1,Intermediate,1
C00400,Full Stack Developer,Bachelor's,Other,2,4,4,1,3,1,7,12.61,5,20.64,27.94,32.65,66.28,38.84,25.73,34.27,25.43,Junior,6,Not Ready,0
C00401,Backend Developer,Bachelor's,Other,7,6,4,1,10,3,6,52.18,8,56.63,57.8,28.77,80.45,69.4,54.64,64.74,51.18,Mid-Level,3,Beginner,0
C00402,Data Analyst,Master's,Computer Science,5,4,1,0,9,4,6,66.11,9,63.21,45.42,92.28,68.3,66.58,63.23,65.42,58.61,Mid-Level,2,Beginner,0
C00403,Cybersecurity Analyst,Bachelor's,Business,12,14,0,0,6,3,6,50.98,9,62.64,69.95,49.19,78.57,62.09,51.57,64.47,55.53,Senior,3,Beginner,0
C00404,Cloud Engineer,Bachelor's,Other,9,13,0,0,4,3,6,50.02,2,66.06,63.83,32.17,83.26,69.15,56.24,63.25,51.13,Senior,3,Beginner,1
C00405,Cybersecurity Analyst,Bachelor's,Computer Science,7,4,4,0,7,5,6,83.14,6,65.77,65.1,90.5,84.54,78.96,86.68,80.82,69.27,Mid-Level,1,Beginner,1
C00406,UI/UX Designer,Bachelor's,Design,1,5,5,1,7,3,6,53.58,9,44.38,23.93,91.93,70.77,64.93,56.73,58.47,49.11,Junior,3,Not Ready,0
C00407,DevOps Engineer,Master's,Information Technology,1,3,2,0,7,4,6,66.52,9,52.7,29.58,100.0,70.35,75.79,62.79,65.18,60.35,Junior,2,Beginner,0
C00408,QA Engineer,Bachelor's,Computer Science,0,0,1,0,2,1,6,19.41,7,2.69,25.15,74.68,51.85,24.82,28.73,32.32,27.07,Fresher,5,Not Ready,0
C00409,Cybersecurity Analyst,Bachelor's,Information Technology,8,12,1,1,8,5,6,82.23,3,90.87,69.43,98.94,81.84,88.9,86.77,83.6,76.94,Senior,1,Intermediate,0
C00410,Mobile App Developer,PhD,Computer Science,6,9,2,0,11,4,6,64.49,3,63.3,59.27,99.05,81.38,72.5,63.7,71.32,63.87,Mid-Level,2,Beginner,0
C00411,Data Scientist,Bachelor's,Computer Science,4,10,1,0,4,4,6,64.7,6,75.8,42.82,89.45,75.13,75.43,61.85,71.05,66.09,Mid-Level,2,Beginner,1
C00412,Full Stack Developer,Bachelor's,Other,1,1,2,0,9,2,7,23.71,2,20.48,24.2,29.5,62.73,47.25,29.39,40.23,28.4,Junior,5,Not Ready,0
C00413,Data Analyst,Bachelor's,Other,2,5,2,2,5,2,6,33.32,5,35.82,28.43,32.27,69.62,48.08,45.48,45.91,33.2,Junior,4,Not Ready,0
C00414,Cloud Engineer,Bachelor's,Information Technology,0,3,1,3,2,2,6,32.65,6,35.68,29.85,89.84,58.72,40.55,40.97,44.87,35.43,Fresher,4,Not Ready,0
C00415,Data Analyst,Bachelor's,Data Science,5,4,5,0,9,4,6,66.78,3,58.46,50.75,99.67,84.31,68.02,70.98,74.57,65.95,Mid-Level,2,Beginner,1
C00416,Data Analyst,Bachelor's,Data Science,11,7,2,1,6,5,6,82.28,7,83.04,86.69,92.44,88.83,80.86,82.07,87.61,83.52,Senior,1,Intermediate,0
C00417,Data Analyst,Bachelor's,Information Technology,1,6,5,2,11,4,6,64.4,9,66.12,25.09,75.52,73.68,65.77,64.41,62.22,55.88,Junior,2,Beginner,0
C00418,UI/UX Designer,Bachelor's,Other,12,8,4,1,9,3,6,49.45,10,53.22,64.67,34.83,91.9,69.88,59.01,63.52,56.49,Senior,3,Beginner,0
C00419,Frontend Developer,Bachelor's,Software Engineering,7,8,3,1,8,4,6,70.08,4,57.82,60.83,98.44,76.98,66.98,76.0,69.92,62.75,Mid-Level,2,Beginner,0
C00420,Backend Developer,Bachelor's,Software Engineering,4,3,4,0,11,4,6,64.56,3,53.65,43.54,92.14,75.76,64.52,65.47,66.3,64.78,Mid-Level,2,Beginner,1
C00421,Data Scientist,Master's,Data Science,10,12,5,0,4,4,6,64.84,9,67.6,76.95,100.0,100.0,84.42,70.47,84.98,71.77,Senior,2,Beginner,0
C00422,Backend Developer,Master's,Computer Science,4,4,4,1,11,4,6,64.96,5,62.43,42.58,100.0,83.99,69.27,68.23,72.3,64.69,Mid-Level,2,Beginner,1
C00423,Python Developer,Bachelor's,Software Engineering,9,11,1,0,10,5,6,87.48,8,77.67,79.43,97.52,77.89,83.24,83.9,84.3,81.91,Senior,1,Intermediate,0
C00424,Frontend Developer,Bachelor's,Software Engineering,7,8,1,1,9,3,6,47.33,6,51.87,49.86,93.1,75.57,55.79,50.56,61.24,47.96,Mid-Level,3,Not Ready,1
C00425,Machine Learning Engineer,Master's,Mathematics,2,6,4,0,6,3,6,52.76,3,53.93,28.22,92.68,81.3,69.53,59.24,65.28,53.84,Junior,3,Beginner,0
C00426,Python Developer,Diploma,Software Engineering,0,1,2,1,4,2,6,32.68,5,24.85,13.34,85.45,50.57,44.56,32.89,40.12,30.88,Fresher,4,Not Ready,0
C00427,DevOps Engineer,Bachelor's,Information Technology,5,3,3,0,5,4,6,68.16,2,63.72,51.71,93.28,64.2,60.38,62.86,63.82,59.09,Mid-Level,2,Beginner,0
C00428,Python Developer,Bachelor's,Other,8,15,4,1,9,4,6,70.02,9,76.7,68.67,26.13,85.4,78.4,71.5,74.35,63.25,Senior,2,Beginner,1
C00429,Data Analyst,Master's,Data Science,13,15,0,0,12,5,6,85.59,7,92.05,88.27,100.0,78.04,87.72,85.54,86.96,77.58,Senior,1,Intermediate,1
C00430,Data Scientist,PhD,Other,6,6,3,0,2,2,6,28.73,5,33.46,44.5,53.26,86.35,44.66,39.53,51.75,42.85,Mid-Level,4,Not Ready,0
C00431,Cybersecurity Analyst,Bachelor's,Information Technology,7,3,4,1,9,3,6,54.73,7,42.26,54.25,94.78,79.92,67.4,61.92,66.74,56.35,Mid-Level,3,Beginner,0
C00432,Data Analyst,Bachelor's,Data Science,3,3,3,1,6,4,6,70.36,10,64.09,40.48,94.49,61.23,69.44,71.75,64.25,61.9,Mid-Level,2,Beginner,1
C00433,Machine Learning Engineer,Master's,Data Science,4,5,2,0,8,4,6,63.59,8,54.46,47.37,100.0,78.66,62.4,70.04,67.9,57.51,Mid-Level,2,Beginner,0
C00434,Data Analyst,Diploma,Business,6,9,1,1,11,4,6,63.53,4,61.85,49.54,56.84,66.9,70.33,59.38,60.6,57.2,Mid-Level,2,Beginner,1
C00435,QA Engineer,Bachelor's,Information Technology,10,13,3,0,11,5,6,81.08,4,78.59,82.74,82.35,90.29,88.63,84.67,83.88,76.71,Senior,1,Intermediate,1
C00436,Backend Developer,Diploma,Software Engineering,6,9,2,1,13,5,6,87.96,4,82.22,58.08,81.84,73.51,83.44,86.25,79.81,76.07,Mid-Level,1,Intermediate,1
C00437,Python Developer,Diploma,Data Science,3,9,1,1,6,5,6,81.19,2,82.41,48.07,73.14,53.53,71.41,72.33,67.33,63.12,Mid-Level,1,Beginner,0
C00438,Frontend Developer,Bachelor's,Electronics,6,10,1,0,7,2,6,29.78,8,45.81,46.94,50.01,71.35,48.74,35.42,47.45,41.34,Mid-Level,4,Not Ready,0
C00439,Product Designer,Master's,Computer Science,11,7,0,0,11,4,6,65.72,8,71.58,72.52,67.92,78.17,71.74,65.73,74.07,61.17,Senior,2,Beginner,1
C00440,Python Developer,Diploma,Software Engineering,5,8,2,1,5,5,6,80.02,9,86.16,58.46,84.53,68.33,72.17,74.57,71.17,66.83,Mid-Level,1,Beginner,1
C00441,Cloud Engineer,Diploma,Information Technology,0,2,1,3,9,3,6,46.41,5,37.09,14.93,81.43,39.56,38.34,49.28,43.39,36.91,Fresher,3,Not Ready,0
C00442,QA Engineer,Bachelor's,Software Engineering,2,3,2,1,8,4,6,67.95,8,54.09,34.83,80.39,69.76,69.79,71.64,68.09,53.61,Junior,2,Beginner,0
C00443,Cloud Engineer,Bachelor's,Other,4,7,5,0,3,3,6,51.87,6,46.4,37.07,32.99,85.99,72.08,57.52,62.13,49.35,Mid-Level,3,Not Ready,0
C00444,Data Scientist,Bachelor's,Mathematics,7,3,1,0,9,4,6,71.07,7,52.63,63.96,78.75,64.05,61.34,67.35,69.06,62.42,Mid-Level,2,Beginner,0
C00445,Machine Learning Engineer,Bachelor's,Mathematics,5,6,3,0,11,3,6,48.75,3,51.03,47.86,76.46,71.26,60.19,52.31,60.45,48.6,Mid-Level,3,Not Ready,0
C00446,Backend Developer,Master's,Information Technology,5,6,4,0,11,5,6,88.33,5,71.05,58.13,97.65,90.95,96.03,88.88,89.08,74.31,Mid-Level,1,Beginner,0
C00447,Mobile App Developer,PhD,Computer Science,15,5,3,0,7,5,6,79.33,2,70.51,79.48,100.0,84.91,79.04,85.26,83.52,75.29,Senior,1,Intermediate,1
C00448,Data Scientist,PhD,Mathematics,15,9,3,0,8,4,6,62.37,6,59.74,73.87,86.2,100.0,77.37,73.32,79.31,68.76,Senior,2,Beginner,0
C00449,Data Analyst,Bachelor's,Computer Science,12,14,4,1,5,5,6,79.04,3,84.45,85.53,85.35,91.59,89.12,80.87,88.08,81.34,Senior,1,Intermediate,1
C00450,Cybersecurity Analyst,Bachelor's,Electronics,12,7,2,0,8,5,6,82.51,8,71.48,77.29,65.94,87.48,80.28,80.62,82.17,70.77,Senior,1,Beginner,1
C00451,Data Analyst,Bachelor's,Other,5,4,3,1,8,3,6,53.64,6,44.51,42.53,37.62,64.64,50.36,56.7,52.03,46.77,Mid-Level,3,Not Ready,0
C00452,Backend Developer,Bachelor's,Software Engineering,5,3,2,1,12,4,6,68.99,6,53.56,51.58,98.13,63.37,62.53,69.15,68.25,60.4,Mid-Level,2,Beginner,0
C00453,Cybersecurity Analyst,Master's,Electronics,7,7,5,0,7,3,6,49.88,7,45.77,52.54,81.27,98.93,69.18,59.55,70.9,61.01,Mid-Level,3,Beginner,0
C00454,UI/UX Designer,Bachelor's,Information Technology,0,1,3,2,3,2,6,33.26,10,23.24,16.15,64.64,67.14,44.18,44.56,45.23,35.1,Fresher,4,Not Ready,0
C00455,Cloud Engineer,Diploma,Information Technology,6,10,4,0,10,4,6,67.9,4,67.48,52.61,82.78,70.63,67.49,72.71,68.94,63.6,Mid-Level,2,Beginner,0
C00456,Frontend Developer,Diploma,Other,2,3,1,0,2,2,6,31.19,7,32.54,32.21,16.09,45.3,39.2,31.46,36.67,32.94,Junior,4,Not Ready,0
C00457,Java Developer,Bachelor's,Electronics,8,8,5,1,9,3,6,48.31,7,47.97,56.73,54.88,92.72,69.03,54.31,64.95,52.69,Senior,3,Beginner,0
C00458,Product Designer,Bachelor's,Design,11,5,2,0,8,5,6,87.99,4,71.63,79.67,93.39,81.38,90.55,83.13,84.23,81.9,Senior,1,Intermediate,1
C00459,Data Analyst,Diploma,Information Technology,3,10,1,0,8,4,6,65.35,7,72.65,38.69,73.11,69.65,65.58,68.93,63.16,61.36,Mid-Level,2,Beginner,1
C00460,Python Developer,Diploma,Other,0,3,1,3,8,1,6,19.58,3,13.05,31.25,23.05,44.13,36.63,19.99,29.98,24.26,Fresher,5,Not Ready,0
C00461,DevOps Engineer,Bachelor's,Computer Science,5,4,4,0,7,5,6,78.78,9,66.96,54.3,80.14,82.42,82.89,82.73,74.26,70.41,Mid-Level,1,Beginner,1
C00462,Java Developer,Bachelor's,Computer Science,6,4,5,0,7,4,6,66.7,2,63.58,51.5,89.85,82.37,67.73,73.56,71.59,61.56,Mid-Level,2,Beginner,0
C00463,Machine Learning Engineer,Bachelor's,Data Science,5,5,1,1,4,4,6,64.2,10,65.69,54.05,98.18,68.03,65.01,67.5,65.03,61.96,Mid-Level,2,Beginner,0
C00464,Data Analyst,Diploma,Computer Science,6,8,4,1,7,5,6,86.89,5,72.25,59.3,70.91,79.0,77.8,87.52,74.52,73.76,Mid-Level,1,Beginner,0
C00465,Product Designer,Master's,Design,1,2,3,0,10,3,6,47.36,10,46.42,22.79,100.0,74.37,59.66,49.03,58.33,45.29,Junior,3,Not Ready,0
C00466,Data Analyst,Master's,Data Science,4,5,1,0,11,4,6,69.81,7,67.81,50.35,100.0,72.07,69.02,73.75,70.24,63.26,Mid-Level,2,Beginner,0
C00467,Cybersecurity Analyst,Master's,Business,1,1,2,0,3,1,6,15.0,5,14.7,18.08,60.73,68.7,36.26,24.08,36.42,22.22,Junior,5,Not Ready,0
C00468,Data Analyst,Bachelor's,Data Science,2,4,1,0,9,3,6,48.07,6,38.56,31.54,93.23,62.83,51.68,50.5,57.49,44.36,Junior,3,Not Ready,0
C00469,Python Developer,Bachelor's,Information Technology,6,10,4,1,6,5,6,80.39,3,85.02,58.72,85.21,90.41,81.82,83.03,78.72,76.83,Mid-Level,1,Intermediate,1
C00470,Frontend Developer,Master's,Computer Science,11,10,5,1,13,5,6,81.86,5,85.23,85.9,98.19,94.03,81.58,84.22,84.56,79.54,Senior,1,Intermediate,1
C00471,UI/UX Designer,PhD,Computer Science,4,9,3,1,11,4,6,67.11,4,63.15,46.71,87.02,96.33,75.04,74.68,72.64,59.04,Mid-Level,2,Beginner,0
C00472,Cybersecurity Analyst,PhD,Business,3,6,4,0,7,3,6,50.1,7,45.8,33.87,61.51,83.52,67.57,57.18,58.99,45.14,Mid-Level,3,Not Ready,0
C00473,Cloud Engineer,Bachelor's,Other,9,9,4,1,11,4,6,69.68,10,66.3,67.35,28.62,95.01,84.35,71.43,75.3,64.71,Senior,2,Beginner,0
C00474,Cloud Engineer,Master's,Information Technology,5,9,0,1,8,4,6,62.17,6,59.84,43.98,96.87,79.89,72.83,62.08,72.02,54.58,Mid-Level,2,Beginner,0
C00475,Python Developer,Bachelor's,Information Technology,8,12,5,1,9,5,6,83.22,7,83.19,67.02,94.87,86.27,77.29,85.09,78.56,81.29,Senior,1,Intermediate,0
C00476,Cybersecurity Analyst,Bachelor's,Electronics,9,9,5,0,4,4,6,63.64,7,63.93,65.83,70.93,85.86,80.05,63.31,76.17,69.83,Senior,2,Beginner,0
C00477,QA Engineer,Diploma,Computer Science,7,10,1,1,5,4,6,68.09,8,72.86,62.43,69.37,62.99,61.95,70.5,62.82,57.8,Mid-Level,2,Beginner,0
C00478,UI/UX Designer,Bachelor's,Other,8,12,3,0,10,4,6,62.57,10,78.5,61.77,27.59,84.44,64.14,66.91,62.55,58.29,Senior,2,Beginner,0
C00479,DevOps Engineer,Master's,Electronics,6,5,0,0,9,2,6,32.0,7,32.14,46.54,56.51,74.82,44.17,39.23,48.01,38.29,Mid-Level,4,Not Ready,0
C00480,QA Engineer,PhD,Business,15,11,4,1,11,4,6,67.45,10,76.41,72.1,75.54,100.0,85.96,75.4,82.63,75.23,Senior,2,Intermediate,1
C00481,UI/UX Designer,Master's,Design,11,10,1,0,9,5,6,85.74,7,85.78,80.25,100.0,92.76,92.07,83.0,89.46,77.19,Senior,1,Intermediate,0
C00482,Mobile App Developer,Diploma,Information Technology,8,11,4,1,7,5,6,84.53,7,85.78,69.12,83.36,72.93,85.51,78.77,82.3,81.64,Senior,1,Intermediate,1
C00483,Data Analyst,PhD,Data Science,9,8,5,1,10,5,6,84.72,9,76.27,73.24,100.0,100.0,92.28,89.3,88.77,79.99,Senior,1,Intermediate,1
C00484,Python Developer,Bachelor's,Data Science,0,2,1,0,9,3,6,52.62,6,46.42,24.22,82.08,61.88,55.24,59.14,53.99,42.51,Fresher,3,Not Ready,0
C00485,QA Engineer,PhD,Information Technology,2,2,4,2,4,4,6,70.48,3,53.94,38.05,90.83,74.98,76.81,70.81,70.27,65.23,Junior,2,Beginner,0
C00486,Backend Developer,Bachelor's,Information Technology,11,15,4,0,8,5,6,83.59,7,91.61,82.86,88.62,94.73,84.36,83.6,89.56,84.14,Senior,1,Intermediate,1
C00487,Java Developer,Bachelor's,Computer Science,4,4,4,1,9,4,6,66.76,7,60.07,40.84,88.59,69.09,74.91,66.32,67.48,57.83,Mid-Level,2,Beginner,0
C00488,Full Stack Developer,Master's,Information Technology,12,14,4,1,7,6,7,83.15,6,92.49,79.31,96.68,96.37,85.02,83.27,88.57,83.61,Senior,1,Intermediate,1
C00489,Mobile App Developer,Bachelor's,Computer Science,1,1,3,2,11,3,6,54.8,4,43.04,22.94,92.1,62.29,50.4,56.99,57.05,52.94,Junior,3,Beginner,0
C00490,Product Designer,Bachelor's,Other,6,6,2,0,8,3,6,45.65,8,48.45,47.76,27.4,73.29,58.02,49.74,52.13,45.0,Mid-Level,3,Not Ready,1
C00491,Cloud Engineer,Bachelor's,Information Technology,9,5,1,0,10,5,6,87.46,3,69.52,81.14,85.39,79.24,91.66,89.71,85.9,77.48,Senior,1,Intermediate,0
C00492,Data Scientist,Bachelor's,Computer Science,6,4,0,1,8,4,6,67.24,4,63.22,55.84,82.8,58.41,62.33,67.98,64.81,64.36,Mid-Level,2,Beginner,0
C00493,Java Developer,Bachelor's,Information Technology,0,0,2,0,7,2,6,36.9,3,13.68,15.09,93.82,61.97,39.89,45.8,45.31,32.65,Fresher,4,Not Ready,0
C00494,Frontend Developer,Master's,Computer Science,8,14,3,0,8,5,6,86.9,10,85.0,72.14,96.99,89.17,94.45,89.97,88.18,86.0,Senior,1,Intermediate,1
C00495,UI/UX Designer,Diploma,Design,1,1,0,2,5,3,6,46.57,5,48.66,24.07,87.67,44.45,49.27,50.56,49.74,43.39,Junior,3,Not Ready,0
C00496,Machine Learning Engineer,Bachelor's,Information Technology,7,5,0,1,7,4,6,62.93,5,61.31,53.86,82.69,71.57,58.9,65.61,64.93,61.64,Mid-Level,2,Beginner,0
C00497,Cloud Engineer,Diploma,Information Technology,6,5,3,0,11,5,6,88.3,4,73.05,66.21,78.2,60.56,79.05,81.81,71.98,72.84,Mid-Level,1,Beginner,1
C00498,Full Stack Developer,Bachelor's,Other,3,7,4,1,9,3,7,45.97,8,37.67,30.74,30.38,83.94,65.42,55.15,58.43,44.92,Mid-Level,4,Not Ready,0
C00499,Machine Learning Engineer,Master's,Other,14,9,4,1,5,3,6,46.17,7,53.95,66.7,41.27,95.22,67.75,51.08,64.59,54.49,Senior,3,Beginner,1
C00500,Cloud Engineer,Bachelor's,Information Technology,6,6,1,0,8,4,6,67.7,2,59.12,52.52,89.11,78.46,66.1,68.57,67.01,57.73,Mid-Level,2,Beginner,0
C00501,QA Engineer,Bachelor's,Computer Science,5,4,4,0,4,4,6,61.77,9,52.69,51.24,78.08,82.14,75.59,67.67,67.68,63.66,Mid-Level,2,Beginner,1
C00502,Product Designer,Master's,Information Technology,14,15,1,1,10,4,6,70.12,5,76.97,73.11,74.81,83.61,70.91,75.74,72.73,62.99,Senior,2,Beginner,0
C00503,Python Developer,Diploma,Data Science,8,6,1,1,5,5,6,86.75,5,76.54,77.09,79.02,56.15,67.71,78.13,73.13,76.87,Senior,1,Intermediate,1
C00504,Python Developer,Bachelor's,Computer Science,0,0,1,0,5,3,6,54.67,10,5.37,12.15,89.95,53.95,54.43,50.97,51.23,37.14,Fresher,3,Not Ready,0
C00505,QA Engineer,Bachelor's,Computer Science,3,5,2,1,5,4,6,68.8,9,58.69,43.06,70.53,75.28,67.23,68.33,64.44,58.96,Mid-Level,2,Beginner,0
C00506,Backend Developer,Bachelor's,Software Engineering,12,15,2,0,7,5,6,82.2,3,85.39,77.05,95.62,79.26,87.12,77.39,84.5,82.71,Senior,1,Intermediate,1
C00507,Full Stack Developer,Bachelor's,Information Technology,2,6,0,0,6,5,7,75.85,6,69.98,38.62,85.87,60.56,69.27,68.28,63.95,63.86,Junior,2,Beginner,0
C00508,Data Analyst,Bachelor's,Computer Science,2,6,5,0,8,4,6,69.16,3,58.69,33.04,81.18,83.73,76.29,72.41,70.95,60.38,Junior,2,Beginner,1
C00509,Data Scientist,Bachelor's,Data Science,0,3,3,2,10,2,6,33.7,8,38.15,31.74,93.08,67.73,43.28,35.87,47.86,44.27,Fresher,4,Not Ready,0
C00510,Data Scientist,Bachelor's,Information Technology,4,9,4,0,11,4,6,62.8,5,65.34,44.36,79.85,86.59,67.06,70.64,69.91,61.12,Mid-Level,2,Beginner,1
C00511,Cybersecurity Analyst,Bachelor's,Computer Science,6,7,5,1,7,4,6,66.91,5,66.06,59.15,88.38,85.9,67.87,70.21,74.42,69.77,Mid-Level,2,Beginner,1
C00512,Backend Developer,Master's,Information Technology,4,3,1,1,5,4,6,70.65,10,64.17,49.67,100.0,61.92,73.0,67.11,66.91,61.1,Mid-Level,2,Beginner,1
C00513,Data Analyst,Bachelor's,Computer Science,4,7,1,0,5,4,6,64.63,4,64.99,42.92,84.42,73.44,74.45,68.96,67.0,61.77,Mid-Level,2,Beginner,0
C00514,Data Analyst,Diploma,Computer Science,7,3,2,0,13,5,6,80.8,10,64.18,68.67,71.32,63.14,69.79,77.82,71.03,69.75,Mid-Level,1,Beginner,1
C00515,Mobile App Developer,Master's,Information Technology,9,8,0,0,10,5,6,78.49,8,76.63,75.4,98.52,73.66,81.2,74.71,80.57,76.19,Senior,1,Intermediate,1
C00516,Java Developer,Master's,Software Engineering,6,5,2,1,6,4,6,69.76,10,57.55,58.47,100.0,75.56,68.92,70.51,74.24,68.89,Mid-Level,2,Beginner,0
C00517,Cloud Engineer,Bachelor's,Other,10,11,4,0,9,3,6,47.32,4,59.84,69.86,33.24,90.64,58.08,55.36,61.2,52.09,Senior,3,Beginner,1
C00518,Full Stack Developer,Diploma,Software Engineering,4,5,0,1,10,5,7,72.39,6,58.08,42.44,83.37,60.88,72.7,69.68,64.54,63.49,Mid-Level,2,Beginner,1
C00519,Mobile App Developer,Bachelor's,Software Engineering,10,6,4,0,13,5,6,78.37,3,71.48,76.98,99.38,79.81,80.07,82.28,80.91,81.52,Senior,1,Intermediate,0
C00520,Data Scientist,Diploma,Other,8,5,3,1,7,3,6,47.87,10,48.43,53.54,23.04,60.52,52.13,53.77,50.9,51.45,Senior,3,Beginner,0
C00521,Mobile App Developer,Bachelor's,Computer Science,4,7,5,0,11,4,6,64.52,4,68.52,49.17,94.06,77.22,75.7,65.34,68.82,69.93,Mid-Level,2,Beginner,0
C00522,Product Designer,Bachelor's,Computer Science,4,9,4,0,11,3,6,52.37,6,52.75,36.69,64.89,79.18,62.8,57.76,59.48,54.16,Mid-Level,3,Beginner,0
C00523,Cloud Engineer,Master's,Software Engineering,14,14,3,0,11,5,6,83.84,4,91.88,81.71,98.04,91.07,86.21,83.14,90.11,80.14,Senior,1,Intermediate,1
C00524,Mobile App Developer,Bachelor's,Computer Science,4,4,3,1,6,4,6,63.86,2,58.76,47.24,89.33,74.83,67.07,64.39,66.36,63.15,Mid-Level,2,Beginner,0
C00525,UI/UX Designer,Diploma,Information Technology,1,2,2,0,7,3,6,46.31,5,38.77,29.93,59.33,53.86,49.04,48.02,50.58,46.64,Junior,3,Not Ready,0
C00526,Java Developer,Master's,Computer Science,5,6,5,0,4,4,6,68.43,6,60.81,46.42,100.0,86.68,82.43,76.12,74.29,65.96,Mid-Level,2,Beginner,0
C00527,QA Engineer,Bachelor's,Other,7,3,1,1,10,3,6,46.67,10,38.44,56.9,30.85,63.1,51.9,49.44,52.63,39.73,Mid-Level,3,Not Ready,0
C00528,Mobile App Developer,Master's,Electronics,5,4,5,0,3,3,6,45.19,2,43.23,41.31,61.28,90.05,65.28,49.88,64.91,54.8,Mid-Level,3,Beginner,0
C00529,Cybersecurity Analyst,Bachelor's,Information Technology,0,3,1,3,3,2,6,30.13,4,32.42,22.58,99.58,50.83,40.33,32.67,45.8,35.77,Fresher,4,Not Ready,0
C00530,Backend Developer,Bachelor's,Data Science,9,6,1,0,12,4,6,69.34,9,57.63,70.78,58.22,82.59,81.55,69.06,73.96,60.15,Senior,2,Beginner,1
C00531,Data Analyst,Bachelor's,Business,8,15,4,1,11,5,6,82.17,3,86.53,74.11,73.96,81.06,78.85,81.16,77.41,73.67,Senior,1,Beginner,0
C00532,Backend Developer,Bachelor's,Information Technology,3,3,5,0,6,3,6,47.31,4,49.33,35.19,93.51,72.66,65.09,49.38,59.19,51.66,Mid-Level,3,Beginner,0
C00533,UI/UX Designer,Bachelor's,Other,11,11,5,0,8,4,6,65.79,3,76.78,71.71,25.48,96.05,79.74,67.24,73.12,67.6,Senior,2,Beginner,0
C00534,Product Designer,Bachelor's,Computer Science,5,8,0,0,8,3,6,49.27,2,46.06,44.53,64.48,66.58,60.45,52.71,56.06,50.23,Mid-Level,3,Beginner,0
C00535,Data Analyst,Bachelor's,Data Science,8,15,3,0,11,5,6,85.97,8,80.85,76.35,92.29,78.32,86.95,84.18,83.17,74.53,Senior,1,Beginner,1
C00536,Full Stack Developer,Bachelor's,Information Technology,7,7,0,0,10,5,7,73.45,8,74.94,61.44,90.31,78.26,77.65,72.4,73.35,70.67,Mid-Level,2,Beginner,0
C00537,Backend Developer,Bachelor's,Information Technology,9,14,3,1,10,5,6,84.35,8,79.64,77.89,89.13,86.48,89.18,88.05,87.23,74.51,Senior,1,Beginner,0
C00538,Product Designer,Bachelor's,Other,7,7,1,1,4,3,6,53.43,7,47.35,54.94,29.29,68.52,51.96,60.91,53.09,44.24,Mid-Level,3,Not Ready,0
C00539,DevOps Engineer,Master's,Software Engineering,4,10,4,1,6,4,6,70.78,3,65.86,41.5,100.0,82.99,80.96,75.89,74.01,65.33,Mid-Level,2,Beginner,0
C00540,Mobile App Developer,Diploma,Computer Science,6,5,4,0,5,4,6,64.17,3,65.73,51.09,77.8,68.57,71.78,62.46,64.04,61.44,Mid-Level,2,Beginner,1
C00541,Python Developer,Bachelor's,Data Science,5,6,0,0,10,5,6,86.26,2,77.33,51.28,84.93,74.25,79.59,80.38,77.21,67.01,Mid-Level,1,Beginner,1
C00542,UI/UX Designer,Bachelor's,Computer Science,12,7,1,0,7,5,6,80.98,9,76.34,83.08,70.38,83.04,80.12,82.86,78.44,77.75,Senior,1,Intermediate,1
C00543,Cloud Engineer,Master's,Computer Science,11,5,1,1,13,5,6,83.2,10,80.22,86.74,95.27,80.24,81.87,78.81,85.68,75.62,Senior,1,Intermediate,0
C00544,Java Developer,Master's,Other,10,6,1,1,4,3,6,51.77,9,53.46,69.31,36.31,74.55,60.84,52.87,58.92,50.82,Senior,3,Beginner,0
C00545,QA Engineer,Bachelor's,Computer Science,7,9,4,0,6,4,6,63.49,5,68.02,59.42,76.37,89.81,71.39,71.41,72.32,64.32,Mid-Level,2,Beginner,1
C00546,Backend Developer,Diploma,Software Engineering,6,10,2,0,9,4,6,64.77,4,61.71,58.6,80.91,73.03,62.1,64.99,67.41,64.17,Mid-Level,2,Beginner,0
C00547,Python Developer,Bachelor's,Data Science,5,5,2,0,11,3,6,47.01,7,54.84,41.72,86.13,64.07,46.29,47.87,56.5,48.39,Mid-Level,3,Not Ready,0
C00548,DevOps Engineer,Master's,Information Technology,6,10,2,0,4,4,6,66.84,7,74.86,50.71,100.0,88.08,76.49,75.16,73.19,66.24,Mid-Level,2,Beginner,1
C00549,Cybersecurity Analyst,Bachelor's,Information Technology,12,13,5,0,9,4,6,64.45,4,70.03,71.83,99.45,94.37,79.16,67.06,80.13,74.41,Senior,2,Beginner,1
C00550,Mobile App Developer,Bachelor's,Software Engineering,4,9,0,1,6,4,6,71.12,5,60.95,43.85,97.75,76.44,76.77,74.73,70.75,60.97,Mid-Level,2,Beginner,1
C00551,Data Scientist,Master's,Data Science,14,14,1,0,12,5,6,87.24,10,82.99,84.44,100.0,87.39,84.33,88.08,88.78,79.27,Senior,1,Intermediate,0
C00552,Full Stack Developer,Bachelor's,Software Engineering,7,4,0,0,6,4,7,60.74,8,51.05,55.28,92.62,66.23,69.12,60.62,68.08,53.54,Mid-Level,3,Beginner,1
C00553,Machine Learning Engineer,PhD,Mathematics,3,4,2,1,6,4,6,66.68,3,55.07,42.8,94.1,80.84,67.99,73.74,70.26,58.23,Mid-Level,2,Beginner,0
C00554,Java Developer,Bachelor's,Software Engineering,2,1,1,2,10,3,6,50.05,2,36.32,31.93,98.13,51.6,54.93,54.68,56.43,45.59,Junior,3,Not Ready,0
C00555,Frontend Developer,Bachelor's,Computer Science,1,3,2,1,7,4,6,63.5,9,53.88,28.26,89.07,66.71,64.09,60.85,60.33,54.4,Junior,2,Beginner,0
C00556,Mobile App Developer,Bachelor's,Software Engineering,7,3,1,0,11,4,6,71.04,3,64.43,59.02,99.46,62.11,64.3,73.21,71.0,67.97,Mid-Level,2,Beginner,1
C00557,Machine Learning Engineer,Master's,Computer Science,2,2,5,1,7,3,6,49.42,6,35.74,29.76,100.0,75.57,61.7,58.34,62.11,50.74,Junior,3,Beginner,0
C00558,Cloud Engineer,Master's,Computer Science,4,6,0,0,11,4,6,64.51,4,55.09,48.05,96.69,64.61,69.55,68.06,69.03,55.98,Mid-Level,2,Beginner,0
C00559,Cybersecurity Analyst,Bachelor's,Electronics,10,5,4,0,8,4,6,62.11,7,64.36,70.51,69.44,79.55,71.8,60.6,72.72,60.89,Senior,2,Beginner,0
C00560,Full Stack Developer,Bachelor's,Information Technology,6,9,3,0,11,5,7,69.64,7,78.07,51.21,91.42,80.38,79.93,69.8,71.88,70.56,Mid-Level,2,Beginner,0
C00561,UI/UX Designer,Bachelor's,Design,8,5,3,0,12,4,6,67.89,5,56.16,65.93,95.04,75.04,77.92,72.75,75.94,62.95,Senior,2,Beginner,0
C00562,UI/UX Designer,Bachelor's,Design,11,12,2,0,10,5,6,79.92,9,84.47,82.36,93.64,80.06,78.86,77.69,83.76,72.72,Senior,1,Beginner,0
C00563,Full Stack Developer,Master's,Information Technology,12,10,1,0,8,6,7,81.03,3,91.04,79.49,100.0,85.8,76.0,86.87,79.87,78.81,Senior,1,Intermediate,1
C00564,QA Engineer,Master's,Information Technology,5,6,0,1,7,4,6,66.49,5,65.58,46.88,85.68,66.93,70.48,63.47,67.02,56.45,Mid-Level,2,Beginner,1
C00565,Full Stack Developer,Master's,Information Technology,10,14,3,1,12,6,7,83.05,10,81.37,83.92,97.69,94.54,94.75,84.31,91.61,81.78,Senior,1,Intermediate,1
C00566,Cloud Engineer,Bachelor's,Information Technology,6,5,5,0,12,4,6,68.73,4,67.88,51.1,88.29,81.44,74.53,67.96,74.23,71.88,Mid-Level,2,Beginner,0
C00567,DevOps Engineer,Bachelor's,Electronics,10,8,4,0,5,4,6,66.21,6,65.98,74.59,53.5,86.97,74.4,71.15,71.57,70.2,Senior,2,Beginner,1
C00568,QA Engineer,Bachelor's,Computer Science,11,6,5,0,11,4,6,62.88,6,55.59,72.32,75.27,90.42,67.32,67.7,71.58,70.16,Senior,2,Beginner,1
C00569,UI/UX Designer,Bachelor's,Design,8,11,3,0,5,4,6,71.43,10,66.41,68.35,94.24,78.4,79.18,73.19,75.6,65.98,Senior,2,Beginner,0
C00570,Python Developer,Master's,Software Engineering,6,5,2,1,11,4,6,62.32,10,63.88,52.61,100.0,75.32,62.99,66.62,70.87,58.01,Mid-Level,2,Beginner,1
C00571,Cybersecurity Analyst,Bachelor's,Information Technology,9,7,1,1,10,5,6,86.58,8,76.93,76.41,95.43,71.91,74.09,85.79,77.33,77.36,Senior,1,Intermediate,1
C00572,Cybersecurity Analyst,Bachelor's,Information Technology,2,4,0,1,11,3,6,46.01,3,42.95,32.32,96.64,55.58,49.2,44.86,50.47,39.98,Junior,3,Not Ready,1
C00573,DevOps Engineer,Bachelor's,Computer Science,5,10,3,1,6,4,6,62.94,2,70.56,45.22,80.75,83.82,68.73,69.2,69.07,58.46,Mid-Level,2,Beginner,0
C00574,Data Scientist,Diploma,Information Technology,1,2,5,0,6,3,6,47.68,9,44.66,31.57,73.71,61.22,51.57,47.64,50.77,48.22,Junior,3,Not Ready,0
C00575,Product Designer,Master's,Computer Science,14,10,3,0,7,4,6,65.5,10,73.72,75.62,71.51,91.35,80.93,66.05,80.16,69.25,Senior,2,Beginner,0
C00576,DevOps Engineer,Bachelor's,Software Engineering,5,9,2,1,4,3,6,53.72,5,52.65,42.5,88.43,76.03,62.58,57.22,64.37,52.95,Mid-Level,3,Beginner,0
C00577,Full Stack Developer,Bachelor's,Software Engineering,1,4,4,0,9,3,7,41.83,10,37.68,29.14,95.69,62.75,43.36,49.52,49.2,46.79,Junior,4,Not Ready,0
C00578,Full Stack Developer,Master's,Computer Science,10,13,5,1,5,5,7,72.0,4,83.78,75.67,99.15,100.0,90.09,80.97,89.76,73.95,Senior,2,Beginner,1
C00579,Python Developer,Bachelor's,Data Science,11,14,2,0,10,5,6,80.73,10,91.26,80.02,80.56,86.09,83.84,84.09,81.85,78.67,Senior,1,Intermediate,1
C00580,Cybersecurity Analyst,Bachelor's,Electronics,7,5,1,1,11,3,6,45.85,9,41.41,52.51,67.25,76.45,61.31,54.86,59.61,47.43,Mid-Level,3,Not Ready,0
C00581,Full Stack Developer,Bachelor's,Computer Science,0,3,1,1,7,3,7,47.75,5,33.45,29.49,85.47,53.54,55.34,50.95,54.8,43.18,Fresher,4,Not Ready,0
C00582,Backend Developer,Bachelor's,Software Engineering,0,3,3,0,4,2,6,30.22,5,31.29,30.27,95.29,67.27,47.66,33.76,51.68,40.49,Fresher,4,Not Ready,0
C00583,Java Developer,Master's,Computer Science,2,1,1,1,6,4,6,62.04,8,52.71,30.51,100.0,66.44,55.94,59.61,61.17,55.16,Junior,2,Beginner,0
C00584,Data Analyst,Master's,Information Technology,10,15,2,0,10,5,6,78.35,7,80.59,82.01,90.35,89.68,86.57,80.83,82.43,73.93,Senior,1,Beginner,0
C00585,DevOps Engineer,Master's,Electronics,10,5,4,1,4,3,6,54.9,4,42.85,74.68,55.12,86.0,70.03,57.89,69.93,62.89,Senior,3,Beginner,1
C00586,Cloud Engineer,Bachelor's,Computer Science,8,11,2,1,5,5,6,81.7,4,78.55,67.65,83.13,89.43,83.15,80.7,81.72,71.81,Senior,1,Beginner,0
C00587,Data Analyst,PhD,Computer Science,6,9,1,0,7,5,6,83.99,2,74.68,60.85,100.0,87.91,91.79,84.18,87.46,76.85,Mid-Level,1,Intermediate,1
C00588,DevOps Engineer,Bachelor's,Information Technology,1,5,5,0,10,4,6,68.34,10,53.53,31.53,88.27,66.9,60.15,67.55,61.4,58.07,Junior,2,Beginner,0
C00589,Machine Learning Engineer,Bachelor's,Information Technology,5,6,1,0,4,4,6,63.67,8,59.45,44.82,85.92,63.86,56.92,66.83,62.94,58.64,Mid-Level,2,Beginner,0
C00590,DevOps Engineer,Bachelor's,Information Technology,7,8,3,0,6,4,6,62.05,5,67.28,58.34,92.78,79.22,65.36,66.91,70.84,67.17,Mid-Level,2,Beginner,0
C00591,UI/UX Designer,Master's,Computer Science,9,9,5,1,12,5,6,83.61,5,80.45,79.61,80.78,100.0,83.34,82.42,89.38,79.95,Senior,1,Intermediate,1
C00592,DevOps Engineer,Bachelor's,Computer Science,10,9,2,0,7,5,6,85.81,4,77.15,86.99,83.06,77.66,88.64,81.74,84.94,83.68,Senior,1,Intermediate,1
C00593,Java Developer,Bachelor's,Software Engineering,9,9,5,0,8,5,6,81.11,7,88.11,77.51,97.51,89.68,77.32,78.13,83.73,83.02,Senior,1,Intermediate,1
C00594,Frontend Developer,Master's,Computer Science,4,3,4,1,6,4,6,64.04,10,56.99,48.83,95.72,73.07,74.41,65.1,72.69,63.8,Mid-Level,2,Beginner,1
C00595,Data Scientist,Diploma,Mathematics,5,3,2,1,8,4,6,63.06,8,51.37,53.26,64.25,58.68,61.75,58.6,57.29,59.06,Mid-Level,2,Beginner,0
C00596,Data Analyst,Bachelor's,Other,7,10,2,1,6,2,6,34.99,4,34.93,45.23,36.04,85.28,51.92,44.68,54.03,35.89,Mid-Level,4,Not Ready,0
C00597,Full Stack Developer,Bachelor's,Software Engineering,12,8,2,0,13,5,7,73.31,7,63.19,75.46,94.25,86.97,74.97,79.86,81.91,67.2,Senior,2,Beginner,0
C00598,Cybersecurity Analyst,Diploma,Information Technology,8,10,4,0,9,5,6,84.93,10,83.66,70.9,82.83,72.65,83.52,82.51,80.44,75.51,Senior,1,Intermediate,1
C00599,Data Scientist,Bachelor's,Data Science,9,5,0,0,6,5,6,86.37,5,80.52,77.83,95.18,63.49,83.28,76.92,82.15,76.46,Senior,1,Intermediate,1
C00600,Machine Learning Engineer,Master's,Data Science,3,7,1,0,12,4,6,67.16,10,59.34,41.64,99.29,76.63,62.96,73.42,65.85,56.08,Mid-Level,2,Beginner,0
C00601,Cloud Engineer,Diploma,Computer Science,5,10,5,0,10,5,6,81.49,3,75.51,56.64,71.07,83.17,78.27,77.03,74.67,67.51,Mid-Level,1,Beginner,1
C00602,Data Scientist,Bachelor's,Data Science,0,3,1,3,8,3,6,47.53,8,51.55,24.17,99.06,55.17,48.69,48.18,52.75,45.55,Fresher,3,Not Ready,0
C00603,Machine Learning Engineer,Master's,Computer Science,6,5,1,1,10,4,6,62.62,6,56.04,50.73,99.13,80.52,64.31,65.76,70.02,60.82,Mid-Level,2,Beginner,0
C00604,Cybersecurity Analyst,Master's,Electronics,11,7,3,1,6,4,6,62.34,5,63.27,74.2,83.21,94.81,75.23,65.02,74.63,64.67,Senior,2,Beginner,1
C00605,Full Stack Developer,Master's,Information Technology,4,7,3,0,10,5,7,70.64,5,66.21,42.44,97.31,75.65,65.53,68.62,66.11,64.44,Mid-Level,2,Beginner,0
C00606,Frontend Developer,PhD,Computer Science,3,9,1,1,5,4,6,65.25,10,58.97,34.98,100.0,88.04,80.64,70.16,73.99,61.05,Mid-Level,2,Beginner,0
C00607,DevOps Engineer,Bachelor's,Computer Science,12,15,1,0,9,4,6,66.24,5,74.13,70.85,88.88,88.16,70.37,69.56,74.61,65.61,Senior,2,Beginner,1
C00608,DevOps Engineer,Bachelor's,Electronics,2,1,5,2,4,1,6,16.57,7,20.41,24.38,52.06,65.62,42.35,27.15,38.33,28.16,Junior,5,Not Ready,0
C00609,Backend Developer,Diploma,Other,2,5,2,1,7,1,6,19.63,9,19.15,28.93,19.92,55.11,34.42,22.22,30.63,22.15,Junior,5,Not Ready,0
C00610,Mobile App Developer,Diploma,Computer Science,6,7,4,0,10,4,6,68.15,3,67.23,51.28,76.78,78.55,68.48,73.76,71.34,66.46,Mid-Level,2,Beginner,0
C00611,Frontend Developer,Master's,Software Engineering,7,6,0,0,7,4,6,65.04,4,58.53,59.51,96.22,75.86,67.12,66.96,69.73,62.29,Mid-Level,2,Beginner,1
C00612,Data Scientist,Bachelor's,Computer Science,9,6,2,1,6,4,6,67.92,10,66.0,68.31,89.32,85.7,68.04,72.5,71.94,70.01,Senior,2,Beginner,0
C00613,Python Developer,Bachelor's,Data Science,9,9,0,1,8,4,6,62.05,7,72.9,64.35,83.15,76.5,69.4,60.25,68.6,57.47,Senior,2,Beginner,1
C00614,Backend Developer,Master's,Other,6,10,0,1,8,3,6,46.62,9,61.49,44.92,40.16,85.75,66.39,56.76,61.7,44.17,Mid-Level,3,Not Ready,1
C00615,Java Developer,Bachelor's,Computer Science,12,13,1,0,11,5,6,86.15,3,90.71,86.69,89.53,88.42,89.54,83.89,86.63,79.32,Senior,1,Intermediate,1
C00616,Data Analyst,Bachelor's,Data Science,5,5,3,1,7,4,6,70.75,2,54.51,53.1,97.2,67.53,76.22,70.79,70.49,67.74,Mid-Level,2,Beginner,0
C00617,Backend Developer,Bachelor's,Computer Science,4,3,4,1,9,5,6,82.82,10,73.35,51.13,87.21,76.86,80.0,82.8,76.05,75.74,Mid-Level,1,Intermediate,1
C00618,Machine Learning Engineer,Master's,Mathematics,11,6,5,1,10,5,6,80.63,9,74.16,78.56,93.26,94.39,91.03,81.92,88.48,77.46,Senior,1,Intermediate,1
C00619,Data Scientist,Master's,Data Science,10,10,2,1,5,5,6,86.88,6,79.21,88.9,100.0,87.29,79.7,89.02,86.51,76.69,Senior,1,Intermediate,0
C00620,Cloud Engineer,Diploma,Software Engineering,6,4,1,0,12,4,6,62.94,5,54.14,55.7,84.6,62.82,61.25,61.28,61.98,57.6,Mid-Level,2,Beginner,0
C00621,UI/UX Designer,Bachelor's,Design,1,3,2,2,5,4,6,63.36,9,65.28,29.22,90.15,59.33,60.94,63.26,58.92,54.95,Junior,2,Beginner,0
C00622,DevOps Engineer,Bachelor's,Electronics,11,7,1,1,7,3,6,51.1,8,51.86,67.85,48.7,75.52,55.13,53.12,58.12,53.65,Senior,3,Beginner,0
C00623,Mobile App Developer,PhD,Software Engineering,11,6,1,0,9,4,6,70.51,9,68.14,77.59,99.43,94.62,80.67,79.38,80.53,67.84,Senior,2,Beginner,0
C00624,Python Developer,Bachelor's,Data Science,3,7,2,0,5,5,6,82.22,10,69.93,44.78,88.01,66.18,75.72,81.44,73.17,67.27,Mid-Level,1,Beginner,0
C00625,Data Analyst,PhD,Information Technology,4,5,1,1,12,4,6,64.47,7,64.53,41.12,92.42,76.98,66.11,68.26,65.01,59.95,Mid-Level,2,Beginner,0
C00626,Cybersecurity Analyst,Diploma,Computer Science,8,13,4,0,9,5,6,87.01,6,81.9,74.02,82.78,86.53,84.8,88.73,81.35,78.15,Senior,1,Intermediate,0
C00627,Java Developer,Bachelor's,Information Technology,4,8,2,1,10,4,6,68.7,7,67.65,50.06,88.74,66.36,64.62,72.44,65.23,59.86,Mid-Level,2,Beginner,0
C00628,Backend Developer,Master's,Computer Science,2,6,1,0,4,4,6,69.62,5,57.23,34.47,100.0,68.44,73.68,74.01,65.86,58.62,Junior,2,Beginner,0
C00629,Cybersecurity Analyst,Bachelor's,Information Technology,11,5,5,0,11,4,6,68.52,5,59.81,79.0,91.95,92.34,77.83,71.27,81.55,70.08,Senior,2,Beginner,0
C00630,UI/UX Designer,Master's,Design,12,12,5,1,6,4,6,61.73,7,65.78,77.74,95.69,96.62,70.08,66.12,80.95,70.22,Senior,2,Beginner,1
C00631,QA Engineer,Master's,Information Technology,10,15,2,0,8,5,6,80.41,5,84.71,82.96,88.17,87.63,84.53,77.51,82.55,76.99,Senior,1,Intermediate,1
C00632,Frontend Developer,Bachelor's,Software Engineering,0,2,3,0,8,2,6,29.6,8,22.6,13.94,93.05,56.78,44.65,30.2,44.5,33.86,Fresher,4,Not Ready,0
C00633,Backend Developer,Bachelor's,Information Technology,2,4,2,0,6,3,6,52.33,7,51.94,27.97,86.93,71.36,57.54,56.65,57.36,45.67,Junior,3,Not Ready,1
C00634,Mobile App Developer,Bachelor's,Computer Science,1,5,0,0,9,3,6,52.97,6,48.95,28.01,85.97,62.24,61.36,56.12,54.86,49.74,Junior,3,Not Ready,0
C00635,UI/UX Designer,Diploma,Computer Science,3,7,3,0,5,3,6,51.69,10,45.96,40.54,60.91,68.76,65.27,59.89,55.67,51.62,Mid-Level,3,Beginner,0
C00636,Cybersecurity Analyst,Master's,Computer Science,7,5,0,0,11,5,6,84.47,3,78.86,63.24,95.86,77.13,73.89,86.17,75.03,73.06,Mid-Level,1,Beginner,0
C00637,Product Designer,Bachelor's,Business,4,9,1,1,10,3,6,46.08,9,46.61,39.65,70.89,76.38,58.35,51.36,57.63,41.85,Mid-Level,3,Not Ready,0
C00638,Cybersecurity Analyst,PhD,Business,2,2,4,0,7,1,6,17.54,3,21.89,19.86,64.41,71.19,39.17,32.97,42.56,25.55,Junior,5,Not Ready,0
C00639,QA Engineer,Master's,Business,5,6,5,1,11,4,6,68.11,2,54.79,53.32,73.29,82.64,77.26,68.17,69.57,61.24,Mid-Level,2,Beginner,0
C00640,DevOps Engineer,Bachelor's,Information Technology,4,6,0,1,9,4,6,66.43,8,58.66,45.99,85.29,63.33,61.97,69.48,64.84,60.33,Mid-Level,2,Beginner,0
C00641,Java Developer,Diploma,Software Engineering,6,8,2,1,4,4,6,66.08,3,58.37,51.07,88.25,73.45,74.85,67.2,71.55,63.04,Mid-Level,2,Beginner,0
C00642,Java Developer,Bachelor's,Electronics,4,10,0,0,4,2,6,37.74,9,41.45,40.04,49.63,76.15,53.98,42.22,52.74,44.29,Mid-Level,4,Not Ready,0
C00643,Backend Developer,Master's,Computer Science,7,10,2,0,11,4,6,68.13,5,73.61,64.05,95.49,87.27,70.95,70.13,74.44,67.79,Mid-Level,2,Beginner,1
C00644,Data Scientist,Bachelor's,Mathematics,4,10,5,0,5,3,6,47.33,9,54.25,42.42,75.17,85.16,67.1,56.08,61.46,50.97,Mid-Level,3,Beginner,0
C00645,Machine Learning Engineer,Bachelor's,Mathematics,10,6,3,0,7,5,6,82.21,7,70.4,82.75,77.27,81.78,82.28,78.83,82.68,79.37,Senior,1,Intermediate,1
C00646,Data Analyst,Bachelor's,Other,2,6,3,0,3,1,6,17.62,8,15.78,20.6,36.06,78.35,45.36,32.64,43.25,27.08,Junior,5,Not Ready,0
C00647,QA Engineer,Master's,Other,4,6,4,0,10,2,6,37.65,8,37.0,36.71,45.38,77.35,45.59,43.0,50.25,39.36,Mid-Level,4,Not Ready,0
C00648,QA Engineer,PhD,Information Technology,13,11,2,0,13,5,6,79.67,6,75.93,81.56,97.75,100.0,82.2,84.45,86.0,73.99,Senior,1,Beginner,0
C00649,Product Designer,Diploma,Computer Science,2,4,3,0,7,2,6,38.19,6,29.6,26.01,46.3,59.4,39.7,46.06,45.63,33.15,Junior,4,Not Ready,0
C00650,Data Scientist,Diploma,Information Technology,4,7,3,0,5,4,6,64.37,3,59.14,43.54,71.54,60.37,65.8,64.22,63.47,54.09,Mid-Level,2,Beginner,1
C00651,DevOps Engineer,Bachelor's,Computer Science,2,5,0,2,9,4,6,66.08,8,67.95,36.31,81.42,58.61,70.4,62.89,65.13,61.0,Junior,2,Beginner,0
C00652,DevOps Engineer,Master's,Other,7,5,1,0,4,2,6,32.7,6,34.49,42.93,37.95,71.52,44.74,39.9,45.5,39.81,Mid-Level,4,Not Ready,0
C00653,Cybersecurity Analyst,Diploma,Electronics,0,2,1,1,3,2,6,37.9,3,21.72,33.19,57.48,52.91,47.43,43.56,42.84,36.27,Fresher,4,Not Ready,0
C00654,Java Developer,Bachelor's,Electronics,2,3,2,1,3,1,6,16.35,4,24.85,29.21,46.86,71.41,39.27,24.07,39.72,27.3,Junior,5,Not Ready,0
C00655,Cybersecurity Analyst,Bachelor's,Other,3,10,2,0,2,2,6,35.67,6,33.67,36.72,30.96,72.11,45.21,44.47,48.13,37.85,Mid-Level,4,Not Ready,0
C00656,Frontend Developer,Bachelor's,Other,0,0,0,1,2,1,6,16.24,9,16.92,20.61,29.52,44.51,26.37,22.27,24.96,18.88,Fresher,5,Not Ready,0
C00657,Mobile App Developer,Bachelor's,Software Engineering,1,6,5,2,8,4,6,61.85,4,63.25,29.55,97.87,72.68,60.36,67.89,62.77,62.57,Junior,2,Beginner,0
C00658,Mobile App Developer,Bachelor's,Electronics,10,5,2,0,10,4,6,65.65,9,61.05,73.28,53.03,76.71,63.6,72.01,65.33,62.83,Senior,2,Beginner,1
C00659,Frontend Developer,Bachelor's,Software Engineering,0,3,3,2,2,2,6,34.27,10,35.52,14.26,98.28,69.86,51.0,45.21,50.66,40.36,Fresher,4,Not Ready,0
C00660,UI/UX Designer,Master's,Computer Science,8,9,0,0,9,4,6,65.6,2,65.04,62.27,77.87,86.28,66.99,71.51,69.88,59.17,Senior,2,Beginner,0
C00661,Full Stack Developer,Bachelor's,Software Engineering,4,10,3,1,8,6,7,82.93,4,82.99,53.13,94.7,84.2,83.65,84.89,82.22,69.07,Mid-Level,1,Beginner,1
C00662,QA Engineer,Master's,Business,5,3,3,0,10,4,6,66.96,4,55.4,51.64,70.21,74.69,73.48,72.12,66.48,60.29,Mid-Level,2,Beginner,0
C00663,Data Analyst,Bachelor's,Data Science,12,7,5,1,12,5,6,87.11,7,75.86,89.13,99.11,84.2,81.67,91.03,89.28,79.48,Senior,1,Intermediate,1
C00664,Cybersecurity Analyst,Bachelor's,Other,3,5,1,1,4,2,6,33.36,5,39.74,33.05,25.2,61.43,50.39,36.81,44.89,36.4,Mid-Level,4,Not Ready,0
C00665,Java Developer,Diploma,Information Technology,8,13,2,1,7,5,6,86.42,8,90.97,73.77,79.57,74.67,86.96,83.32,79.69,75.98,Senior,1,Intermediate,1
C00666,Product Designer,Bachelor's,Computer Science,12,11,1,0,9,4,6,68.85,3,65.25,75.11,56.97,78.64,74.11,69.53,72.06,64.65,Senior,2,Beginner,0
C00667,Full Stack Developer,Bachelor's,Software Engineering,2,5,2,2,9,4,7,56.26,7,45.78,33.36,94.98,67.44,64.05,55.27,59.95,55.63,Junior,3,Beginner,1
C00668,Data Analyst,Diploma,Information Technology,3,3,4,1,9,4,6,62.27,9,55.04,41.04,66.44,61.54,56.28,57.21,59.67,51.99,Mid-Level,2,Beginner,1
C00669,Data Scientist,Bachelor's,Information Technology,10,11,2,0,13,5,6,79.2,9,78.73,79.92,76.88,88.53,79.16,76.19,81.51,75.17,Senior,1,Intermediate,1
C00670,Python Developer,Bachelor's,Software Engineering,6,7,3,0,10,4,6,70.95,6,69.09,53.78,93.23,74.7,72.52,74.14,71.95,62.28,Mid-Level,2,Beginner,1
C00671,Java Developer,Master's,Information Technology,2,3,5,1,8,3,6,49.27,8,50.73,31.6,100.0,80.56,67.92,55.48,63.06,57.43,Junior,3,Beginner,0
C00672,Python Developer,Bachelor's,Data Science,2,4,1,1,10,4,6,65.7,6,54.77,32.64,83.56,56.82,66.04,61.45,60.12,53.58,Junior,2,Beginner,1
C00673,Frontend Developer,Bachelor's,Computer Science,1,3,0,1,9,3,6,50.91,4,46.09,26.48,89.19,48.86,50.35,50.55,48.32,40.99,Junior,3,Not Ready,0
C00674,Python Developer,Diploma,Software Engineering,2,1,1,2,10,3,6,47.51,8,36.28,34.52,89.58,43.19,43.02,43.75,47.52,39.21,Junior,3,Not Ready,0
C00675,Full Stack Developer,Bachelor's,Software Engineering,8,11,5,1,13,5,7,74.47,8,78.31,67.03,91.27,86.72,75.45,74.55,78.68,73.05,Senior,2,Beginner,1
C00676,Data Analyst,Diploma,Other,3,10,5,1,2,2,6,36.06,8,39.09,36.23,21.43,71.44,52.76,43.8,47.47,39.94,Mid-Level,4,Not Ready,0
C00677,Full Stack Developer,Diploma,Software Engineering,1,2,5,1,7,5,7,67.01,9,54.39,29.43,87.17,57.96,57.58,65.26,56.53,57.27,Junior,2,Beginner,1
C00678,Cybersecurity Analyst,Bachelor's,Information Technology,0,0,3,3,6,3,6,51.87,6,16.83,29.2,94.15,51.65,45.75,48.85,50.52,47.66,Fresher,3,Not Ready,0
C00679,Cybersecurity Analyst,Bachelor's,Electronics,9,6,1,1,5,4,6,65.24,5,63.57,65.24,68.42,83.38,66.53,64.59,72.69,58.99,Senior,2,Beginner,1
C00680,Backend Developer,Bachelor's,Information Technology,5,7,3,1,8,4,6,65.1,5,62.4,49.64,92.2,84.1,65.37,68.93,70.81,66.05,Mid-Level,2,Beginner,0
C00681,Mobile App Developer,Bachelor's,Electronics,1,2,1,2,7,1,6,20.43,6,8.64,26.01,52.32,60.02,35.29,23.8,40.59,24.85,Junior,5,Not Ready,0
C00682,Full Stack Developer,Bachelor's,Information Technology,1,4,0,2,5,3,7,40.0,9,33.32,26.42,90.74,57.59,52.11,47.13,51.16,35.3,Junior,4,Not Ready,0
C00683,Backend Developer,Bachelor's,Software Engineering,7,6,3,1,12,4,6,65.17,6,69.01,61.18,91.34,70.57,74.12,62.37,68.35,64.72,Mid-Level,2,Beginner,0
C00684,Machine Learning Engineer,Bachelor's,Information Technology,3,8,2,1,12,4,6,62.01,9,62.45,40.78,88.1,76.1,70.81,62.94,64.76,56.28,Mid-Level,2,Beginner,1
C00685,Mobile App Developer,PhD,Information Technology,7,5,5,1,10,3,6,46.4,6,44.65,48.46,100.0,100.0,65.68,61.25,71.97,58.72,Mid-Level,3,Beginner,1
C00686,Mobile App Developer,Bachelor's,Software Engineering,0,3,0,2,7,3,6,50.54,9,52.28,29.42,97.32,60.46,49.96,48.36,54.28,47.25,Fresher,3,Not Ready,0
C00687,DevOps Engineer,Bachelor's,Software Engineering,4,4,5,0,10,4,6,62.05,2,61.18,40.33,93.28,78.51,70.13,61.98,65.79,66.5,Mid-Level,2,Beginner,0
C00688,Backend Developer,Bachelor's,Computer Science,1,1,5,1,8,4,6,67.76,7,57.13,34.13,85.88,66.23,64.16,67.08,62.59,63.57,Junior,2,Beginner,0
C00689,Backend Developer,Bachelor's,Data Science,0,2,0,1,2,2,6,37.64,3,25.6,16.86,60.77,58.19,37.94,42.4,41.08,29.5,Fresher,4,Not Ready,0
C00690,QA Engineer,Master's,Software Engineering,14,13,4,1,10,5,6,80.98,9,86.48,76.56,94.51,97.91,90.34,85.28,89.66,81.29,Senior,1,Intermediate,1
C00691,Frontend Developer,Diploma,Software Engineering,3,6,3,1,6,4,6,62.46,3,61.21,37.28,85.54,66.03,66.19,61.5,64.35,59.35,Mid-Level,2,Beginner,0
C00692,Mobile App Developer,Bachelor's,Computer Science,10,15,2,1,12,5,6,82.09,2,93.75,82.82,93.18,82.03,77.33,80.49,81.96,77.13,Senior,1,Intermediate,1
C00693,Mobile App Developer,Bachelor's,Other,9,8,5,0,9,3,6,54.32,2,58.62,67.06,30.25,89.48,70.46,59.76,65.46,58.88,Senior,3,Beginner,1
C00694,Machine Learning Engineer,Bachelor's,Computer Science,6,3,3,1,7,4,6,62.51,8,50.67,49.37,87.53,66.16,68.97,58.63,66.52,57.05,Mid-Level,2,Beginner,0
C00695,Full Stack Developer,Bachelor's,Information Technology,11,15,1,0,13,6,7,84.53,9,89.6,88.01,86.15,81.81,81.02,86.09,82.84,82.5,Senior,1,Intermediate,1
C00696,DevOps Engineer,Master's,Computer Science,6,7,4,0,6,5,6,85.69,7,72.55,59.44,91.45,94.12,85.17,86.94,81.49,74.37,Mid-Level,1,Beginner,1
C00697,Full Stack Developer,PhD,Information Technology,3,3,5,1,8,5,7,71.9,4,54.3,42.01,98.15,91.21,85.37,73.05,76.56,63.75,Mid-Level,2,Beginner,1
C00698,Cybersecurity Analyst,Master's,Business,11,9,2,1,9,3,6,50.04,8,52.93,67.57,57.53,81.99,56.93,60.3,64.64,52.99,Senior,3,Beginner,0
C00699,Machine Learning Engineer,Bachelor's,Mathematics,9,13,4,0,6,5,6,85.97,5,89.73,76.49,77.05,90.02,84.88,89.33,83.37,76.36,Senior,1,Intermediate,0
C00700,Frontend Developer,PhD,Computer Science,11,8,5,1,5,5,6,82.66,4,71.8,84.22,99.88,100.0,95.55,84.02,89.69,87.1,Senior,1,Intermediate,1
C00701,Frontend Developer,Bachelor's,Electronics,4,9,3,0,2,2,6,35.49,5,34.33,33.03,47.91,83.48,50.25,47.27,54.71,39.01,Mid-Level,4,Not Ready,0
C00702,DevOps Engineer,Bachelor's,Information Technology,0,3,1,3,8,2,6,34.36,6,38.94,31.55,94.38,63.73,45.59,41.81,52.46,39.67,Fresher,4,Not Ready,0
C00703,Backend Developer,Bachelor's,Software Engineering,11,5,1,0,13,5,6,87.84,5,70.08,84.74,97.46,71.8,85.85,85.15,84.79,76.66,Senior,1,Intermediate,0
C00704,Backend Developer,Bachelor's,Information Technology,4,8,5,0,6,4,6,71.28,10,65.52,45.36,92.34,80.68,73.56,72.25,72.68,66.99,Mid-Level,2,Beginner,0
C00705,Python Developer,Diploma,Software Engineering,5,4,1,0,6,4,6,62.93,2,66.26,50.47,86.05,54.93,66.27,62.71,63.82,58.14,Mid-Level,2,Beginner,0
C00706,Java Developer,Master's,Electronics,7,6,5,1,9,2,6,31.04,4,32.24,50.73,57.71,82.01,44.65,38.98,51.0,40.08,Mid-Level,4,Not Ready,0
C00707,Python Developer,Bachelor's,Computer Science,6,3,4,0,12,4,6,65.75,3,51.66,56.72,91.76,79.03,74.72,63.4,75.28,67.34,Mid-Level,2,Beginner,1
C00708,Mobile App Developer,Diploma,Other,8,12,0,1,6,4,6,70.04,9,64.83,70.91,22.39,69.86,71.1,74.46,65.28,59.81,Senior,2,Beginner,0
C00709,Machine Learning Engineer,Master's,Data Science,1,2,2,2,10,3,6,51.87,5,47.67,31.43,100.0,72.57,53.18,55.03,56.26,48.27,Junior,3,Not Ready,0
C00710,Java Developer,Master's,Electronics,14,11,0,0,3,3,6,45.93,3,57.93,63.33,60.32,91.39,70.95,54.05,69.94,51.65,Senior,3,Beginner,0
C00711,QA Engineer,Bachelor's,Computer Science,3,9,0,1,6,4,6,66.21,7,70.59,35.08,73.67,61.61,64.31,67.19,59.67,57.43,Mid-Level,2,Beginner,0
C00712,Cybersecurity Analyst,Master's,Information Technology,9,5,1,0,10,5,6,83.23,9,73.37,75.03,96.99,71.68,80.74,78.4,78.69,77.5,Senior,1,Intermediate,1
C00713,Data Analyst,Bachelor's,Data Science,2,5,0,1,5,4,6,62.96,3,60.09,36.1,95.07,62.63,67.8,58.35,62.05,53.6,Junior,2,Beginner,0
C00714,Frontend Developer,Bachelor's,Information Technology,11,5,2,1,13,5,6,84.97,2,72.26,81.6,92.19,75.14,81.7,78.24,79.39,76.3,Senior,1,Intermediate,0
C00715,Frontend Developer,Master's,Computer Science,12,11,3,1,13,5,6,85.66,7,84.94,82.59,100.0,89.54,87.4,86.92,88.27,82.72,Senior,1,Intermediate,1
C00716,Mobile App Developer,Master's,Electronics,14,12,5,0,5,4,6,71.1,3,64.91,76.95,57.65,100.0,82.74,79.36,78.6,68.16,Senior,2,Beginner,0
C00717,Cloud Engineer,Bachelor's,Information Technology,5,6,0,1,8,4,6,65.17,5,65.67,50.1,88.68,60.1,68.02,62.85,65.6,61.74,Mid-Level,2,Beginner,0
C00718,UI/UX Designer,Master's,Computer Science,10,7,1,1,12,4,6,63.49,3,70.91,70.65,82.55,80.9,75.41,68.93,75.4,64.79,Senior,2,Beginner,0
C00719,Product Designer,Bachelor's,Design,1,3,1,2,7,3,6,54.76,2,41.47,29.6,94.61,59.66,62.22,58.36,55.41,54.35,Junior,3,Beginner,0
C00720,Backend Developer,Master's,Software Engineering,9,13,4,1,5,5,6,79.46,9,83.73,72.39,100.0,88.75,87.78,84.67,82.83,82.59,Senior,1,Intermediate,0
C00721,Cloud Engineer,Bachelor's,Software Engineering,11,11,4,0,13,5,6,80.27,10,79.72,81.44,90.05,96.89,91.58,84.41,90.09,76.99,Senior,1,Intermediate,1
C00722,QA Engineer,Master's,Computer Science,6,10,4,0,3,3,6,51.95,7,53.55,48.12,88.76,83.19,61.26,58.98,64.45,56.66,Mid-Level,3,Beginner,0
C00723,Cybersecurity Analyst,Master's,Computer Science,7,8,2,1,6,4,6,67.16,4,72.52,57.53,100.0,87.13,73.2,66.23,72.56,66.12,Mid-Level,2,Beginner,0
C00724,Python Developer,Diploma,Software Engineering,5,3,5,0,6,4,6,67.27,10,54.65,49.25,81.67,62.72,66.0,63.34,64.6,58.87,Mid-Level,2,Beginner,0
C00725,Data Analyst,Master's,Data Science,7,6,0,0,12,4,6,62.38,9,63.9,58.73,97.64,74.78,74.13,65.35,71.89,60.94,Mid-Level,2,Beginner,0
C00726,Mobile App Developer,Master's,Information Technology,4,7,2,1,9,5,6,82.66,2,82.43,46.21,100.0,80.72,78.53,80.24,76.19,73.44,Mid-Level,1,Beginner,0
C00727,Product Designer,Diploma,Business,2,6,4,0,4,2,6,29.38,6,31.47,26.93,58.8,56.71,47.84,37.01,42.34,35.16,Junior,4,Not Ready,0
C00728,Cybersecurity Analyst,Bachelor's,Computer Science,6,10,0,0,7,4,6,70.26,8,64.43,59.9,88.8,76.61,70.27,73.37,69.27,65.5,Mid-Level,2,Beginner,0
C00729,Frontend Developer,Master's,Other,3,4,5,1,9,3,6,54.09,8,46.19,36.63,38.6,83.54,72.01,57.05,64.28,54.3,Mid-Level,3,Beginner,1
C00730,Machine Learning Engineer,Master's,Computer Science,14,9,4,1,9,4,6,62.79,6,63.49,76.3,100.0,100.0,79.65,65.29,80.17,66.57,Senior,2,Beginner,1
C00731,Full Stack Developer,Bachelor's,Computer Science,12,10,1,1,9,6,7,82.51,4,85.92,82.08,89.64,81.84,89.54,79.52,84.85,80.81,Senior,1,Intermediate,0
C00732,Cybersecurity Analyst,Master's,Information Technology,10,11,1,1,13,5,6,79.22,2,84.91,77.25,97.88,88.71,83.53,76.88,85.43,77.51,Senior,1,Intermediate,1
C00733,Machine Learning Engineer,Bachelor's,Mathematics,4,7,0,0,4,4,6,65.62,9,60.99,49.11,81.1,69.25,60.27,65.95,66.61,52.75,Mid-Level,2,Beginner,0
C00734,Python Developer,Master's,Computer Science,10,11,5,0,12,5,6,81.96,10,88.68,81.29,99.18,100.0,93.57,80.91,91.55,80.97,Senior,1,Intermediate,1
C00735,Full Stack Developer,Bachelor's,Information Technology,0,2,1,2,7,3,7,38.93,7,31.62,21.76,85.33,63.27,42.52,48.26,49.38,39.06,Fresher,4,Not Ready,0
C00736,Product Designer,Master's,Design,5,8,3,1,12,4,6,68.64,7,66.72,46.31,100.0,86.55,76.35,71.01,73.87,66.52,Mid-Level,2,Beginner,1
C00737,Full Stack Developer,Bachelor's,Software Engineering,6,8,5,0,9,5,7,67.45,8,62.13,54.06,90.51,83.4,77.32,73.07,71.51,64.23,Mid-Level,2,Beginner,0
C00738,Java Developer,Bachelor's,Computer Science,7,6,0,0,7,4,6,71.1,4,67.2,60.66,86.81,67.19,74.19,70.42,68.67,66.74,Mid-Level,2,Beginner,0
C00739,UI/UX Designer,Bachelor's,Computer Science,1,5,4,0,6,3,6,48.43,7,43.37,21.91,68.99,75.36,53.94,49.26,55.54,48.15,Junior,3,Not Ready,0
C00740,Data Scientist,Bachelor's,Data Science,9,9,2,1,8,5,6,85.33,4,76.11,73.88,99.03,90.72,93.25,88.29,90.94,80.91,Senior,1,Intermediate,1
C00741,QA Engineer,Bachelor's,Computer Science,4,9,5,1,9,3,6,52.42,3,51.68,42.11,73.3,90.46,60.39,58.88,62.41,56.24,Mid-Level,3,Beginner,0
C00742,Full Stack Developer,Bachelor's,Computer Science,6,6,2,0,5,4,7,61.51,4,47.01,48.51,89.38,73.74,66.42,62.17,64.42,55.87,Mid-Level,3,Beginner,0
C00743,Backend Developer,Master's,Software Engineering,10,15,2,0,13,5,6,80.34,2,83.26,78.65,96.62,86.6,83.15,82.22,86.65,74.41,Senior,1,Beginner,0
C00744,Java Developer,Master's,Software Engineering,5,4,3,1,9,4,6,64.29,7,51.96,51.73,98.05,70.26,62.19,67.55,68.45,60.12,Mid-Level,2,Beginner,0
C00745,Full Stack Developer,Bachelor's,Computer Science,5,4,4,0,9,5,7,72.23,3,70.31,51.74,85.69,72.76,72.58,67.57,69.6,70.22,Mid-Level,2,Beginner,0
C00746,Java Developer,Bachelor's,Information Technology,11,14,1,0,11,5,6,82.16,10,92.04,81.36,94.67,81.29,87.36,81.26,84.69,76.61,Senior,1,Intermediate,1
C00747,Data Scientist,Bachelor's,Mathematics,0,0,0,0,3,2,6,30.48,3,14.31,18.65,78.0,44.76,28.24,32.85,35.58,28.61,Fresher,4,Not Ready,0
C00748,Data Scientist,Master's,Computer Science,7,6,2,1,11,4,6,66.47,5,62.31,57.65,92.15,75.22,73.47,70.92,71.43,66.2,Mid-Level,2,Beginner,0
C00749,QA Engineer,Diploma,Other,0,3,2,3,9,1,6,13.71,2,12.81,13.46,21.26,54.47,29.53,24.69,30.05,19.33,Fresher,5,Not Ready,0
C00750,DevOps Engineer,Diploma,Information Technology,5,6,1,1,6,4,6,61.76,3,54.86,50.37,83.52,55.75,62.36,63.48,59.71,51.9,Mid-Level,2,Beginner,1
C00751,Backend Developer,Bachelor's,Computer Science,5,7,0,1,4,4,6,69.35,8,59.38,48.23,87.69,75.87,67.12,71.41,71.64,55.66,Mid-Level,2,Beginner,1
C00752,Backend Developer,Master's,Data Science,10,8,4,0,6,4,6,68.01,6,69.51,72.41,74.86,98.26,77.53,70.81,78.82,72.36,Senior,2,Beginner,0
C00753,Machine Learning Engineer,Bachelor's,Other,4,10,3,0,3,2,6,34.49,9,39.51,38.27,33.93,87.01,56.17,47.68,51.08,36.86,Mid-Level,4,Not Ready,0
C00754,Mobile App Developer,Diploma,Computer Science,4,7,3,1,9,4,6,61.82,3,60.07,44.42,80.14,72.31,68.34,63.06,67.88,61.55,Mid-Level,2,Beginner,0
C00755,Data Analyst,Diploma,Information Technology,0,0,1,1,6,3,6,52.9,8,14.78,34.66,71.25,43.54,42.96,54.31,45.68,43.36,Fresher,3,Not Ready,0
C00756,Frontend Developer,Bachelor's,Software Engineering,3,6,4,0,5,4,6,65.31,3,59.98,42.19,96.36,78.36,65.7,67.86,70.06,61.28,Mid-Level,2,Beginner,0
C00757,QA Engineer,Master's,Software Engineering,9,15,4,0,6,5,6,87.29,4,81.27,74.85,99.96,87.74,93.71,84.83,89.78,85.51,Senior,1,Intermediate,1
C00758,Cybersecurity Analyst,PhD,Information Technology,15,10,3,1,13,5,6,79.49,3,80.18,79.45,100.0,100.0,87.75,85.05,91.56,74.48,Senior,1,Beginner,0
C00759,Python Developer,Master's,Software Engineering,4,5,2,1,12,4,6,67.27,9,58.15,48.65,96.55,74.85,77.23,71.85,72.95,57.92,Mid-Level,2,Beginner,1
C00760,Cybersecurity Analyst,Bachelor's,Other,7,8,2,0,9,2,6,31.19,6,38.94,44.33,27.63,80.09,44.17,36.55,47.51,38.66,Mid-Level,4,Not Ready,0
C00761,Backend Developer,Bachelor's,Software Engineering,6,3,0,0,12,4,6,71.03,8,50.71,60.35,96.73,68.36,64.91,68.45,71.1,57.24,Mid-Level,2,Beginner,0
C00762,Cloud Engineer,Master's,Software Engineering,3,3,2,0,9,4,6,68.84,9,60.71,35.94,100.0,62.37,64.22,64.04,64.6,63.75,Mid-Level,2,Beginner,0
C00763,Mobile App Developer,Master's,Computer Science,9,15,5,0,10,4,6,61.97,7,70.58,64.0,100.0,100.0,76.41,73.96,76.93,66.56,Senior,2,Beginner,0
C00764,QA Engineer,Bachelor's,Information Technology,3,8,5,0,10,5,6,84.38,8,80.49,40.17,80.32,80.62,90.87,86.98,80.39,76.32,Mid-Level,1,Intermediate,0
C00765,Machine Learning Engineer,Bachelor's,Data Science,4,6,2,0,8,4,6,62.75,10,61.9,47.69,96.77,74.99,74.66,60.74,67.0,63.14,Mid-Level,2,Beginner,0
C00766,Product Designer,Bachelor's,Computer Science,2,2,5,0,5,2,6,33.45,9,28.71,29.75,60.12,69.19,43.77,37.26,46.17,41.29,Junior,4,Not Ready,0
C00767,Backend Developer,Bachelor's,Computer Science,11,11,4,1,6,5,6,84.04,2,82.91,82.74,90.5,93.05,91.09,81.94,90.0,78.27,Senior,1,Intermediate,0
C00768,DevOps Engineer,PhD,Other,7,4,0,0,4,2,6,32.77,3,27.65,51.1,44.85,83.71,55.29,41.49,55.71,36.1,Mid-Level,4,Not Ready,0
C00769,Backend Developer,Master's,Software Engineering,8,9,0,1,12,5,6,81.27,2,72.7,70.2,100.0,77.7,79.38,83.74,77.86,75.81,Senior,1,Intermediate,1
C00770,Data Analyst,Master's,Computer Science,2,3,1,0,8,3,6,48.74,10,41.83,32.31,91.76,65.13,61.14,47.34,58.64,50.33,Junior,3,Beginner,0
C00771,Full Stack Developer,Master's,Software Engineering,10,11,3,0,9,6,7,84.04,9,85.12,77.89,95.14,89.84,79.97,82.8,82.72,74.35,Senior,1,Beginner,1
C00772,Cybersecurity Analyst,Diploma,Electronics,7,5,2,0,10,3,6,54.12,7,53.78,57.21,61.54,56.09,62.67,58.29,60.32,55.89,Mid-Level,3,Beginner,1
C00773,Backend Developer,Master's,Information Technology,9,15,1,1,7,5,6,79.33,3,93.42,72.57,96.41,87.43,86.8,82.14,82.31,72.0,Senior,1,Beginner,1
C00774,Data Scientist,PhD,Mathematics,15,10,3,1,4,4,6,70.7,7,66.89,76.59,90.25,98.16,86.09,76.46,83.15,70.08,Senior,2,Beginner,1
C00775,Python Developer,Bachelor's,Computer Science,11,8,1,1,6,4,6,68.2,3,68.23,75.73,92.52,86.3,82.43,74.9,80.66,67.5,Senior,2,Beginner,1
C00776,Backend Developer,Bachelor's,Computer Science,1,3,3,0,6,3,6,45.57,7,52.16,26.77,90.88,67.49,54.29,45.27,55.62,50.24,Junior,3,Beginner,0
C00777,Data Analyst,Master's,Data Science,3,4,4,0,9,4,6,63.28,7,57.29,42.47,100.0,75.63,69.64,67.96,66.95,58.2,Mid-Level,2,Beginner,1
C00778,DevOps Engineer,Bachelor's,Other,11,11,1,0,9,3,6,52.03,2,52.06,68.53,27.61,80.11,57.95,55.28,57.78,52.62,Senior,3,Beginner,1
C00779,Full Stack Developer,Diploma,Computer Science,2,5,4,0,8,3,7,43.98,3,35.29,25.44,82.54,58.49,56.04,49.07,49.14,48.45,Junior,4,Not Ready,0
C00780,UI/UX Designer,Master's,Computer Science,4,8,2,0,10,4,6,71.6,5,61.05,45.94,81.24,71.63,63.85,67.8,67.68,61.2,Mid-Level,2,Beginner,0
C00781,Product Designer,Diploma,Computer Science,5,5,5,0,7,4,6,65.64,9,62.83,52.53,52.8,70.31,73.24,65.49,67.79,59.29,Mid-Level,2,Beginner,0
C00782,Cybersecurity Analyst,Diploma,Business,5,4,4,1,9,2,6,30.62,9,28.38,42.53,44.01,66.36,46.78,37.51,46.07,42.52,Mid-Level,4,Not Ready,0
C00783,Data Analyst,Bachelor's,Computer Science,0,1,1,0,10,2,6,32.91,8,28.47,22.83,81.4,50.38,34.85,32.05,42.67,33.35,Fresher,4,Not Ready,0
C00784,Frontend Developer,Master's,Software Engineering,13,15,0,1,9,5,6,82.21,7,84.68,81.94,100.0,90.59,91.56,80.59,86.2,79.79,Senior,1,Intermediate,0
C00785,Machine Learning Engineer,Diploma,Mathematics,5,8,3,1,7,4,6,70.96,6,68.81,48.3,72.63,64.25,68.61,66.34,64.3,61.04,Mid-Level,2,Beginner,0
C00786,Java Developer,Bachelor's,Electronics,5,4,1,0,6,2,6,28.62,10,34.74,36.9,54.76,60.4,42.46,39.04,45.58,36.24,Mid-Level,4,Not Ready,0
C00787,DevOps Engineer,Bachelor's,Computer Science,12,10,2,0,7,5,6,85.58,9,89.11,78.7,82.6,86.73,89.35,88.72,83.64,77.06,Senior,1,Intermediate,0
C00788,Product Designer,Bachelor's,Business,12,7,4,1,11,4,6,69.66,2,65.12,74.67,72.73,92.8,75.31,74.75,76.2,68.93,Senior,2,Beginner,1
C00789,Backend Developer,Bachelor's,Other,5,6,5,1,7,2,6,36.21,7,43.41,42.85,25.2,77.55,45.39,43.5,51.34,36.39,Mid-Level,4,Not Ready,0
C00790,Cloud Engineer,Bachelor's,Software Engineering,2,2,5,1,11,3,6,51.82,2,45.88,36.3,91.69,76.17,54.23,56.4,59.56,51.09,Junior,3,Beginner,0
C00791,QA Engineer,Bachelor's,Information Technology,11,5,5,0,7,5,6,79.22,6,80.92,81.89,79.8,92.78,82.41,81.24,83.32,77.37,Senior,1,Intermediate,0
C00792,Cybersecurity Analyst,Master's,Computer Science,1,5,3,2,9,3,6,49.28,4,41.08,23.31,100.0,73.36,51.03,52.26,57.97,47.1,Junior,3,Not Ready,0
C00793,Java Developer,Master's,Information Technology,14,10,5,1,7,4,6,70.12,4,74.91,72.83,100.0,100.0,78.21,78.34,85.46,71.93,Senior,2,Beginner,1
C00794,Machine Learning Engineer,Bachelor's,Other,6,6,0,1,7,2,6,37.87,3,28.52,45.82,37.09,67.65,45.35,45.88,46.44,36.84,Mid-Level,4,Not Ready,0
C00795,UI/UX Designer,PhD,Design,13,6,0,0,7,5,6,80.76,7,74.29,81.25,97.33,89.96,87.83,83.4,84.09,77.47,Senior,1,Intermediate,1
C00796,DevOps Engineer,Master's,Information Technology,3,4,4,1,12,4,6,65.17,2,65.07,40.3,96.27,71.77,71.09,70.54,67.29,62.54,Mid-Level,2,Beginner,0
C00797,Cybersecurity Analyst,Bachelor's,Information Technology,1,1,1,1,7,3,6,51.89,8,35.21,26.7,98.21,49.16,55.38,50.11,50.53,47.65,Junior,3,Not Ready,0
C00798,Data Scientist,Master's,Other,5,9,3,0,9,3,6,45.02,4,51.58,42.17,48.19,86.62,63.36,51.99,62.32,48.03,Mid-Level,3,Not Ready,0
C00799,Full Stack Developer,PhD,Information Technology,3,7,2,1,9,4,7,57.27,7,61.24,40.63,100.0,84.33,64.16,66.31,69.9,54.06,Mid-Level,3,Beginner,0
C00800,Data Analyst,PhD,Business,12,14,4,0,12,5,6,87.2,7,87.33,84.69,86.46,94.82,94.17,88.77,91.28,84.0,Senior,1,Intermediate,0
C00801,Cloud Engineer,Bachelor's,Computer Science,0,1,0,0,7,2,6,30.29,3,35.73,16.73,81.53,52.95,41.12,31.36,43.51,35.97,Fresher,4,Not Ready,0
C00802,Java Developer,Bachelor's,Other,5,6,1,0,9,3,6,51.98,7,42.32,46.19,29.18,64.5,56.16,55.49,51.97,47.33,Mid-Level,3,Not Ready,0
C00803,Mobile App Developer,Bachelor's,Electronics,4,5,4,1,3,2,6,36.71,6,28.61,38.33,45.83,75.05,58.57,43.01,51.64,41.35,Mid-Level,4,Not Ready,0
C00804,DevOps Engineer,Bachelor's,Software Engineering,3,9,0,0,10,5,6,86.86,4,87.73,47.01,87.67,66.31,81.47,82.51,77.44,72.9,Mid-Level,1,Beginner,1
C00805,Data Scientist,Master's,Mathematics,1,5,1,0,8,3,6,49.59,5,43.53,22.13,83.7,67.38,56.79,53.4,57.98,48.84,Junior,3,Not Ready,0
C00806,Cloud Engineer,Bachelor's,Information Technology,5,6,2,0,12,4,6,69.65,5,62.72,54.43,90.72,77.39,66.86,73.34,70.33,61.24,Mid-Level,2,Beginner,0
C00807,Frontend Developer,Bachelor's,Information Technology,9,7,4,1,5,5,6,85.28,8,81.48,73.31,87.45,91.58,79.96,90.91,84.71,76.43,Senior,1,Intermediate,1
C00808,Full Stack Developer,Diploma,Computer Science,8,12,0,1,7,5,7,72.55,7,69.81,68.2,80.29,63.77,61.6,66.17,64.9,66.54,Senior,2,Beginner,1
C00809,Full Stack Developer,Master's,Information Technology,6,4,1,0,6,5,7,71.56,6,66.55,52.83,97.74,73.9,69.72,71.45,72.37,64.19,Mid-Level,2,Beginner,0
C00810,Product Designer,Bachelor's,Business,9,6,3,0,7,5,6,83.68,10,78.53,76.47,73.74,80.1,86.47,83.79,78.83,80.44,Senior,1,Intermediate,1
C00811,DevOps Engineer,Master's,Software Engineering,2,3,0,1,12,4,6,62.21,4,59.38,32.37,99.28,55.95,60.71,60.75,57.13,55.2,Junior,2,Beginner,0
C00812,Python Developer,Master's,Data Science,5,6,4,1,10,4,6,71.2,2,68.18,47.95,92.97,82.47,74.14,74.21,73.94,69.09,Mid-Level,2,Beginner,0
C00813,Data Analyst,Diploma,Business,8,7,3,1,7,4,6,71.38,3,57.72,62.75,64.58,67.2,62.45,72.59,68.23,61.79,Senior,2,Beginner,1
C00814,UI/UX Designer,Bachelor's,Computer Science,7,10,2,0,12,4,6,64.63,4,66.0,63.28,74.06,89.12,80.86,65.81,77.49,63.58,Mid-Level,2,Beginner,1
C00815,Frontend Developer,Bachelor's,Software Engineering,0,1,1,1,9,3,6,48.22,7,34.7,30.07,98.96,48.73,52.85,49.58,51.31,43.05,Fresher,3,Not Ready,0
C00816,Frontend Developer,Master's,Software Engineering,12,14,1,1,12,5,6,79.24,6,86.25,77.74,96.94,90.58,90.36,80.55,84.65,78.99,Senior,1,Intermediate,1
C00817,UI/UX Designer,Master's,Information Technology,8,14,4,1,10,4,6,69.19,7,67.57,64.88,73.48,94.18,86.05,77.93,77.24,65.85,Senior,2,Beginner,0
C00818,QA Engineer,Bachelor's,Software Engineering,1,5,5,2,7,4,6,71.29,7,63.29,31.08,88.38,69.33,70.9,71.45,67.84,59.77,Junior,2,Beginner,1
C00819,Product Designer,Bachelor's,Other,4,9,0,1,6,2,6,35.88,8,44.18,37.41,27.66,75.81,51.46,48.32,47.45,32.1,Mid-Level,4,Not Ready,0
C00820,Full Stack Developer,Master's,Other,14,8,2,1,8,4,7,61.51,6,62.95,73.37,43.44,86.12,78.31,65.75,72.07,61.12,Senior,3,Beginner,0
C00821,Product Designer,Bachelor's,Design,11,11,4,0,8,5,6,82.78,10,84.59,77.28,91.39,87.92,88.11,79.8,87.89,77.48,Senior,1,Intermediate,1
C00822,Full Stack Developer,Bachelor's,Computer Science,5,7,0,1,7,5,7,75.18,9,69.47,50.41,86.88,67.61,79.42,71.14,73.19,64.05,Mid-Level,2,Beginner,1
C00823,Cloud Engineer,Bachelor's,Computer Science,8,14,4,1,8,5,6,80.77,7,90.27,75.05,80.68,84.09,88.22,84.53,85.4,78.86,Senior,1,Intermediate,1
C00824,DevOps Engineer,Bachelor's,Computer Science,3,5,2,0,8,4,6,63.32,6,68.55,40.09,80.96,70.02,66.61,66.29,61.8,58.94,Mid-Level,2,Beginner,0
C00825,Full Stack Developer,Master's,Software Engineering,14,8,1,1,6,6,7,81.09,10,77.13,76.6,96.95,80.88,83.87,78.36,82.7,79.37,Senior,1,Intermediate,1
C00826,Machine Learning Engineer,Bachelor's,Computer Science,12,14,1,1,7,5,6,80.1,3,88.81,84.57,88.64,87.1,84.67,80.15,82.78,80.59,Senior,1,Intermediate,1
C00827,Python Developer,Bachelor's,Computer Science,2,2,4,0,11,3,6,52.77,2,38.66,31.6,90.27,69.27,65.41,59.75,60.34,46.94,Junior,3,Not Ready,0
C00828,Data Scientist,Bachelor's,Information Technology,3,4,5,0,5,4,6,63.21,3,61.68,41.68,76.83,72.93,70.45,60.63,65.03,62.85,Mid-Level,2,Beginner,0
C00829,Cybersecurity Analyst,Master's,Electronics,2,3,4,0,7,3,6,48.54,8,44.22,30.92,80.97,77.67,59.13,51.39,57.35,44.4,Junior,3,Not Ready,0
C00830,Cloud Engineer,Master's,Software Engineering,14,10,2,0,6,5,6,87.92,8,81.71,86.63,100.0,94.56,83.94,86.45,86.65,83.71,Senior,1,Intermediate,1
C00831,Cloud Engineer,Master's,Information Technology,5,5,5,1,10,5,6,79.64,7,68.94,52.98,98.41,82.58,85.03,76.2,78.71,76.8,Mid-Level,1,Intermediate,0
C00832,Backend Developer,Master's,Other,3,5,4,0,9,2,6,31.25,10,32.13,32.46,42.76,81.31,55.39,37.44,53.13,40.33,Mid-Level,4,Not Ready,0
C00833,QA Engineer,Master's,Software Engineering,6,4,5,0,8,4,6,65.96,3,59.24,59.31,90.55,79.06,74.36,68.65,69.95,70.99,Mid-Level,2,Beginner,1
C00834,Cybersecurity Analyst,Bachelor's,Computer Science,0,0,2,3,4,2,6,31.97,10,5.11,34.16,90.07,57.2,48.3,38.52,48.35,39.99,Fresher,4,Not Ready,0
C00835,Cloud Engineer,Master's,Information Technology,12,6,4,1,6,4,6,70.22,2,63.73,80.98,100.0,83.86,75.69,71.7,80.34,76.11,Senior,2,Intermediate,1
C00836,Backend Developer,Bachelor's,Software Engineering,11,15,5,1,9,4,6,69.81,8,75.03,74.81,99.5,88.73,77.48,69.45,82.99,70.12,Senior,2,Beginner,0
C00837,Data Scientist,Bachelor's,Computer Science,11,14,2,0,7,4,6,67.89,7,74.7,79.65,82.81,82.87,73.07,71.32,73.79,74.07,Senior,2,Beginner,1
C00838,Data Scientist,Diploma,Computer Science,5,9,3,0,7,4,6,66.8,7,69.95,47.89,70.55,75.11,63.4,72.02,63.12,64.02,Mid-Level,2,Beginner,0
C00839,Data Analyst,Bachelor's,Data Science,7,6,4,1,5,3,6,47.16,7,43.05,53.12,93.12,82.92,66.1,55.87,66.98,54.57,Mid-Level,3,Beginner,0
C00840,Mobile App Developer,Bachelor's,Electronics,7,9,2,1,5,2,6,28.39,8,42.59,50.12,47.02,85.74,44.56,35.93,51.87,40.41,Mid-Level,4,Not Ready,0
C00841,Full Stack Developer,Master's,Software Engineering,4,4,2,0,12,5,7,66.68,10,67.15,48.35,97.15,71.72,69.93,71.42,71.23,61.67,Mid-Level,2,Beginner,0
C00842,UI/UX Designer,Master's,Computer Science,7,6,4,0,5,3,6,54.04,4,44.17,50.66,75.26,88.46,70.4,59.04,67.27,54.45,Mid-Level,3,Beginner,0
C00843,Cloud Engineer,Diploma,Other,7,7,5,0,6,2,6,38.33,5,31.91,47.03,22.72,69.29,56.71,48.11,49.83,44.49,Mid-Level,4,Not Ready,1
C00844,Full Stack Developer,Master's,Information Technology,10,12,1,0,10,6,7,85.57,10,84.23,80.16,100.0,82.39,85.53,86.51,83.56,78.07,Senior,1,Intermediate,1
C00845,Backend Developer,Bachelor's,Software Engineering,12,7,1,0,11,5,6,82.81,7,84.17,81.85,97.37,79.61,84.61,83.1,86.05,76.84,Senior,1,Intermediate,1
C00846,QA Engineer,Bachelor's,Computer Science,3,8,4,1,7,3,6,53.7,9,54.85,38.03,76.61,84.09,65.54,63.48,63.35,58.7,Mid-Level,3,Beginner,1
C00847,Data Analyst,Bachelor's,Information Technology,5,10,4,1,12,4,6,63.05,10,69.79,44.44,78.15,91.68,76.76,72.54,73.41,61.17,Mid-Level,2,Beginner,1
C00848,Machine Learning Engineer,Bachelor's,Other,5,6,3,1,7,2,6,37.08,4,42.45,45.44,36.7,73.87,59.04,46.47,50.24,47.18,Mid-Level,4,Not Ready,0
C00849,Product Designer,Bachelor's,Information Technology,2,5,0,0,2,2,6,33.02,3,39.46,25.66,55.15,52.54,39.48,39.21,42.42,37.85,Junior,4,Not Ready,0
C00850,Cloud Engineer,Bachelor's,Other,2,3,2,0,8,2,6,34.08,8,34.3,30.28,34.24,61.39,48.41,34.94,43.26,34.17,Junior,4,Not Ready,0
C00851,UI/UX Designer,Diploma,Design,6,9,3,1,11,4,6,69.69,7,74.64,56.99,83.46,78.49,67.88,73.63,72.44,61.92,Mid-Level,2,Beginner,0
C00852,Data Analyst,Master's,Data Science,6,4,1,0,11,4,6,62.16,10,56.69,53.84,100.0,69.28,71.59,62.27,66.11,58.66,Mid-Level,2,Beginner,1
C00853,Data Analyst,Bachelor's,Computer Science,2,2,5,0,4,3,6,53.19,7,50.94,30.99,83.3,72.89,64.57,56.05,63.07,54.41,Junior,3,Beginner,0
C00854,Backend Developer,Bachelor's,Other,1,1,0,0,4,2,6,28.73,4,25.48,21.32,29.71,56.2,44.94,36.54,41.57,25.14,Junior,4,Not Ready,0
C00855,Mobile App Developer,Master's,Information Technology,9,12,5,0,7,5,6,79.37,9,89.3,73.26,100.0,100.0,89.89,80.59,85.49,80.68,Senior,1,Intermediate,1
C00856,Data Scientist,Master's,Other,4,7,1,1,9,3,6,52.54,2,49.53,38.23,47.46,72.44,62.65,51.7,58.72,50.34,Mid-Level,3,Beginner,0
C00857,Mobile App Developer,Bachelor's,Electronics,3,5,1,1,7,3,6,47.88,4,44.68,36.12,51.79,59.6,49.53,54.22,50.98,47.76,Mid-Level,3,Not Ready,0
C00858,Python Developer,Master's,Computer Science,12,15,2,1,10,5,6,78.54,3,89.4,78.81,99.69,96.8,91.51,77.41,89.16,78.11,Senior,1,Intermediate,1
C00859,Cybersecurity Analyst,Master's,Information Technology,4,5,3,0,6,5,6,80.13,5,76.77,46.16,100.0,74.7,83.31,81.66,75.43,71.62,Mid-Level,1,Beginner,1
C00860,Data Analyst,Bachelor's,Computer Science,8,13,3,0,6,4,6,70.1,2,76.32,68.27,89.44,93.05,80.15,75.69,82.87,72.52,Senior,2,Beginner,0
C00861,DevOps Engineer,Master's,Electronics,12,15,4,1,11,4,6,67.5,7,76.07,71.28,64.9,99.68,76.91,75.34,78.85,65.48,Senior,2,Beginner,1
C00862,Data Analyst,Bachelor's,Data Science,10,13,1,0,6,5,6,86.69,6,83.4,88.42,94.88,78.63,81.7,86.14,86.04,83.96,Senior,1,Intermediate,0
C00863,DevOps Engineer,Master's,Computer Science,7,5,2,1,5,3,6,48.84,6,41.76,55.19,97.1,71.7,63.37,50.9,63.56,55.85,Mid-Level,3,Beginner,1
C00864,QA Engineer,Bachelor's,Computer Science,7,4,4,0,7,3,6,52.65,2,52.64,54.19,74.13,81.74,71.37,56.14,66.62,60.61,Mid-Level,3,Beginner,1
C00865,Java Developer,Diploma,Software Engineering,7,5,3,1,10,4,6,66.77,3,61.3,59.66,88.76,63.47,61.15,69.85,63.7,62.46,Mid-Level,2,Beginner,0
C00866,Data Scientist,Master's,Computer Science,5,8,4,0,11,4,6,65.28,4,70.97,51.76,95.54,92.85,82.74,69.08,80.25,62.79,Mid-Level,2,Beginner,0
C00867,Cloud Engineer,Master's,Computer Science,8,13,0,1,13,5,6,81.36,5,87.96,73.0,94.38,88.32,86.93,79.8,87.14,73.32,Senior,1,Beginner,1
C00868,UI/UX Designer,Diploma,Computer Science,0,2,1,0,6,1,6,13.05,5,13.13,25.11,57.82,51.07,32.44,18.28,32.16,28.21,Fresher,5,Not Ready,0
C00869,Machine Learning Engineer,Master's,Data Science,10,13,0,0,6,5,6,81.76,5,85.21,82.67,100.0,82.09,82.75,84.13,81.3,72.37,Senior,1,Beginner,0
C00870,Java Developer,Diploma,Software Engineering,4,9,4,1,8,4,6,66.0,7,62.0,40.98,85.48,63.87,57.96,70.11,59.51,61.62,Mid-Level,2,Beginner,0
C00871,Cybersecurity Analyst,Diploma,Information Technology,4,9,0,0,4,4,6,71.18,6,73.95,47.24,87.8,58.78,63.92,73.17,64.95,62.05,Mid-Level,2,Beginner,0
C00872,Cloud Engineer,Diploma,Other,8,11,4,0,6,3,6,49.43,2,50.33,53.55,23.37,84.34,57.64,60.28,59.6,45.72,Senior,3,Not Ready,0
C00873,Full Stack Developer,Bachelor's,Computer Science,3,4,3,1,6,6,7,84.75,9,72.95,43.17,86.7,75.45,78.84,87.4,77.58,65.95,Mid-Level,1,Beginner,0
C00874,Backend Developer,Master's,Information Technology,10,12,1,0,5,4,6,64.41,9,72.9,70.32,100.0,81.77,78.1,70.39,77.16,70.73,Senior,2,Beginner,0
C00875,Data Analyst,Master's,Computer Science,4,5,3,1,7,4,6,68.96,6,59.55,44.11,99.81,84.25,82.0,69.43,77.19,64.05,Mid-Level,2,Beginner,0
C00876,UI/UX Designer,Bachelor's,Information Technology,8,14,0,1,10,4,6,63.94,8,68.52,66.49,64.25,78.68,72.86,64.72,70.16,56.56,Senior,2,Beginner,1
C00877,Cybersecurity Analyst,PhD,Information Technology,9,7,1,1,5,4,6,63.36,2,66.27,71.49,100.0,83.06,75.46,69.18,75.13,67.02,Senior,2,Beginner,0
C00878,DevOps Engineer,Bachelor's,Electronics,3,4,3,0,9,2,6,36.73,8,34.11,33.63,46.92,69.6,48.25,39.5,47.88,34.52,Mid-Level,4,Not Ready,0
C00879,Data Analyst,Bachelor's,Computer Science,5,9,3,1,13,5,6,82.09,4,84.29,56.67,85.3,76.16,86.79,81.21,80.28,72.8,Mid-Level,1,Beginner,1
C00880,Java Developer,Bachelor's,Computer Science,3,6,0,0,5,4,6,63.59,9,64.37,38.91,94.79,68.58,65.71,64.55,67.37,60.75,Mid-Level,2,Beginner,0
C00881,Machine Learning Engineer,Bachelor's,Information Technology,9,6,5,1,12,5,6,82.77,5,75.41,80.72,88.32,86.13,76.4,87.06,80.31,79.8,Senior,1,Intermediate,1
C00882,DevOps Engineer,Bachelor's,Other,7,8,0,1,4,2,6,32.57,9,35.58,51.42,34.05,68.3,40.16,40.99,45.4,37.54,Mid-Level,4,Not Ready,0
C00883,UI/UX Designer,Diploma,Information Technology,7,5,1,1,6,3,6,53.58,3,40.44,60.27,52.15,59.93,59.36,51.67,58.13,52.57,Mid-Level,3,Beginner,0
C00884,Python Developer,Master's,Software Engineering,4,4,5,1,8,4,6,67.24,3,60.56,44.18,96.66,79.49,70.56,72.3,70.51,68.75,Mid-Level,2,Beginner,0
C00885,DevOps Engineer,Bachelor's,Electronics,12,5,2,0,7,3,6,50.47,5,40.35,65.42,48.99,86.49,61.81,61.52,65.46,49.86,Senior,3,Not Ready,0
C00886,Product Designer,Master's,Business,11,13,2,1,6,4,6,65.06,5,70.2,75.26,75.42,96.68,75.81,73.79,78.99,65.77,Senior,2,Beginner,1
C00887,Java Developer,Master's,Electronics,3,6,1,1,9,3,6,45.18,9,44.46,35.55,55.69,75.6,51.12,54.65,54.21,44.47,Mid-Level,3,Not Ready,0
C00888,Frontend Developer,Diploma,Electronics,0,2,3,1,3,0,6,0.0,9,8.62,22.66,44.06,53.51,24.73,14.03,25.09,21.04,Fresher,6,Not Ready,0
C00889,Java Developer,Bachelor's,Information Technology,12,12,4,0,10,5,6,87.78,2,85.44,81.31,94.53,95.59,95.9,91.14,92.11,84.9,Senior,1,Intermediate,0
C00890,Machine Learning Engineer,Master's,Data Science,2,1,4,1,11,4,6,65.81,2,50.89,34.14,100.0,76.43,66.27,62.97,67.22,55.15,Junior,2,Beginner,0
C00891,QA Engineer,Bachelor's,Information Technology,1,6,0,0,7,3,6,47.87,8,53.5,28.09,76.52,67.18,58.47,54.84,52.9,42.93,Junior,3,Not Ready,0
C00892,Data Scientist,Master's,Information Technology,11,12,3,0,9,5,6,82.48,4,77.38,83.9,92.84,93.56,93.31,83.05,87.97,84.14,Senior,1,Intermediate,1
C00893,Product Designer,Bachelor's,Design,8,11,2,1,11,5,6,84.9,6,81.33,76.61,98.36,87.89,84.13,88.38,84.67,75.12,Senior,1,Intermediate,1
C00894,Java Developer,Bachelor's,Electronics,6,9,0,1,2,2,6,30.4,3,47.68,45.89,45.25,69.64,38.7,42.43,43.93,37.3,Mid-Level,4,Not Ready,0
C00895,Data Scientist,Diploma,Data Science,0,2,1,0,6,2,6,29.05,3,33.84,18.57,84.86,44.69,42.17,36.28,41.54,38.16,Fresher,4,Not Ready,0
C00896,Cybersecurity Analyst,Bachelor's,Electronics,5,7,5,0,8,4,6,66.48,7,62.24,53.16,74.86,81.96,76.31,67.27,69.25,63.37,Mid-Level,2,Beginner,1
C00897,Full Stack Developer,Diploma,Software Engineering,2,5,0,1,7,4,7,57.95,9,46.4,37.07,81.75,52.24,62.87,61.79,56.23,48.35,Junior,3,Not Ready,0
C00898,Full Stack Developer,PhD,Software Engineering,9,5,1,1,12,6,7,88.53,6,73.76,82.51,100.0,87.01,80.26,86.59,84.19,75.49,Senior,1,Intermediate,1
C00899,Frontend Developer,Diploma,Computer Science,5,6,1,1,7,4,6,67.84,5,62.88,46.99,77.18,55.29,62.86,63.04,63.95,57.97,Mid-Level,2,Beginner,0
C00900,Cybersecurity Analyst,Master's,Information Technology,7,6,4,1,10,4,6,64.46,6,63.47,63.49,100.0,82.68,69.11,67.75,76.15,70.94,Mid-Level,2,Beginner,1
C00901,UI/UX Designer,Diploma,Computer Science,2,5,0,0,5,2,6,31.79,7,28.54,32.17,61.36,58.45,40.46,38.11,45.77,29.63,Junior,4,Not Ready,0
C00902,DevOps Engineer,Bachelor's,Computer Science,0,1,2,2,9,2,6,29.09,6,31.29,17.79,82.53,51.44,43.87,33.5,42.45,35.51,Fresher,4,Not Ready,0
C00903,Java Developer,Bachelor's,Software Engineering,8,15,4,1,5,4,6,62.71,8,76.7,61.52,92.09,88.6,72.25,69.97,75.07,69.11,Senior,2,Beginner,0
C00904,Data Scientist,Bachelor's,Computer Science,2,5,2,2,4,3,6,48.07,5,55.26,27.74,88.14,58.59,44.97,47.62,48.57,47.15,Junior,3,Not Ready,0
C00905,Java Developer,Master's,Computer Science,10,10,5,1,8,5,6,83.41,2,86.63,86.63,100.0,100.0,93.16,82.85,92.53,82.81,Senior,1,Intermediate,1
C00906,Data Scientist,Bachelor's,Computer Science,6,4,3,0,8,3,6,45.1,10,38.35,43.99,80.08,69.83,50.53,54.92,54.81,43.94,Mid-Level,3,Not Ready,0
C00907,UI/UX Designer,Master's,Information Technology,1,2,0,0,2,2,6,33.95,10,33.1,25.78,77.28,65.43,52.46,41.04,49.14,38.32,Junior,4,Not Ready,0
C00908,Backend Developer,Diploma,Other,3,10,2,0,10,2,6,33.04,3,47.62,31.7,17.25,59.62,41.99,35.12,39.32,33.15,Mid-Level,4,Not Ready,0
C00909,Frontend Developer,PhD,Computer Science,7,4,4,0,5,4,6,62.18,8,51.82,63.04,96.05,95.55,70.63,65.47,74.6,64.39,Mid-Level,2,Beginner,1
C00910,Java Developer,Bachelor's,Software Engineering,6,9,1,0,7,4,6,70.89,9,69.34,59.29,94.36,80.59,71.42,71.22,76.67,62.32,Mid-Level,2,Beginner,0
C00911,Mobile App Developer,Bachelor's,Electronics,7,5,3,1,9,3,6,54.2,8,48.03,56.4,46.0,81.45,58.59,56.37,58.69,53.07,Mid-Level,3,Beginner,0
C00912,Python Developer,Bachelor's,Other,3,9,4,0,6,2,6,37.36,6,45.19,37.7,28.14,76.61,59.29,49.02,53.33,42.87,Mid-Level,4,Not Ready,0
C00913,Python Developer,Bachelor's,Information Technology,5,9,4,1,7,5,6,85.91,10,86.74,58.87,85.15,90.02,92.18,83.04,81.86,73.11,Mid-Level,1,Beginner,1
C00914,Data Analyst,Bachelor's,Other,0,2,1,3,6,1,6,14.99,10,18.32,33.42,38.26,60.85,32.16,25.51,37.97,24.48,Fresher,5,Not Ready,0
C00915,Mobile App Developer,Bachelor's,Computer Science,7,8,1,0,6,4,6,62.78,8,61.23,59.2,87.98,73.87,70.01,60.55,67.09,61.15,Mid-Level,2,Beginner,1
C00916,Full Stack Developer,Bachelor's,Computer Science,4,10,2,1,14,6,7,87.63,3,77.52,55.41,85.65,79.9,83.22,88.1,81.1,75.85,Mid-Level,1,Intermediate,1
C00917,Product Designer,Bachelor's,Design,1,6,1,2,9,4,6,67.7,7,57.58,34.34,99.2,71.33,75.14,73.4,67.08,62.43,Junior,2,Beginner,0
C00918,Full Stack Developer,Bachelor's,Computer Science,6,7,0,1,11,6,7,83.67,9,85.01,55.82,85.04,68.95,73.61,82.63,73.83,65.34,Mid-Level,1,Beginner,1
C00919,Cybersecurity Analyst,Bachelor's,Computer Science,4,6,5,0,5,5,6,82.49,3,69.16,45.18,89.84,74.06,74.96,84.4,76.19,73.65,Mid-Level,1,Beginner,0
C00920,QA Engineer,Bachelor's,Software Engineering,8,12,3,1,5,5,6,88.27,4,78.77,75.37,80.49,91.32,95.03,90.66,90.73,79.78,Senior,1,Intermediate,0
C00921,Full Stack Developer,PhD,Software Engineering,12,9,0,1,10,5,7,68.39,3,71.41,79.55,99.53,82.1,70.0,73.65,74.58,66.8,Senior,2,Beginner,0
C00922,Full Stack Developer,Bachelor's,Computer Science,12,12,5,0,8,6,7,85.19,2,93.24,81.09,89.68,89.27,78.88,86.33,82.11,81.48,Senior,1,Intermediate,1
C00923,Java Developer,Bachelor's,Computer Science,7,5,0,1,10,5,6,87.8,5,67.77,72.21,86.56,60.6,84.56,77.41,79.97,71.36,Mid-Level,1,Beginner,0
C00924,Full Stack Developer,Bachelor's,Software Engineering,9,7,5,1,13,5,7,68.85,8,72.02,75.2,95.29,87.86,82.37,72.14,83.45,78.98,Senior,2,Intermediate,1
C00925,Backend Developer,Master's,Data Science,3,7,1,0,7,3,6,51.24,9,43.66,33.04,73.37,66.13,55.6,54.99,57.67,50.95,Mid-Level,3,Beginner,0
C00926,Backend Developer,Diploma,Software Engineering,7,4,3,0,5,4,6,66.15,10,56.28,58.2,85.02,69.61,68.23,70.61,68.49,60.05,Mid-Level,2,Beginner,1
C00927,QA Engineer,Bachelor's,Computer Science,6,6,4,0,7,4,6,65.24,8,67.84,56.79,74.53,73.53,66.89,71.73,69.24,60.2,Mid-Level,2,Beginner,0
C00928,Cybersecurity Analyst,Bachelor's,Electronics,8,15,5,0,7,5,6,85.83,8,86.82,71.84,73.11,85.98,86.92,90.38,84.53,80.28,Senior,1,Intermediate,0
C00929,Cloud Engineer,Master's,Information Technology,3,4,0,1,4,4,6,71.44,3,65.15,40.78,98.23,64.14,62.91,74.56,64.99,63.37,Mid-Level,2,Beginner,0
C00930,Java Developer,Bachelor's,Computer Science,11,8,4,1,5,5,6,84.14,6,80.68,79.97,85.52,82.19,79.98,85.03,82.52,80.01,Senior,1,Intermediate,0
C00931,UI/UX Designer,Bachelor's,Design,10,8,3,1,7,4,6,70.16,6,67.2,73.34,91.87,91.97,82.77,76.11,80.85,69.02,Senior,2,Beginner,1
C00932,Data Scientist,Master's,Computer Science,9,15,4,1,10,5,6,85.92,7,83.42,74.95,94.27,89.28,90.83,84.27,89.1,86.29,Senior,1,Intermediate,1
C00933,QA Engineer,Bachelor's,Business,0,1,2,0,4,2,6,35.93,5,25.75,24.87,59.54,65.08,44.83,45.99,44.76,40.19,Fresher,4,Not Ready,0
C00934,Frontend Developer,Bachelor's,Software Engineering,11,7,0,1,11,5,6,81.08,8,70.98,79.96,91.14,79.71,82.25,76.83,83.98,74.43,Senior,1,Beginner,1
C00935,Python Developer,Bachelor's,Computer Science,0,2,1,1,10,2,6,34.82,10,22.12,13.24,85.15,52.03,40.57,38.13,40.18,34.75,Fresher,4,Not Ready,0
C00936,Frontend Developer,Bachelor's,Computer Science,3,8,1,0,4,4,6,65.58,6,59.8,41.02,88.77,70.26,63.15,64.96,65.46,60.81,Mid-Level,2,Beginner,0
C00937,Mobile App Developer,Bachelor's,Information Technology,11,7,3,1,10,5,6,87.13,8,69.79,85.85,94.88,87.4,79.84,88.24,85.87,75.3,Senior,1,Intermediate,0
C00938,Data Analyst,Master's,Information Technology,1,4,0,1,9,3,6,45.73,7,49.43,27.37,92.03,62.66,51.44,50.05,51.67,48.94,Junior,3,Not Ready,0
C00939,Frontend Developer,Bachelor's,Information Technology,10,11,2,0,10,5,6,79.95,4,79.85,79.13,91.8,90.68,78.33,84.72,80.7,70.84,Senior,1,Beginner,1
C00940,QA Engineer,Bachelor's,Information Technology,11,6,4,0,5,5,6,84.5,9,75.81,87.86,84.92,88.16,85.05,85.15,87.19,76.56,Senior,1,Intermediate,1
C00941,Backend Developer,Diploma,Computer Science,0,0,2,2,5,2,6,33.19,8,15.7,18.39,79.85,39.32,36.44,32.12,38.67,37.21,Fresher,4,Not Ready,0
C00942,Cybersecurity Analyst,Bachelor's,Information Technology,1,1,3,1,6,4,6,69.38,5,61.21,35.41,93.34,55.65,56.74,70.19,62.65,54.83,Junior,2,Beginner,0
C00943,Python Developer,Diploma,Computer Science,4,8,4,1,8,4,6,71.37,6,68.02,49.03,82.79,70.56,75.8,72.16,68.95,66.68,Mid-Level,2,Beginner,0
C00944,Full Stack Developer,Master's,Other,7,10,5,1,8,3,7,45.49,8,42.88,51.09,42.77,88.13,60.36,55.13,58.15,53.87,Mid-Level,4,Beginner,1
C00945,Machine Learning Engineer,Master's,Mathematics,7,5,1,1,5,4,6,65.57,9,64.69,61.32,91.01,74.23,68.84,72.2,68.74,62.25,Mid-Level,2,Beginner,0
C00946,QA Engineer,Master's,Business,6,3,5,1,3,3,6,45.81,9,36.68,47.22,69.27,91.31,63.53,52.48,66.52,51.06,Mid-Level,3,Beginner,0
C00947,Frontend Developer,Diploma,Information Technology,2,2,0,0,6,4,6,67.56,10,53.85,39.29,81.26,42.38,57.57,67.11,53.93,56.16,Junior,2,Beginner,0
C00948,Cybersecurity Analyst,Bachelor's,Information Technology,6,9,0,1,11,4,6,68.51,9,62.28,52.49,94.2,64.63,74.48,67.05,72.01,58.39,Mid-Level,2,Beginner,1
C00949,Python Developer,Bachelor's,Data Science,2,6,4,0,12,4,6,62.79,10,68.93,35.32,81.95,81.77,76.5,71.15,67.81,56.97,Junior,2,Beginner,0
C00950,Data Analyst,Bachelor's,Business,2,3,4,1,8,2,6,34.93,9,28.34,29.95,68.41,68.97,53.54,38.3,52.43,36.24,Junior,4,Not Ready,0
C00951,Cybersecurity Analyst,Bachelor's,Business,4,4,3,0,5,2,6,31.61,10,33.26,38.64,47.12,75.38,43.44,40.0,49.76,35.8,Mid-Level,4,Not Ready,0
C00952,Machine Learning Engineer,Diploma,Information Technology,4,4,2,0,8,4,6,69.97,2,57.02,49.3,72.82,50.8,60.65,64.84,58.74,62.9,Mid-Level,2,Beginner,0
C00953,Cloud Engineer,Diploma,Software Engineering,3,10,4,0,4,4,6,70.68,4,65.34,40.97,80.74,71.33,70.24,67.86,68.81,62.32,Mid-Level,2,Beginner,1
C00954,Product Designer,Bachelor's,Business,6,9,0,1,9,4,6,68.3,7,72.77,54.14,73.27,74.1,65.12,69.82,65.71,62.77,Mid-Level,2,Beginner,0
C00955,Machine Learning Engineer,Bachelor's,Computer Science,8,5,0,0,11,5,6,79.05,6,66.86,74.54,87.17,77.17,80.78,82.47,77.43,75.21,Senior,1,Intermediate,1
C00956,Full Stack Developer,Diploma,Computer Science,8,12,5,1,7,6,7,88.52,4,84.44,72.87,84.78,76.41,83.13,87.89,83.42,80.33,Senior,1,Intermediate,1
C00957,Full Stack Developer,Bachelor's,Software Engineering,6,3,3,0,11,6,7,81.2,6,79.26,57.32,95.62,79.78,80.37,79.24,76.59,70.78,Mid-Level,1,Beginner,1
C00958,QA Engineer,Bachelor's,Other,10,6,0,1,10,3,6,46.21,4,41.1,70.78,35.08,77.12,55.51,56.16,60.52,42.17,Senior,3,Not Ready,1
C00959,Java Developer,Bachelor's,Computer Science,11,12,5,1,5,5,6,83.02,3,83.46,79.08,87.89,99.2,97.33,89.03,89.31,80.08,Senior,1,Intermediate,1
C00960,Data Scientist,Diploma,Information Technology,1,1,4,1,9,3,6,52.06,3,44.38,25.67,67.92,57.9,51.99,50.35,50.38,44.72,Junior,3,Not Ready,0
C00961,DevOps Engineer,Master's,Electronics,2,3,4,2,7,1,6,12.31,5,21.65,22.52,57.12,67.53,30.02,26.29,38.38,23.73,Junior,5,Not Ready,0
C00962,Data Scientist,Diploma,Data Science,8,8,4,1,7,5,6,84.89,10,79.34,75.51,87.65,80.91,75.56,80.96,81.36,76.33,Senior,1,Intermediate,0
C00963,Data Analyst,Bachelor's,Other,11,9,5,0,5,3,6,53.64,7,50.64,65.71,39.9,93.76,74.37,60.99,69.1,62.84,Senior,3,Beginner,0
C00964,Frontend Developer,Bachelor's,Computer Science,6,4,2,1,5,5,6,84.82,9,71.13,61.91,85.16,63.2,68.19,81.65,69.99,67.16,Mid-Level,1,Beginner,1
C00965,DevOps Engineer,Diploma,Information Technology,8,6,0,0,10,4,6,67.47,7,64.92,62.87,82.21,54.43,55.51,64.12,64.68,57.28,Senior,2,Beginner,0
C00966,Backend Developer,Diploma,Software Engineering,7,6,1,1,9,4,6,68.1,6,68.11,56.86,84.86,59.13,67.11,67.43,65.79,64.4,Mid-Level,2,Beginner,0
C00967,Product Designer,Master's,Information Technology,3,3,5,1,4,4,6,64.15,8,60.68,38.25,74.02,83.47,75.48,63.61,69.4,57.02,Mid-Level,2,Beginner,0
C00968,Frontend Developer,Master's,Computer Science,8,14,1,0,10,4,6,67.61,5,70.85,65.78,95.35,83.21,67.47,73.75,76.46,68.29,Senior,2,Beginner,0
C00969,Cloud Engineer,Bachelor's,Computer Science,10,10,2,0,11,5,6,85.98,5,88.83,87.51,87.17,88.22,85.08,85.69,84.12,76.42,Senior,1,Intermediate,1
C00970,Cloud Engineer,Bachelor's,Information Technology,6,8,4,1,5,4,6,64.44,7,64.95,53.15,89.71,88.13,73.14,70.21,75.74,68.31,Mid-Level,2,Beginner,1
C00971,Data Scientist,Bachelor's,Data Science,10,10,2,1,6,5,6,81.12,9,88.22,77.32,96.49,80.17,75.23,82.23,81.79,80.56,Senior,1,Intermediate,1
C00972,Frontend Developer,Bachelor's,Information Technology,0,0,3,0,5,2,6,31.92,4,18.29,28.45,90.75,58.84,35.15,32.95,45.05,38.55,Fresher,4,Not Ready,0
C00973,QA Engineer,Master's,Business,5,5,0,0,3,3,6,52.46,6,45.96,48.38,71.78,77.87,60.15,56.66,60.05,46.55,Mid-Level,3,Not Ready,0
C00974,Mobile App Developer,Master's,Information Technology,12,9,4,0,5,4,6,64.52,4,66.11,71.37,97.91,99.28,70.55,71.86,80.84,66.58,Senior,2,Beginner,0
C00975,Frontend Developer,Bachelor's,Software Engineering,4,10,3,1,6,4,6,65.13,4,73.71,42.8,97.58,73.65,61.69,62.78,66.79,57.68,Mid-Level,2,Beginner,1
C00976,Cloud Engineer,Master's,Information Technology,10,7,5,1,7,5,6,85.79,3,73.1,86.08,100.0,93.86,84.38,87.61,91.45,83.97,Senior,1,Intermediate,0
C00977,Mobile App Developer,Bachelor's,Information Technology,3,6,5,0,9,4,6,69.01,5,62.57,42.78,93.14,80.34,67.95,74.63,72.67,60.52,Mid-Level,2,Beginner,0
C00978,DevOps Engineer,Bachelor's,Software Engineering,12,9,1,1,7,5,6,79.74,4,86.2,83.86,86.81,80.81,77.42,76.54,78.76,77.54,Senior,1,Intermediate,0
C00979,Cloud Engineer,Diploma,Computer Science,2,5,5,2,6,3,6,52.44,4,50.89,32.61,70.58,58.85,61.46,57.79,56.33,56.43,Junior,3,Beginner,0
C00980,Mobile App Developer,Master's,Software Engineering,9,11,0,0,9,5,6,80.51,6,80.4,72.54,100.0,79.64,79.65,77.67,81.36,77.9,Senior,1,Intermediate,1
C00981,Data Scientist,Bachelor's,Information Technology,0,3,0,0,6,2,6,30.2,8,37.48,12.28,77.49,58.5,36.33,34.58,38.02,27.71,Fresher,4,Not Ready,0
C00982,QA Engineer,Diploma,Software Engineering,3,8,3,0,6,5,6,82.07,9,84.66,41.95,72.13,59.91,75.13,76.83,68.46,70.81,Mid-Level,1,Beginner,0
C00983,QA Engineer,Bachelor's,Other,10,9,5,1,8,3,6,48.59,9,56.98,63.65,36.11,91.52,65.25,56.37,62.57,59.5,Senior,3,Beginner,1
C00984,Python Developer,Bachelor's,Software Engineering,10,7,4,1,8,5,6,79.7,2,73.17,83.85,95.43,80.08,87.59,79.32,83.12,77.26,Senior,1,Intermediate,0
C00985,Backend Developer,Master's,Other,13,13,3,1,3,3,6,54.52,10,64.68,71.28,39.81,92.96,70.84,57.79,70.43,54.45,Senior,3,Beginner,1
C00986,QA Engineer,Master's,Information Technology,8,11,1,0,11,5,6,83.15,4,84.71,72.35,87.87,81.76,75.48,77.9,77.35,77.15,Senior,1,Intermediate,1
C00987,QA Engineer,Bachelor's,Software Engineering,0,2,0,2,2,2,6,33.84,4,23.98,33.33,86.11,48.13,43.79,31.94,44.31,32.7,Fresher,4,Not Ready,0
C00988,Machine Learning Engineer,Bachelor's,Computer Science,9,14,3,0,8,5,6,81.34,7,89.17,75.17,94.19,82.58,78.17,85.13,81.64,77.51,Senior,1,Intermediate,1
C00989,Mobile App Developer,Bachelor's,Information Technology,4,9,1,1,13,5,6,87.17,2,73.51,47.79,90.17,71.07,86.76,84.23,76.44,67.85,Mid-Level,1,Beginner,0
C00990,Backend Developer,Bachelor's,Information Technology,6,9,5,0,10,4,6,65.01,8,74.19,53.46,90.2,87.84,78.61,67.98,72.98,68.98,Mid-Level,2,Beginner,1
C00991,DevOps Engineer,Master's,Electronics,9,8,4,0,9,3,6,45.75,8,59.33,62.45,59.35,95.16,66.26,52.69,68.63,59.03,Senior,3,Beginner,0
C00992,Data Analyst,Bachelor's,Data Science,6,7,1,0,11,4,6,65.06,10,60.81,57.31,99.54,75.06,69.34,63.74,73.79,61.21,Mid-Level,2,Beginner,0
C00993,Backend Developer,Bachelor's,Data Science,7,8,0,1,4,4,6,61.78,2,71.51,53.63,57.71,78.06,74.11,66.0,67.75,61.01,Mid-Level,2,Beginner,1
C00994,Cloud Engineer,Master's,Information Technology,6,3,3,0,8,5,6,88.29,7,65.03,62.14,100.0,75.7,85.07,81.34,81.62,79.14,Mid-Level,1,Intermediate,1
C00995,Product Designer,Bachelor's,Other,11,9,1,0,3,3,6,48.58,8,52.55,68.18,30.19,86.31,62.91,59.3,62.9,48.93,Senior,3,Not Ready,0
C00996,Machine Learning Engineer,Master's,Information Technology,4,8,5,0,9,3,6,46.7,8,48.56,41.34,92.83,80.29,64.23,51.07,62.15,54.76,Mid-Level,3,Beginner,0
C00997,QA Engineer,Master's,Computer Science,3,10,4,1,4,3,6,53.49,10,56.85,36.05,82.92,89.81,75.59,64.69,67.48,61.4,Mid-Level,3,Beginner,0
C00998,QA Engineer,Diploma,Business,2,6,0,2,10,2,6,28.94,7,31.46,29.38,49.26,53.99,34.76,33.98,41.31,33.57,Junior,4,Not Ready,0
C00999,Cybersecurity Analyst,PhD,Electronics,2,4,5,1,9,2,6,28.68,2,27.36,23.86,87.28,84.18,44.38,43.99,50.68,42.95,Junior,4,Not Ready,0
C01000,QA Engineer,Diploma,Software Engineering,1,4,1,1,8,3,6,54.09,2,46.29,23.84,70.75,48.64,58.95,54.93,53.27,44.52,Junior,3,Not Ready,0
C01001,Backend Developer,PhD,Computer Science,12,6,2,0,7,5,6,82.02,9,67.83,86.71,100.0,97.45,82.77,81.92,88.96,78.91,Senior,1,Intermediate,1
C01002,Data Analyst,Bachelor's,Other,4,10,0,1,3,3,6,53.47,4,55.64,46.21,34.14,72.31,66.88,61.77,59.56,48.56,Mid-Level,3,Not Ready,0
C01003,Machine Learning Engineer,Diploma,Data Science,2,2,0,2,6,3,6,47.55,5,39.88,30.19,83.6,39.58,37.04,47.69,44.15,40.64,Junior,3,Not Ready,0
C01004,Data Analyst,Master's,Computer Science,2,5,2,2,4,3,6,54.54,2,52.93,33.9,94.26,66.33,60.22,61.71,59.89,56.82,Junior,3,Beginner,0
C01005,Backend Developer,PhD,Software Engineering,6,8,4,0,7,3,6,50.87,4,48.39,52.99,95.32,89.41,71.03,56.46,68.47,63.04,Mid-Level,3,Beginner,0
C01006,Data Scientist,Bachelor's,Information Technology,7,7,3,0,4,4,6,70.81,4,66.62,65.12,79.04,74.9,73.15,76.14,73.14,70.31,Mid-Level,2,Beginner,1
C01007,Data Scientist,Master's,Other,2,6,3,2,9,1,6,13.36,5,22.08,21.08,47.02,68.07,32.73,28.99,37.57,24.16,Junior,5,Not Ready,0
C01008,Python Developer,Bachelor's,Computer Science,5,8,2,1,4,4,6,70.73,9,73.3,46.77,86.64,72.78,70.94,68.19,68.1,60.88,Mid-Level,2,Beginner,0
C01009,Java Developer,Master's,Software Engineering,3,10,3,1,8,4,6,70.76,8,75.85,38.21,96.74,83.91,69.48,72.75,71.93,64.56,Mid-Level,2,Beginner,1
C01010,Mobile App Developer,Bachelor's,Other,8,7,0,1,11,3,6,51.55,2,43.19,59.62,25.66,66.18,49.76,51.19,53.77,46.93,Senior,3,Not Ready,0
C01011,QA Engineer,Bachelor's,Computer Science,2,1,2,1,8,3,6,49.12,4,43.96,35.69,79.95,52.57,56.67,45.47,55.66,45.78,Junior,3,Not Ready,0
C01012,Java Developer,Diploma,Computer Science,6,6,5,1,5,4,6,71.11,5,64.11,59.09,82.16,69.21,63.07,65.75,67.03,63.86,Mid-Level,2,Beginner,0
C01013,Java Developer,Bachelor's,Computer Science,5,8,2,0,9,5,6,79.74,6,79.27,54.36,90.93,69.08,72.58,73.12,71.97,66.55,Mid-Level,1,Beginner,1
C01014,Backend Developer,Bachelor's,Software Engineering,10,5,5,1,7,5,6,82.21,10,79.63,84.34,92.19,91.62,84.68,82.06,86.32,77.33,Senior,1,Intermediate,1
C01015,Cybersecurity Analyst,Diploma,Computer Science,0,2,0,2,4,3,6,53.49,5,38.77,33.87,84.35,50.34,57.63,51.5,51.32,47.41,Fresher,3,Not Ready,0
C01016,Cloud Engineer,Master's,Other,9,15,5,1,10,3,6,48.45,10,54.97,62.44,35.05,99.39,74.03,58.69,70.84,57.16,Senior,3,Beginner,1
C01017,UI/UX Designer,Diploma,Information Technology,1,3,3,2,10,3,6,46.7,5,39.54,21.73,59.27,54.4,46.8,49.89,48.2,39.84,Junior,3,Not Ready,0
C01018,Frontend Developer,PhD,Electronics,3,10,0,0,4,3,6,49.39,8,50.75,38.01,64.12,73.25,55.26,49.63,56.18,49.01,Mid-Level,3,Not Ready,0
C01019,Machine Learning Engineer,Bachelor's,Other,6,6,3,0,3,2,6,35.27,6,43.27,41.99,39.62,70.61,43.78,44.36,49.03,41.74,Mid-Level,4,Not Ready,0
C01020,Product Designer,Bachelor's,Information Technology,4,10,0,1,9,4,6,68.96,10,67.4,43.55,58.39,66.38,64.18,64.39,61.33,51.34,Mid-Level,2,Beginner,1
C01021,DevOps Engineer,Master's,Information Technology,4,4,1,1,5,4,6,68.84,3,60.63,40.8,100.0,73.82,78.17,73.45,69.33,59.9,Mid-Level,2,Beginner,0
C01022,Python Developer,Bachelor's,Data Science,10,6,3,0,8,5,6,83.73,7,78.72,86.22,84.21,87.34,78.21,85.66,82.09,78.9,Senior,1,Intermediate,1
C01023,Machine Learning Engineer,Master's,Computer Science,11,12,5,0,12,5,6,80.68,10,85.19,81.8,96.14,92.02,82.4,80.15,88.49,83.59,Senior,1,Intermediate,0
C01024,Cloud Engineer,Diploma,Information Technology,6,7,4,0,10,4,6,67.03,7,69.2,56.46,81.16,72.16,75.92,72.38,70.44,64.34,Mid-Level,2,Beginner,0
C01025,QA Engineer,Bachelor's,Software Engineering,2,3,2,0,8,3,6,46.03,10,39.66,34.54,84.8,64.56,56.35,48.13,55.83,46.07,Junior,3,Not Ready,0
C01026,Cloud Engineer,Diploma,Information Technology,6,3,0,0,4,4,6,64.93,7,65.21,52.54,76.83,53.66,66.23,61.84,63.23,61.95,Mid-Level,2,Beginner,0
C01027,Full Stack Developer,Bachelor's,Information Technology,9,14,1,0,9,6,7,81.16,4,85.51,76.74,91.79,80.48,81.53,78.0,81.07,75.95,Senior,1,Intermediate,1
C01028,Cybersecurity Analyst,Bachelor's,Business,2,6,4,0,5,2,6,28.54,6,39.26,31.97,45.36,79.96,45.86,36.4,47.21,35.82,Junior,4,Not Ready,0
C01029,Cybersecurity Analyst,Bachelor's,Electronics,12,7,0,1,12,4,6,70.13,8,68.83,80.08,69.76,71.45,62.94,71.58,69.87,65.47,Senior,2,Beginner,0
C01030,Backend Developer,PhD,Software Engineering,4,5,5,1,12,5,6,79.17,6,68.74,47.69,100.0,87.64,79.49,81.94,76.84,72.79,Mid-Level,1,Beginner,1
C01031,Python Developer,Diploma,Information Technology,1,6,3,0,9,3,6,53.89,4,41.88,28.19,76.77,59.2,48.75,50.02,55.29,48.66,Junior,3,Not Ready,0
C01032,Full Stack Developer,Bachelor's,Computer Science,9,10,2,1,13,6,7,87.2,6,89.7,82.03,86.84,78.44,79.14,80.82,80.03,83.75,Senior,1,Intermediate,1
C01033,Product Designer,Diploma,Other,4,10,5,0,6,3,6,52.55,8,61.94,44.55,17.2,79.04,69.06,60.81,57.64,54.79,Mid-Level,3,Beginner,0
C01034,Machine Learning Engineer,Bachelor's,Data Science,11,14,1,0,7,5,6,81.24,9,87.0,86.16,93.91,80.36,85.35,84.62,83.67,77.63,Senior,1,Intermediate,0
C01035,Mobile App Developer,Master's,Software Engineering,2,2,1,1,4,3,6,53.88,8,41.2,35.63,100.0,59.01,60.49,55.87,61.05,47.26,Junior,3,Not Ready,0
C01036,Mobile App Developer,Master's,Computer Science,7,5,4,0,10,4,6,71.57,5,57.32,58.59,100.0,82.78,80.1,75.39,77.89,69.1,Mid-Level,2,Beginner,0
C01037,Machine Learning Engineer,Bachelor's,Computer Science,8,6,0,1,6,4,6,67.63,3,58.34,65.09,88.34,63.43,59.42,68.65,65.79,64.45,Senior,2,Beginner,1
C01038,Data Analyst,Diploma,Information Technology,3,3,2,1,11,4,6,69.48,5,65.7,42.5,70.31,50.8,61.01,69.3,56.73,56.04,Mid-Level,2,Beginner,0
C01039,Machine Learning Engineer,Master's,Computer Science,1,2,3,2,11,4,6,62.61,6,54.27,26.53,100.0,71.0,60.6,59.85,60.26,59.62,Junior,2,Beginner,0
C01040,Data Scientist,Master's,Computer Science,2,2,3,2,11,3,6,49.95,6,50.13,33.79,97.48,62.74,55.86,52.18,59.52,48.96,Junior,3,Not Ready,0
C01041,UI/UX Designer,Bachelor's,Design,2,5,1,0,3,3,6,53.57,9,48.43,35.56,98.61,60.01,56.91,50.69,60.31,49.89,Junior,3,Not Ready,0
C01042,Cloud Engineer,Bachelor's,Information Technology,2,2,1,2,8,3,6,48.75,5,47.8,29.28,93.34,58.5,58.63,46.23,57.53,44.97,Junior,3,Not Ready,0
C01043,Data Scientist,Bachelor's,Information Technology,11,5,1,0,8,5,6,79.35,10,71.72,83.82,80.38,70.96,80.84,76.67,76.53,76.08,Senior,1,Intermediate,1
C01044,UI/UX Designer,Bachelor's,Design,12,15,0,1,5,5,6,84.34,7,87.56,82.25,94.05,75.63,80.15,87.13,83.88,73.77,Senior,1,Beginner,1
C01045,Backend Developer,Master's,Software Engineering,10,15,2,1,10,5,6,86.14,5,83.7,88.45,99.82,93.75,83.65,84.0,87.36,84.28,Senior,1,Intermediate,1
C01046,Backend Developer,Diploma,Other,3,3,1,0,8,2,6,28.43,6,26.96,30.04,17.35,58.73,46.61,34.06,39.15,29.86,Mid-Level,4,Not Ready,0
C01047,Python Developer,Diploma,Other,0,0,0,3,2,0,6,0.0,3,9.45,10.46,19.92,34.37,11.8,8.71,13.47,7.5,Fresher,6,Not Ready,0
C01048,Mobile App Developer,Master's,Information Technology,12,10,0,0,11,4,6,66.56,2,72.28,74.2,96.1,77.28,63.39,68.53,71.34,69.22,Senior,2,Beginner,1
C01049,Product Designer,Bachelor's,Computer Science,4,4,3,1,10,4,6,62.07,8,65.62,40.57,64.98,64.93,57.51,64.25,59.68,59.18,Mid-Level,2,Beginner,0
C01050,Cloud Engineer,Bachelor's,Software Engineering,11,10,3,1,13,5,6,83.46,10,81.28,83.13,91.45,91.3,88.4,87.22,88.26,80.46,Senior,1,Intermediate,1
C01051,Machine Learning Engineer,Bachelor's,Data Science,12,13,1,0,4,4,6,67.27,5,74.28,73.88,99.72,81.31,68.11,65.78,76.86,65.78,Senior,2,Beginner,1
C01052,Product Designer,Bachelor's,Computer Science,10,7,1,0,10,5,6,82.77,3,73.73,85.86,63.96,73.12,71.33,76.74,74.8,76.88,Senior,1,Intermediate,1
C01053,Java Developer,Bachelor's,Electronics,8,8,0,1,5,3,6,48.15,8,59.06,61.22,53.5,74.2,63.2,50.15,61.36,56.22,Senior,3,Beginner,1
C01054,Python Developer,Master's,Software Engineering,6,6,2,0,4,3,6,52.63,7,43.7,46.22,100.0,86.15,62.71,56.6,65.08,58.45,Mid-Level,3,Beginner,1
C01055,Frontend Developer,Master's,Information Technology,3,3,1,0,5,4,6,62.77,9,58.79,43.84,97.47,71.75,64.97,61.08,67.9,54.13,Mid-Level,2,Beginner,0
C01056,Cybersecurity Analyst,Bachelor's,Electronics,5,6,5,1,12,4,6,64.81,7,55.69,51.92,69.65,77.05,65.22,71.73,69.25,65.83,Mid-Level,2,Beginner,0
C01057,Product Designer,Bachelor's,Design,4,10,0,1,5,4,6,64.85,6,75.64,46.75,97.89,65.98,71.85,68.35,65.45,65.43,Mid-Level,2,Beginner,0
C01058,Java Developer,Diploma,Software Engineering,4,3,2,0,4,4,6,62.62,4,54.93,45.69,89.93,60.18,57.05,57.92,59.47,54.2,Mid-Level,2,Beginner,0
C01059,Backend Developer,Bachelor's,Software Engineering,4,10,3,0,8,4,6,69.87,3,63.28,41.0,94.65,79.71,66.7,76.61,71.43,62.02,Mid-Level,2,Beginner,0
C01060,Data Analyst,Bachelor's,Business,10,5,2,1,9,4,6,67.35,3,65.86,78.34,72.68,84.57,81.24,69.85,77.72,71.11,Senior,2,Beginner,1
C01061,QA Engineer,PhD,Computer Science,2,4,4,0,9,3,6,47.81,4,42.2,33.13,87.23,74.36,62.29,55.05,58.31,47.89,Junior,3,Not Ready,0
C01062,QA Engineer,Master's,Business,13,13,1,1,5,5,6,87.98,9,87.47,87.68,74.09,94.31,82.7,93.91,86.65,81.85,Senior,1,Intermediate,1
C01063,UI/UX Designer,Bachelor's,Design,0,2,2,2,9,2,6,29.57,9,34.56,17.81,90.09,53.79,40.68,31.95,41.24,35.61,Fresher,4,Not Ready,0
C01064,UI/UX Designer,Diploma,Design,7,6,3,1,4,4,6,71.4,7,60.69,59.12,85.99,68.35,63.37,66.14,68.06,63.44,Mid-Level,2,Beginner,0
C01065,Data Scientist,Bachelor's,Other,3,8,3,1,3,2,6,34.58,9,46.07,31.93,38.32,79.3,46.52,43.64,47.4,35.09,Mid-Level,4,Not Ready,0
C01066,Cloud Engineer,Diploma,Software Engineering,5,7,1,1,6,4,6,66.98,9,58.18,50.93,76.4,68.76,61.23,65.19,66.74,53.55,Mid-Level,2,Beginner,1
C01067,Python Developer,Bachelor's,Information Technology,1,2,0,2,3,3,6,47.97,8,39.89,28.87,93.85,57.22,56.45,47.39,54.83,44.6,Junior,3,Not Ready,0
C01068,Cybersecurity Analyst,Bachelor's,Electronics,5,6,5,1,10,4,6,65.69,10,55.4,48.17,70.16,84.26,80.33,69.26,71.61,64.26,Mid-Level,2,Beginner,1
C01069,Cybersecurity Analyst,Bachelor's,Other,2,6,1,1,5,2,6,28.47,6,30.94,29.62,31.83,70.44,41.93,41.17,43.15,32.54,Junior,4,Not Ready,0
C01070,Full Stack Developer,Diploma,Other,2,2,5,1,3,1,7,11.83,7,19.45,26.87,21.19,61.25,29.63,25.94,29.05,27.97,Junior,6,Not Ready,0
C01071,Data Analyst,Master's,Data Science,11,7,1,1,5,5,6,87.21,3,76.74,87.29,100.0,87.28,94.05,86.7,88.27,76.72,Senior,1,Intermediate,1
C01072,Backend Developer,Diploma,Software Engineering,6,5,3,1,12,4,6,62.06,2,53.41,54.39,88.32,63.23,68.83,57.99,68.4,61.83,Mid-Level,2,Beginner,0
C01073,UI/UX Designer,Bachelor's,Information Technology,0,2,2,0,9,2,6,36.95,10,24.08,12.34,62.79,54.37,39.74,44.61,38.36,31.68,Fresher,4,Not Ready,0
C01074,Mobile App Developer,Master's,Other,11,7,3,0,6,4,6,71.37,9,68.43,79.19,44.63,82.78,74.37,75.12,72.58,64.87,Senior,2,Beginner,1
C01075,Data Scientist,Master's,Data Science,3,3,1,0,10,5,6,85.56,3,78.59,47.16,100.0,67.33,73.54,82.37,75.27,73.88,Mid-Level,1,Beginner,1
C01076,UI/UX Designer,Bachelor's,Computer Science,5,10,2,1,10,3,6,45.09,4,50.2,46.95,66.13,74.64,53.46,55.6,56.23,43.18,Mid-Level,3,Not Ready,0
C01077,QA Engineer,Diploma,Computer Science,0,3,1,1,8,1,6,17.6,7,12.86,31.55,63.61,46.29,35.73,23.32,35.39,29.74,Fresher,5,Not Ready,0
C01078,QA Engineer,Diploma,Software Engineering,1,2,5,1,7,3,6,52.9,3,49.66,28.49,73.88,59.51,63.25,57.54,58.05,49.44,Junior,3,Not Ready,0
C01079,Cybersecurity Analyst,Bachelor's,Computer Science,9,12,5,1,7,5,6,78.53,6,92.11,78.18,86.49,89.91,80.69,77.97,83.17,78.24,Senior,1,Intermediate,1
C01080,UI/UX Designer,Diploma,Design,3,8,3,0,6,4,6,65.86,4,70.37,37.25,88.88,66.69,70.48,63.91,64.69,61.46,Mid-Level,2,Beginner,0
C01081,Backend Developer,Diploma,Computer Science,7,6,5,0,9,4,6,62.4,7,57.37,54.24,78.38,69.57,71.85,59.03,67.85,61.63,Mid-Level,2,Beginner,0
C01082,Backend Developer,Bachelor's,Computer Science,6,4,2,1,11,5,6,83.25,9,77.83,65.32,89.06,75.33,87.54,81.81,80.08,77.31,Mid-Level,1,Intermediate,1
C01083,Full Stack Developer,PhD,Information Technology,8,7,2,1,12,6,7,82.82,5,79.8,69.77,96.8,95.4,82.19,86.66,85.81,71.99,Senior,1,Beginner,0
C01084,Java Developer,Bachelor's,Computer Science,6,5,0,1,11,5,6,88.05,9,69.6,61.61,86.87,70.46,77.52,79.74,77.19,75.06,Mid-Level,1,Intermediate,1
C01085,Machine Learning Engineer,Bachelor's,Other,6,4,2,0,10,3,6,52.19,3,47.0,52.11,39.75,77.32,65.43,59.57,59.27,47.95,Mid-Level,3,Not Ready,0
C01086,Data Analyst,Bachelor's,Information Technology,7,5,1,1,6,4,6,69.84,8,54.6,62.17,83.29,65.99,68.97,66.89,67.79,60.77,Mid-Level,2,Beginner,0
C01087,Cloud Engineer,PhD,Computer Science,7,4,3,0,8,4,6,65.38,10,61.67,61.27,98.56,89.17,77.94,66.28,78.11,64.47,Mid-Level,2,Beginner,0
C01088,Java Developer,Bachelor's,Information Technology,9,14,3,1,13,5,6,85.38,3,83.61,73.47,88.15,90.49,88.51,84.9,87.16,79.31,Senior,1,Intermediate,0
C01089,Mobile App Developer,Bachelor's,Software Engineering,12,6,2,0,9,5,6,81.22,2,69.92,82.94,91.57,85.97,81.67,78.87,85.35,79.18,Senior,1,Intermediate,1
C01090,Frontend Developer,Bachelor's,Electronics,10,11,2,1,4,3,6,46.07,9,49.98,61.43,52.13,85.94,61.58,52.15,65.05,47.76,Senior,3,Not Ready,0
C01091,Java Developer,Master's,Computer Science,14,6,3,1,10,5,6,86.5,5,82.58,82.12,100.0,89.38,80.89,84.65,84.07,79.05,Senior,1,Intermediate,1
C01092,Frontend Developer,Bachelor's,Software Engineering,2,1,1,1,5,3,6,49.59,7,49.01,32.69,92.96,56.22,45.22,50.81,53.84,42.83,Junior,3,Not Ready,0
C01093,Frontend Developer,Bachelor's,Software Engineering,8,13,4,1,5,5,6,83.98,8,85.66,74.42,98.88,93.99,93.0,87.41,88.54,85.41,Senior,1,Intermediate,1
C01094,Data Analyst,Diploma,Data Science,8,11,5,1,13,5,6,81.1,6,89.14,66.82,83.89,75.29,73.28,77.44,75.76,78.46,Senior,1,Intermediate,1
C01095,Product Designer,Bachelor's,Information Technology,7,4,4,0,5,4,6,67.06,9,59.62,55.16,55.09,72.06,62.69,70.11,62.46,63.95,Mid-Level,2,Beginner,1
C01096,Cloud Engineer,PhD,Other,2,3,1,1,8,1,6,16.76,4,12.64,28.4,48.06,76.12,39.44,31.22,39.73,20.73,Junior,5,Not Ready,0
C01097,Backend Developer,Bachelor's,Other,5,10,5,0,10,2,6,36.89,9,41.35,44.24,33.27,94.16,56.56,52.84,54.77,39.75,Mid-Level,4,Not Ready,0
C01098,Java Developer,Master's,Information Technology,2,2,1,1,7,4,6,68.96,8,51.68,31.09,100.0,70.37,66.4,69.25,65.63,53.34,Junior,2,Beginner,0
C01099,Backend Developer,Bachelor's,Computer Science,5,5,5,1,7,4,6,66.56,9,65.6,53.9,90.69,82.18,75.84,71.36,73.0,68.92,Mid-Level,2,Beginner,0
C01100,DevOps Engineer,Master's,Electronics,3,3,5,0,9,2,6,36.01,4,23.37,28.29,57.17,83.48,59.1,48.64,51.64,40.56,Mid-Level,4,Not Ready,0
C01101,DevOps Engineer,Bachelor's,Software Engineering,0,0,3,3,5,2,6,30.15,6,9.52,13.65,91.54,53.96,34.94,32.3,39.32,30.55,Fresher,4,Not Ready,0
C01102,Mobile App Developer,Bachelor's,Electronics,7,9,4,1,4,3,6,46.27,5,46.28,48.45,53.78,80.37,52.26,54.37,57.87,53.6,Mid-Level,3,Beginner,0
C01103,QA Engineer,Bachelor's,Information Technology,1,2,4,0,7,3,6,46.52,4,37.21,22.52,76.32,62.35,49.76,54.3,51.14,49.01,Junior,3,Not Ready,0
C01104,UI/UX Designer,Bachelor's,Design,9,6,1,1,6,4,6,63.1,2,69.45,63.95,99.87,69.91,64.6,61.32,68.16,60.11,Senior,2,Beginner,0
C01105,Full Stack Developer,Bachelor's,Information Technology,2,2,1,0,8,3,7,42.14,8,45.02,33.61,88.29,64.49,58.31,49.51,56.06,49.26,Junior,4,Not Ready,0
C01106,UI/UX Designer,Bachelor's,Other,9,13,5,1,9,4,6,71.29,9,77.31,74.01,33.75,97.67,82.21,80.81,79.22,72.93,Senior,2,Beginner,0
C01107,Backend Developer,Bachelor's,Computer Science,6,5,0,1,10,5,6,84.19,9,70.94,64.08,86.49,71.88,84.3,83.18,77.55,69.05,Mid-Level,1,Beginner,0
C01108,Product Designer,Master's,Design,14,13,2,1,9,5,6,83.37,8,86.59,77.83,100.0,95.37,81.01,81.16,86.19,74.35,Senior,1,Beginner,1
C01109,DevOps Engineer,Bachelor's,Computer Science,7,3,4,0,5,3,6,51.13,10,49.4,54.95,84.38,81.8,65.16,54.51,66.88,58.23,Mid-Level,3,Beginner,1
C01110,Data Analyst,Bachelor's,Other,4,10,5,1,4,2,6,37.84,8,42.28,33.21,36.72,84.09,60.65,49.16,51.54,43.57,Mid-Level,4,Not Ready,0
C01111,Java Developer,PhD,Electronics,6,7,4,0,8,2,6,36.92,5,43.88,47.38,63.54,90.57,60.87,46.05,59.49,46.86,Mid-Level,4,Not Ready,0
C01112,Mobile App Developer,Master's,Information Technology,4,3,1,1,12,4,6,70.61,9,57.78,50.63,100.0,74.69,66.95,71.16,73.48,60.74,Mid-Level,2,Beginner,0
C01113,Cybersecurity Analyst,Bachelor's,Computer Science,9,9,1,0,12,5,6,86.03,3,87.67,75.57,92.73,72.64,88.44,81.76,81.26,82.67,Senior,1,Intermediate,0
C01114,DevOps Engineer,Bachelor's,Electronics,5,4,4,0,9,3,6,45.87,9,51.8,44.0,48.91,82.14,67.95,50.74,58.76,46.22,Mid-Level,3,Not Ready,0
C01115,Data Scientist,Diploma,Computer Science,3,8,0,1,9,4,6,65.72,3,57.97,36.87,78.35,53.75,66.85,65.79,58.26,50.37,Mid-Level,2,Beginner,0
C01116,UI/UX Designer,Bachelor's,Information Technology,12,14,2,0,4,4,6,65.13,4,72.55,78.33,67.49,78.8,70.98,63.19,72.03,70.34,Senior,2,Beginner,0
C01117,Python Developer,Master's,Software Engineering,4,4,3,0,13,5,6,85.9,8,66.32,49.14,97.31,70.72,79.75,82.58,78.93,70.58,Mid-Level,1,Beginner,1
C01118,Python Developer,Master's,Data Science,3,4,4,0,4,4,6,66.63,4,56.9,38.6,94.0,82.72,72.3,70.08,73.5,57.09,Mid-Level,2,Beginner,0
C01119,Java Developer,Master's,Computer Science,2,5,0,1,11,3,6,47.39,9,53.38,29.24,98.27,67.07,50.2,49.18,54.88,44.97,Junior,3,Not Ready,0
C01120,QA Engineer,Bachelor's,Software Engineering,2,2,4,0,5,3,6,48.08,7,37.02,34.6,87.61,64.11,53.0,51.27,55.45,50.2,Junior,3,Beginner,0
C01121,Python Developer,Master's,Computer Science,12,6,0,0,13,5,6,86.61,4,74.89,88.82,96.49,85.23,90.4,85.45,86.64,83.6,Senior,1,Intermediate,1
C01122,Java Developer,Master's,Information Technology,6,6,2,0,8,4,6,71.52,3,62.68,53.8,96.41,78.71,67.08,72.59,71.55,67.11,Mid-Level,2,Beginner,1
C01123,Cybersecurity Analyst,PhD,Computer Science,9,12,4,1,12,5,6,79.23,9,88.41,78.47,100.0,100.0,87.29,86.73,91.02,85.71,Senior,1,Intermediate,1
C01124,DevOps Engineer,PhD,Computer Science,10,12,4,1,6,5,6,79.22,7,81.01,84.18,100.0,100.0,89.63,83.52,91.09,80.11,Senior,1,Intermediate,1
C01125,Machine Learning Engineer,Bachelor's,Information Technology,2,2,4,1,5,3,6,53.85,2,39.03,35.09,83.81,67.88,65.69,55.12,59.72,56.15,Junior,3,Beginner,0
C01126,Full Stack Developer,Bachelor's,Information Technology,1,2,0,2,10,3,7,44.42,9,31.2,28.79,93.79,49.55,49.58,46.47,47.69,39.31,Junior,4,Not Ready,0
C01127,Data Analyst,Bachelor's,Information Technology,0,2,2,3,10,3,6,52.68,5,47.13,29.67,81.18,56.35,60.25,54.57,56.82,49.43,Fresher,3,Not Ready,0
C01128,Python Developer,Bachelor's,Information Technology,8,14,1,1,11,5,6,83.09,4,92.04,73.25,91.78,75.47,87.79,84.98,83.49,76.03,Senior,1,Intermediate,1
C01129,DevOps Engineer,Diploma,Software Engineering,7,8,0,1,10,4,6,67.2,3,67.71,60.18,78.9,68.51,61.46,70.38,64.23,55.83,Mid-Level,2,Beginner,0
C01130,Python Developer,Master's,Information Technology,7,6,0,1,8,5,6,83.58,7,68.02,62.19,100.0,79.13,76.49,81.14,80.7,74.73,Mid-Level,1,Beginner,1
C01131,Data Analyst,Master's,Data Science,1,6,2,0,12,4,6,68.24,6,57.42,26.6,98.03,69.63,64.05,69.96,67.24,51.94,Junior,2,Beginner,0
C01132,Full Stack Developer,Bachelor's,Other,11,10,3,1,7,4,7,57.58,10,60.26,66.47,27.69,87.54,62.4,64.08,63.46,56.07,Senior,3,Beginner,1
C01133,Data Scientist,Master's,Mathematics,9,8,3,1,7,4,6,65.1,6,67.15,67.89,80.96,85.52,79.92,72.71,76.39,67.47,Senior,2,Beginner,1
C01134,Cloud Engineer,Master's,Other,12,13,5,0,10,3,6,46.61,9,62.33,61.16,40.41,92.99,71.37,59.57,65.1,60.22,Senior,3,Beginner,0
C01135,Full Stack Developer,Master's,Information Technology,6,3,5,0,5,4,7,56.48,8,49.53,47.69,100.0,91.36,66.34,60.44,70.86,60.24,Mid-Level,3,Beginner,0
C01136,Cloud Engineer,Master's,Information Technology,12,14,0,1,7,5,6,85.57,3,79.07,87.35,100.0,77.28,80.74,88.17,83.12,77.7,Senior,1,Intermediate,1
C01137,Full Stack Developer,Bachelor's,Computer Science,5,10,3,0,7,6,7,89.4,6,83.12,60.18,90.14,85.32,84.01,83.75,82.6,80.53,Mid-Level,1,Intermediate,1
C01138,Python Developer,PhD,Data Science,9,11,4,0,10,5,6,82.78,4,87.56,77.15,100.0,93.9,94.04,84.56,88.43,83.8,Senior,1,Intermediate,1
C01139,Frontend Developer,Bachelor's,Electronics,4,3,2,0,2,2,6,30.2,10,29.67,39.81,52.31,71.45,53.75,34.86,47.48,38.34,Mid-Level,4,Not Ready,0
C01140,Python Developer,Master's,Software Engineering,7,4,5,0,9,5,6,80.88,4,72.44,62.51,100.0,87.94,82.8,81.76,81.46,71.22,Mid-Level,1,Beginner,1
C01141,Java Developer,Bachelor's,Computer Science,10,6,2,1,5,5,6,81.12,10,73.96,81.58,86.32,83.08,83.99,84.55,82.63,76.17,Senior,1,Intermediate,1
C01142,Data Analyst,Bachelor's,Information Technology,3,4,1,1,11,4,6,65.84,9,63.5,38.19,76.75,59.09,60.89,61.8,60.33,58.7,Mid-Level,2,Beginner,0
C01143,Java Developer,Bachelor's,Other,5,8,0,0,7,3,6,48.99,4,57.37,47.19,32.3,64.64,54.74,55.74,52.43,47.02,Mid-Level,3,Not Ready,0
C01144,Machine Learning Engineer,Master's,Computer Science,4,10,0,1,8,4,6,62.9,10,71.38,39.41,100.0,78.81,67.9,62.32,67.83,55.59,Mid-Level,2,Beginner,0
C01145,Data Scientist,Bachelor's,Mathematics,10,11,2,1,5,5,6,84.4,2,75.53,84.84,79.31,78.55,87.16,80.23,83.66,77.29,Senior,1,Intermediate,1
C01146,Frontend Developer,Master's,Information Technology,7,9,3,1,10,4,6,71.13,8,73.56,61.29,100.0,81.49,79.93,68.96,74.74,70.99,Mid-Level,2,Beginner,0
C01147,Machine Learning Engineer,Diploma,Computer Science,4,5,1,1,5,4,6,63.27,5,54.06,46.24,77.05,61.44,61.78,62.97,58.46,51.0,Mid-Level,2,Beginner,1
C01148,UI/UX Designer,Bachelor's,Information Technology,3,4,5,0,5,4,6,65.59,3,53.23,38.38,67.81,79.28,71.27,70.71,69.02,63.02,Mid-Level,2,Beginner,1
C01149,Cloud Engineer,Bachelor's,Computer Science,9,14,3,1,13,5,6,82.91,2,80.71,73.09,84.33,87.54,85.74,82.22,80.88,81.33,Senior,1,Intermediate,1
C01150,Data Scientist,Master's,Computer Science,7,6,3,1,7,5,6,83.19,8,70.88,64.4,91.24,77.7,88.96,77.58,80.89,74.46,Mid-Level,1,Beginner,0
C01151,Java Developer,Bachelor's,Computer Science,9,11,0,0,10,5,6,81.66,2,84.63,80.19,92.16,83.87,84.28,80.98,83.71,78.77,Senior,1,Intermediate,1
C01152,Mobile App Developer,Diploma,Information Technology,5,3,0,0,12,5,6,82.65,4,68.48,55.82,79.11,60.0,73.48,75.2,68.29,61.59,Mid-Level,1,Beginner,0
C01153,Python Developer,Bachelor's,Computer Science,0,1,3,0,3,3,6,52.41,7,37.65,34.76,88.44,58.49,59.01,53.15,58.3,52.71,Fresher,3,Beginner,0
C01154,Cloud Engineer,Master's,Other,12,11,2,0,8,4,6,64.04,5,68.21,75.33,42.58,85.84,65.58,70.23,67.93,61.6,Senior,2,Beginner,1
C01155,Mobile App Developer,Bachelor's,Computer Science,3,9,2,0,10,4,6,63.86,2,62.96,39.37,90.65,69.25,59.1,61.65,65.93,57.09,Mid-Level,2,Beginner,0
C01156,Full Stack Developer,Master's,Information Technology,4,8,5,1,8,5,7,68.36,6,72.16,48.78,97.72,81.34,77.92,66.95,76.28,66.59,Mid-Level,2,Beginner,1
C01157,DevOps Engineer,Bachelor's,Information Technology,6,4,4,1,8,4,6,71.14,9,51.99,57.57,94.19,81.92,73.59,73.02,76.93,65.26,Mid-Level,2,Beginner,1
C01158,Cybersecurity Analyst,Diploma,Computer Science,6,4,5,1,11,4,6,68.84,10,60.65,55.17,76.43,67.68,68.31,72.31,68.78,60.51,Mid-Level,2,Beginner,0
C01159,Data Analyst,Bachelor's,Business,5,6,2,0,3,3,6,51.71,9,44.78,40.68,69.38,66.93,51.27,52.15,53.12,49.91,Mid-Level,3,Not Ready,0
C01160,Cybersecurity Analyst,Bachelor's,Computer Science,10,9,1,1,12,5,6,87.66,10,75.77,79.73,91.14,88.41,88.33,83.25,86.23,73.74,Senior,1,Beginner,0
C01161,Data Scientist,Bachelor's,Computer Science,2,5,2,2,8,3,6,46.19,8,43.42,33.78,81.0,60.66,53.51,47.51,51.61,47.65,Junior,3,Not Ready,0
C01162,Frontend Developer,Bachelor's,Software Engineering,12,9,4,1,12,5,6,81.37,10,81.11,76.88,96.69,89.95,77.73,79.95,83.83,81.94,Senior,1,Intermediate,1
C01163,DevOps Engineer,Diploma,Information Technology,1,3,2,1,8,3,6,46.47,5,48.75,30.4,82.44,44.14,41.0,49.28,46.73,48.67,Junior,3,Not Ready,0
C01164,Python Developer,Bachelor's,Software Engineering,4,7,2,0,6,3,6,50.14,8,52.25,38.27,91.91,74.75,59.47,58.64,60.07,49.31,Mid-Level,3,Not Ready,1
C01165,Machine Learning Engineer,Master's,Data Science,3,10,3,1,6,5,6,79.44,3,74.11,40.76,97.74,88.61,86.48,86.09,80.79,69.03,Mid-Level,1,Beginner,1
C01166,Data Scientist,PhD,Mathematics,15,15,3,0,13,5,6,87.72,10,80.49,87.98,92.05,100.0,88.01,90.21,92.42,79.86,Senior,1,Intermediate,1
C01167,Java Developer,Bachelor's,Information Technology,0,0,2,2,7,2,6,33.63,4,8.99,17.46,89.93,50.54,33.15,33.97,41.43,34.76,Fresher,4,Not Ready,0
C01168,Frontend Developer,Diploma,Software Engineering,7,8,2,0,8,4,6,71.18,7,68.76,59.52,83.27,68.88,63.53,66.9,66.21,67.18,Mid-Level,2,Beginner,0
C01169,DevOps Engineer,Diploma,Software Engineering,4,4,0,0,7,4,6,66.78,6,54.76,49.82,80.52,45.18,54.68,59.89,55.67,54.25,Mid-Level,2,Beginner,0
C01170,Frontend Developer,Master's,Computer Science,13,15,1,1,8,5,6,84.7,10,87.02,80.04,99.34,87.81,84.37,88.28,87.74,75.4,Senior,1,Intermediate,0
C01171,Java Developer,Master's,Software Engineering,13,7,2,0,9,5,6,78.91,5,77.59,84.12,100.0,80.06,75.22,78.21,83.36,80.81,Senior,1,Intermediate,1
C01172,Backend Developer,PhD,Computer Science,6,4,2,1,9,3,6,46.48,4,43.58,52.26,100.0,75.99,60.2,56.55,63.29,49.0,Mid-Level,3,Not Ready,0
C01173,Machine Learning Engineer,Bachelor's,Information Technology,2,4,3,2,4,3,6,45.17,6,53.9,30.22,85.44,75.27,51.71,48.09,57.96,45.59,Junior,3,Not Ready,1
C01174,Python Developer,Bachelor's,Computer Science,6,4,5,1,7,4,6,63.63,8,63.46,58.24,91.41,84.53,66.88,70.81,72.49,67.12,Mid-Level,2,Beginner,0
C01175,Cloud Engineer,Bachelor's,Information Technology,0,2,3,0,5,3,6,47.98,3,37.92,15.85,91.17,55.28,42.91,50.52,47.21,45.33,Fresher,3,Not Ready,0
C01176,QA Engineer,Bachelor's,Information Technology,8,5,5,0,5,5,6,81.89,6,81.59,74.42,84.36,91.22,84.81,84.13,85.53,80.81,Senior,1,Intermediate,1
C01177,Backend Developer,Master's,Other,6,10,1,1,5,2,6,36.66,8,44.83,43.36,41.91,86.57,63.03,43.83,58.01,40.96,Mid-Level,4,Not Ready,0
C01178,Machine Learning Engineer,Bachelor's,Data Science,10,6,2,0,10,5,6,84.87,8,68.88,87.5,96.04,85.61,78.25,89.95,86.1,74.26,Senior,1,Beginner,0
C01179,Machine Learning Engineer,Bachelor's,Mathematics,9,8,0,1,4,4,6,64.0,10,69.45,71.71,80.86,79.44,62.98,71.01,68.81,63.03,Senior,2,Beginner,0
C01180,Product Designer,Bachelor's,Other,7,8,1,0,9,2,6,28.91,6,45.66,48.4,30.86,75.9,53.06,33.64,48.43,37.94,Mid-Level,4,Not Ready,0
C01181,DevOps Engineer,Master's,Information Technology,12,14,0,0,13,5,6,78.37,9,90.18,79.22,100.0,86.03,77.07,81.12,79.32,75.33,Senior,1,Intermediate,1
C01182,UI/UX Designer,Master's,Computer Science,5,5,1,0,7,4,6,67.64,7,67.67,48.48,78.98,79.19,65.05,66.32,65.64,63.23,Mid-Level,2,Beginner,0
C01183,Frontend Developer,Master's,Information Technology,11,13,2,0,12,4,6,65.68,3,67.82,76.35,100.0,90.8,68.38,72.27,79.72,70.61,Senior,2,Beginner,1
C01184,Product Designer,Bachelor's,Business,9,14,3,0,5,4,6,61.8,8,78.83,69.51,74.42,83.2,66.39,65.75,73.1,62.16,Senior,2,Beginner,0
C01185,Mobile App Developer,Bachelor's,Electronics,11,13,4,0,12,4,6,65.94,7,70.67,74.97,53.02,94.95,79.51,68.27,78.72,64.56,Senior,2,Beginner,1
C01186,Frontend Developer,Bachelor's,Software Engineering,7,8,5,1,6,4,6,64.84,10,62.29,59.91,97.48,93.63,73.28,72.52,78.19,64.03,Mid-Level,2,Beginner,0
C01187,Machine Learning Engineer,Bachelor's,Computer Science,5,10,2,1,4,4,6,68.53,8,63.79,54.91,92.09,79.54,74.72,66.42,75.33,62.38,Mid-Level,2,Beginner,0
C01188,Product Designer,PhD,Information Technology,15,15,1,1,7,5,6,82.79,7,79.63,77.6,77.98,96.21,80.52,89.09,82.26,74.32,Senior,1,Beginner,1
C01189,Cybersecurity Analyst,Bachelor's,Information Technology,6,8,3,1,7,4,6,64.78,5,64.34,55.04,93.59,75.81,77.01,66.99,70.18,64.77,Mid-Level,2,Beginner,1
C01190,Product Designer,Diploma,Information Technology,4,5,5,1,12,4,6,63.36,3,65.91,42.05,48.69,73.75,69.73,69.42,63.67,61.04,Mid-Level,2,Beginner,0
C01191,Mobile App Developer,Diploma,Electronics,3,3,3,1,3,3,6,45.7,7,44.64,37.33,35.82,58.74,58.17,45.14,50.47,41.29,Mid-Level,3,Not Ready,0
C01192,Product Designer,Master's,Business,1,5,0,1,5,3,6,53.54,7,40.74,29.51,78.43,63.98,52.76,56.15,54.28,43.73,Junior,3,Not Ready,0
C01193,Cybersecurity Analyst,Bachelor's,Computer Science,1,5,3,1,6,3,6,53.56,2,54.87,26.28,91.88,75.02,64.75,61.3,63.06,51.25,Junior,3,Beginner,0
C01194,Data Analyst,Bachelor's,Computer Science,0,1,2,0,4,3,6,53.94,6,45.09,12.16,84.65,50.41,50.52,52.87,49.66,39.49,Fresher,3,Not Ready,0
C01195,Machine Learning Engineer,Bachelor's,Mathematics,4,6,4,0,12,4,6,62.97,6,67.09,44.28,82.1,77.23,62.08,67.38,67.89,56.26,Mid-Level,2,Beginner,0
C01196,Data Analyst,Master's,Computer Science,10,5,5,1,5,5,6,83.68,4,75.71,80.66,94.16,85.28,88.23,86.46,86.84,82.68,Senior,1,Intermediate,1
C01197,Java Developer,Diploma,Electronics,0,2,1,2,5,1,6,14.74,9,9.96,18.72,35.63,50.88,35.89,25.93,34.27,24.68,Fresher,5,Not Ready,0
C01198,Cybersecurity Analyst,Bachelor's,Business,11,12,1,0,7,3,6,47.67,8,53.73,64.67,50.15,77.47,58.84,57.37,61.13,54.92,Senior,3,Beginner,0
C01199,Python Developer,Bachelor's,Software Engineering,11,11,4,1,10,5,6,84.94,10,87.88,87.64,97.51,90.37,82.41,86.53,84.99,81.19,Senior,1,Intermediate,1
C01200,Frontend Developer,Bachelor's,Computer Science,7,8,1,1,6,3,6,51.57,6,53.76,56.17,92.08,69.33,55.33,51.42,63.75,56.75,Mid-Level,3,Beginner,0
C01201,Product Designer,Bachelor's,Other,11,7,0,1,12,4,6,69.68,6,60.07,79.19,27.1,78.47,76.09,71.96,71.03,63.23,Senior,2,Beginner,1
C01202,Product Designer,Bachelor's,Business,12,9,0,0,9,4,6,67.13,10,70.08,74.56,75.0,77.35,76.7,72.23,75.37,65.2,Senior,2,Beginner,0
C01203,Frontend Developer,Bachelor's,Electronics,5,9,0,0,10,3,6,46.08,9,52.35,48.6,49.65,73.85,55.71,46.9,56.56,41.68,Mid-Level,3,Not Ready,0
C01204,Product Designer,Master's,Computer Science,14,12,2,1,4,4,6,70.64,9,67.95,81.18,67.49,95.95,85.89,72.65,79.91,65.51,Senior,2,Beginner,1
C01205,Java Developer,Master's,Computer Science,5,7,1,1,9,4,6,64.19,8,62.16,46.7,100.0,74.02,64.94,62.25,67.73,58.45,Mid-Level,2,Beginner,1
C01206,Full Stack Developer,Master's,Information Technology,9,8,2,1,5,5,7,72.62,6,62.03,74.35,100.0,81.66,81.35,78.54,81.94,69.21,Senior,2,Beginner,0
C01207,QA Engineer,Master's,Information Technology,1,1,1,2,4,4,6,61.76,10,46.89,31.73,92.6,65.62,70.19,58.71,61.8,57.73,Junior,2,Beginner,0
C01208,Java Developer,Bachelor's,Software Engineering,10,9,4,0,4,4,6,64.52,5,67.16,76.11,98.52,92.45,75.63,68.09,77.13,69.94,Senior,2,Beginner,0
C01209,Data Analyst,Bachelor's,Computer Science,1,5,1,2,9,3,6,45.44,8,48.92,21.96,85.5,69.09,48.49,53.72,49.6,47.01,Junior,3,Not Ready,0
C01210,Backend Developer,Master's,Information Technology,7,10,4,0,13,5,6,82.35,2,74.8,61.36,100.0,99.25,81.93,85.52,86.43,74.42,Mid-Level,1,Beginner,0
C01211,Product Designer,Master's,Business,12,8,4,1,13,5,6,82.09,6,78.77,79.51,78.63,98.02,85.9,84.56,85.71,80.22,Senior,1,Intermediate,1
C01212,Data Scientist,Bachelor's,Computer Science,9,11,2,0,10,5,6,84.74,10,76.14,72.97,80.96,83.81,89.58,82.69,82.88,80.07,Senior,1,Intermediate,1
C01213,Data Analyst,Bachelor's,Computer Science,5,5,3,0,7,4,6,61.83,6,54.55,49.07,82.93,67.02,58.09,59.68,63.18,58.71,Mid-Level,2,Beginner,1
C01214,Machine Learning Engineer,Bachelor's,Computer Science,10,12,2,1,6,4,6,63.93,2,77.7,75.25,94.8,92.67,77.71,65.01,82.32,66.01,Senior,2,Beginner,1
C01215,Mobile App Developer,Bachelor's,Information Technology,9,6,1,0,6,5,6,82.7,10,71.68,75.15,88.34,82.85,87.54,82.31,81.58,77.67,Senior,1,Intermediate,1
C01216,Machine Learning Engineer,Bachelor's,Computer Science,10,10,3,1,8,5,6,79.65,3,75.62,78.61,89.94,90.1,83.06,81.09,81.66,72.82,Senior,1,Beginner,1
C01217,Frontend Developer,Master's,Computer Science,12,14,5,1,9,4,6,62.2,3,75.07,71.72,100.0,100.0,80.73,74.11,78.88,69.3,Senior,2,Beginner,0
C01218,Cloud Engineer,Master's,Software Engineering,1,4,2,2,8,3,6,45.84,7,42.37,26.86,97.98,64.63,46.52,51.9,51.87,44.78,Junior,3,Not Ready,0
C01219,Data Scientist,Master's,Information Technology,8,5,2,1,7,5,6,83.29,10,81.23,72.25,93.92,87.44,82.12,82.78,80.71,77.22,Senior,1,Intermediate,1
C01220,Backend Developer,Master's,Computer Science,5,5,2,0,10,4,6,63.44,8,63.43,53.07,96.58,71.69,63.4,68.6,67.0,56.57,Mid-Level,2,Beginner,1
C01221,Machine Learning Engineer,Diploma,Other,0,3,2,3,4,1,6,14.23,4,18.85,30.0,20.77,57.31,37.45,21.26,32.78,19.14,Fresher,5,Not Ready,0
C01222,Backend Developer,Bachelor's,Information Technology,0,1,2,3,8,3,6,46.68,8,33.65,15.58,85.73,50.03,48.07,45.49,45.19,43.45,Fresher,3,Not Ready,0
C01223,DevOps Engineer,Bachelor's,Information Technology,0,2,3,3,9,3,6,54.34,9,35.6,31.36,90.0,63.41,54.4,55.13,57.82,52.98,Fresher,3,Beginner,0
C01224,Java Developer,Diploma,Information Technology,0,1,0,0,5,2,6,30.98,3,23.71,13.27,76.96,48.44,32.27,31.52,36.09,33.37,Fresher,4,Not Ready,0
C01225,QA Engineer,Master's,Computer Science,8,6,5,1,12,5,6,82.42,7,71.87,74.36,85.76,95.46,93.87,89.31,86.1,78.27,Senior,1,Intermediate,1
C01226,Machine Learning Engineer,Master's,Data Science,2,6,3,0,12,4,6,64.96,2,60.22,32.91,95.39,82.21,64.27,67.47,64.53,56.99,Junior,2,Beginner,0
C01227,Mobile App Developer,Bachelor's,Electronics,6,5,2,1,7,2,6,31.07,2,35.6,40.85,46.42,73.24,43.74,41.3,47.73,39.75,Mid-Level,4,Not Ready,0
C01228,Cloud Engineer,Diploma,Information Technology,7,6,5,0,5,4,6,63.18,7,67.3,58.59,82.6,75.1,60.9,66.12,68.59,64.9,Mid-Level,2,Beginner,1
C01229,DevOps Engineer,Bachelor's,Information Technology,6,6,2,1,11,4,6,66.54,8,60.43,58.8,92.19,66.08,73.3,66.57,70.72,67.56,Mid-Level,2,Beginner,0
C01230,Backend Developer,Master's,Computer Science,13,9,0,0,11,4,6,68.24,8,72.76,77.15,100.0,83.91,71.81,76.17,76.48,71.03,Senior,2,Beginner,1
C01231,Data Analyst,Bachelor's,Computer Science,8,15,1,1,7,5,6,84.05,5,93.67,72.51,80.08,83.47,87.74,87.98,79.73,71.94,Senior,1,Beginner,1
C01232,UI/UX Designer,Diploma,Other,6,4,3,0,7,2,6,33.06,3,25.64,42.71,20.22,56.71,39.88,36.71,43.78,31.39,Mid-Level,4,Not Ready,0
C01233,QA Engineer,PhD,Business,15,9,5,0,8,5,6,88.02,2,80.0,80.71,76.96,100.0,97.75,90.47,92.46,85.36,Senior,1,Intermediate,1
C01234,Java Developer,Master's,Information Technology,13,12,2,0,7,5,6,86.99,8,83.35,84.62,100.0,89.11,92.79,88.26,89.26,78.54,Senior,1,Intermediate,1
C01235,Full Stack Developer,Diploma,Software Engineering,8,15,5,1,11,6,7,87.11,6,95.33,73.64,81.52,86.23,90.88,87.19,86.0,85.52,Senior,1,Intermediate,1
C01236,Cloud Engineer,Master's,Information Technology,3,7,3,1,11,5,6,82.68,6,69.56,40.12,98.63,72.94,75.29,76.27,74.74,64.16,Mid-Level,1,Beginner,0
C01237,Java Developer,Diploma,Computer Science,7,3,2,0,9,4,6,67.39,5,65.27,64.02,83.76,55.82,59.0,60.84,65.2,58.73,Mid-Level,2,Beginner,0
C01238,Cloud Engineer,Bachelor's,Computer Science,6,3,1,1,7,5,6,85.9,2,76.56,65.06,85.72,68.83,86.21,80.3,79.14,75.67,Mid-Level,1,Intermediate,1
C01239,Machine Learning Engineer,Master's,Other,11,11,0,0,11,3,6,48.91,5,56.05,68.46,48.53,77.72,61.11,49.84,63.73,50.07,Senior,3,Beginner,0
C01240,UI/UX Designer,Master's,Design,12,15,3,1,10,4,6,65.65,8,69.01,79.52,98.38,99.21,85.21,76.73,83.33,70.54,Senior,2,Beginner,0
C01241,Machine Learning Engineer,Master's,Information Technology,3,6,5,1,11,4,6,65.44,7,62.44,43.59,95.28,81.59,78.43,68.08,73.91,69.31,Mid-Level,2,Beginner,1
C01242,Backend Developer,Diploma,Computer Science,1,2,3,0,7,3,6,49.32,4,45.25,23.0,84.45,52.73,45.76,53.94,51.63,45.28,Junior,3,Not Ready,0
C01243,Cloud Engineer,Master's,Software Engineering,11,9,1,0,5,5,6,87.21,5,87.78,84.9,100.0,83.26,86.98,85.81,85.91,77.03,Senior,1,Intermediate,0
C01244,Machine Learning Engineer,Bachelor's,Information Technology,8,10,3,0,10,5,6,84.42,5,79.88,75.27,84.21,85.62,92.7,84.06,86.29,74.19,Senior,1,Beginner,1
C01245,UI/UX Designer,Master's,Other,12,9,0,0,12,4,6,64.49,6,68.04,74.66,39.51,78.02,75.6,71.29,69.37,58.58,Senior,2,Beginner,0
C01246,Frontend Developer,Bachelor's,Information Technology,1,5,3,1,4,4,6,68.38,9,63.16,25.77,90.59,74.91,73.04,74.62,67.23,61.26,Junior,2,Beginner,0
C01247,Data Scientist,Bachelor's,Mathematics,5,4,3,1,7,4,6,69.37,10,54.95,55.76,79.75,65.71,74.89,66.53,69.97,61.8,Mid-Level,2,Beginner,1
C01248,Cloud Engineer,Diploma,Information Technology,4,3,0,0,9,4,6,64.93,7,60.16,46.7,76.31,58.19,67.1,67.18,61.35,54.79,Mid-Level,2,Beginner,0
C01249,DevOps Engineer,Diploma,Other,6,10,3,1,10,2,6,37.36,3,35.0,41.85,23.23,65.61,52.17,40.82,48.67,39.53,Mid-Level,4,Not Ready,0
C01250,Python Developer,Master's,Information Technology,9,11,0,1,13,5,6,83.34,10,84.84,74.01,98.03,84.18,82.72,82.41,84.5,77.65,Senior,1,Intermediate,0
C01251,Product Designer,Bachelor's,Computer Science,4,10,3,1,9,3,6,47.36,5,47.83,42.15,64.96,73.4,50.1,54.76,55.17,50.69,Mid-Level,3,Beginner,0
C01252,Cybersecurity Analyst,Bachelor's,Computer Science,5,4,4,1,5,5,6,87.89,4,73.95,54.74,91.82,73.6,85.93,89.31,80.02,78.38,Mid-Level,1,Intermediate,1
C01253,Python Developer,Bachelor's,Software Engineering,2,6,3,1,8,3,6,51.35,8,45.67,34.86,97.92,70.42,53.87,56.63,61.89,52.33,Junior,3,Beginner,0
C01254,Cybersecurity Analyst,Diploma,Information Technology,4,3,2,0,11,4,6,69.8,7,63.35,44.1,82.59,52.28,69.32,66.32,63.66,60.07,Mid-Level,2,Beginner,0
C01255,Data Scientist,Bachelor's,Computer Science,4,10,5,0,10,4,6,67.58,5,65.03,43.93,81.49,84.64,76.46,75.14,69.13,61.87,Mid-Level,2,Beginner,0
C01256,Python Developer,Bachelor's,Information Technology,12,12,5,0,10,5,6,80.76,10,86.18,85.45,93.84,100.0,92.83,88.67,89.0,80.53,Senior,1,Intermediate,1
C01257,Data Analyst,Master's,Other,2,2,4,1,3,1,6,18.04,7,20.28,26.26,49.28,80.52,40.55,29.03,43.9,28.55,Junior,5,Not Ready,0
C01258,Full Stack Developer,Master's,Software Engineering,10,8,4,0,6,6,7,84.16,9,80.93,78.03,98.6,95.0,82.48,82.13,88.51,75.32,Senior,1,Intermediate,1
C01259,Machine Learning Engineer,Bachelor's,Other,5,6,4,0,8,2,6,34.17,10,33.26,38.86,38.43,74.67,56.09,41.01,48.01,39.17,Mid-Level,4,Not Ready,0
C01260,Cloud Engineer,Bachelor's,Information Technology,11,12,5,1,8,4,6,67.55,2,75.43,74.6,89.13,88.41,71.12,68.27,76.76,72.37,Senior,2,Beginner,1
C01261,Product Designer,Diploma,Information Technology,6,8,1,1,12,4,6,66.83,6,71.3,50.46,47.06,66.76,64.32,61.99,60.26,55.28,Mid-Level,2,Beginner,0
C01262,Data Scientist,Bachelor's,Computer Science,10,13,2,0,13,5,6,82.93,8,93.75,86.83,80.46,87.31,89.41,83.11,85.7,84.56,Senior,1,Intermediate,1
C01263,Python Developer,Bachelor's,Computer Science,8,7,3,1,6,5,6,87.34,6,74.32,75.14,91.52,85.96,87.81,86.09,88.5,79.81,Senior,1,Intermediate,0
C01264,Java Developer,Bachelor's,Software Engineering,9,11,0,0,7,5,6,80.78,2,86.6,77.76,95.21,74.81,79.97,79.03,80.66,73.2,Senior,1,Beginner,1
C01265,Frontend Developer,Master's,Information Technology,11,5,3,0,9,5,6,84.94,3,77.3,85.05,100.0,84.78,83.2,82.46,83.93,82.49,Senior,1,Intermediate,0
C01266,Cloud Engineer,Master's,Software Engineering,4,6,4,1,6,5,6,87.4,6,74.2,47.18,100.0,74.35,86.74,80.54,82.13,76.54,Mid-Level,1,Intermediate,1
C01267,Product Designer,Bachelor's,Information Technology,2,4,4,0,4,2,6,36.71,8,27.38,25.95,61.97,64.1,47.37,38.88,48.51,35.99,Junior,4,Not Ready,0
C01268,Mobile App Developer,Bachelor's,Information Technology,5,8,4,1,11,4,6,69.82,3,60.2,49.23,85.82,80.29,74.69,70.64,73.91,60.0,Mid-Level,2,Beginner,0
C01269,Machine Learning Engineer,Bachelor's,Information Technology,3,4,0,1,12,5,6,83.44,3,80.46,39.33,83.02,55.15,70.44,75.94,64.04,64.16,Mid-Level,1,Beginner,1
C01270,Cloud Engineer,Diploma,Information Technology,1,3,4,2,4,4,6,64.69,3,61.26,28.92,81.12,53.82,58.25,63.44,55.74,53.38,Junior,2,Beginner,0
C01271,Data Analyst,Master's,Computer Science,5,7,5,1,4,4,6,66.57,7,69.79,49.78,95.47,94.79,81.37,68.33,75.76,71.02,Mid-Level,2,Beginner,1
C01272,Backend Developer,Bachelor's,Software Engineering,12,12,5,0,9,5,6,82.72,7,87.55,86.84,91.08,99.0,91.33,84.14,88.37,83.22,Senior,1,Intermediate,0
C01273,Mobile App Developer,Bachelor's,Information Technology,2,1,1,0,10,3,6,53.14,3,33.92,34.74,89.51,58.24,57.6,54.32,59.36,43.12,Junior,3,Not Ready,0
C01274,Python Developer,Diploma,Computer Science,8,7,1,0,12,5,6,79.89,7,84.59,68.52,84.47,67.74,75.57,80.61,75.29,67.14,Senior,1,Beginner,1
C01275,Machine Learning Engineer,Master's,Information Technology,1,4,5,1,10,4,6,70.75,5,59.72,35.7,96.08,74.28,69.36,68.28,70.94,65.78,Junior,2,Beginner,0
C01276,Data Scientist,PhD,Mathematics,4,8,2,0,8,4,6,62.15,8,65.41,44.21,91.99,86.67,77.04,65.8,74.39,57.68,Mid-Level,2,Beginner,1
C01277,DevOps Engineer,Diploma,Information Technology,5,8,3,0,10,4,6,69.72,4,67.78,52.44,79.37,61.34,61.25,69.31,64.73,65.44,Mid-Level,2,Beginner,0
C01278,DevOps Engineer,Master's,Software Engineering,13,5,4,0,13,5,6,80.48,7,74.99,86.2,100.0,84.72,82.55,79.79,85.02,77.34,Senior,1,Intermediate,1
C01279,DevOps Engineer,Bachelor's,Information Technology,3,4,2,1,5,4,6,64.91,6,52.12,40.39,94.5,71.54,66.33,70.27,66.1,58.51,Mid-Level,2,Beginner,0
C01280,Cloud Engineer,Master's,Information Technology,10,13,3,0,10,5,6,79.79,3,87.86,76.86,99.89,92.33,85.04,85.57,83.27,77.72,Senior,1,Intermediate,1
C01281,Product Designer,Bachelor's,Design,7,6,5,1,6,5,6,83.27,2,75.64,70.45,99.77,82.24,77.1,81.32,78.38,73.17,Mid-Level,1,Beginner,1
C01282,Cloud Engineer,Master's,Software Engineering,6,3,2,0,4,4,6,67.32,10,49.93,50.46,97.16,78.57,66.15,73.26,71.16,57.71,Mid-Level,2,Beginner,0
C01283,UI/UX Designer,Bachelor's,Other,5,8,0,0,6,3,6,48.49,8,53.4,49.54,28.11,73.48,60.31,52.72,56.52,43.74,Mid-Level,3,Not Ready,0
C01284,QA Engineer,Bachelor's,Other,8,11,5,1,8,4,6,62.51,9,75.99,60.82,32.69,88.75,74.24,68.2,68.71,64.89,Senior,2,Beginner,1
C01285,Python Developer,Master's,Computer Science,6,4,5,1,5,5,6,84.97,9,75.6,62.71,99.82,78.28,87.92,79.19,80.07,79.31,Mid-Level,1,Intermediate,1
C01286,Cloud Engineer,Diploma,Other,0,2,2,2,6,2,6,34.39,2,29.37,18.21,22.41,48.89,46.85,41.85,40.07,28.26,Fresher,4,Not Ready,0
C01287,Full Stack Developer,Bachelor's,Information Technology,10,7,0,1,6,5,7,70.17,4,69.57,78.93,92.63,80.53,66.83,67.72,77.22,67.89,Senior,2,Beginner,0
C01288,Cloud Engineer,Diploma,Computer Science,5,6,4,1,7,4,6,70.26,3,69.01,51.53,75.0,73.83,72.29,71.14,71.75,67.98,Mid-Level,2,Beginner,0
C01289,Cloud Engineer,Bachelor's,Information Technology,1,2,3,2,7,4,6,62.78,4,61.05,32.38,86.83,65.29,58.88,63.01,61.37,57.32,Junior,2,Beginner,1
C01290,DevOps Engineer,Master's,Software Engineering,3,9,1,0,8,4,6,62.29,2,73.59,39.23,96.77,80.86,65.16,66.28,66.08,61.62,Mid-Level,2,Beginner,0
C01291,DevOps Engineer,Master's,Electronics,14,7,5,1,5,4,6,68.92,2,64.62,77.5,58.84,100.0,80.02,73.28,79.07,69.11,Senior,2,Beginner,1
C01292,Data Analyst,Bachelor's,Information Technology,2,6,5,0,10,3,6,48.63,2,50.81,35.77,83.78,78.34,53.19,59.26,60.02,50.08,Junior,3,Beginner,0
C01293,Mobile App Developer,Diploma,Computer Science,6,10,3,0,6,3,6,54.02,4,55.65,54.11,82.0,77.66,69.6,63.42,66.27,62.52,Mid-Level,3,Beginner,0
C01294,DevOps Engineer,Diploma,Software Engineering,3,7,5,1,6,4,6,70.73,10,61.8,36.1,80.85,67.31,62.36,70.26,65.5,58.21,Mid-Level,2,Beginner,0
C01295,UI/UX Designer,Bachelor's,Design,10,14,2,0,5,5,6,79.12,9,88.06,76.67,90.31,86.8,83.66,75.95,83.37,80.25,Senior,1,Intermediate,1
C01296,Data Scientist,Diploma,Information Technology,1,4,4,1,5,4,6,62.04,5,65.02,32.67,74.06,64.69,67.02,63.9,61.82,60.42,Junior,2,Beginner,0
C01297,Full Stack Developer,Bachelor's,Information Technology,3,6,1,1,8,6,7,80.89,7,80.75,45.47,94.55,74.4,81.29,74.93,77.38,66.97,Mid-Level,1,Beginner,0
C01298,Full Stack Developer,Bachelor's,Computer Science,0,0,2,1,6,3,7,41.64,6,12.67,17.43,93.13,51.42,48.22,45.3,49.66,32.59,Fresher,4,Not Ready,0
C01299,Product Designer,Bachelor's,Information Technology,1,3,1,1,7,2,6,32.66,7,26.8,23.92,57.54,64.0,49.1,39.84,46.02,32.99,Junior,4,Not Ready,0
C01300,Full Stack Developer,Bachelor's,Computer Science,11,9,0,1,6,5,7,72.54,8,71.01,80.94,85.08,81.77,78.82,70.07,78.1,74.29,Senior,2,Beginner,0
C01301,DevOps Engineer,Bachelor's,Computer Science,8,14,5,0,8,5,6,81.89,5,89.58,69.57,89.66,85.0,89.5,77.89,86.21,81.95,Senior,1,Intermediate,1
C01302,Cloud Engineer,Bachelor's,Computer Science,4,6,2,1,8,4,6,66.17,10,59.64,48.09,89.58,73.59,63.74,70.0,68.41,59.19,Mid-Level,2,Beginner,0
C01303,Machine Learning Engineer,Bachelor's,Computer Science,12,14,1,0,5,4,6,69.62,8,75.28,72.97,88.15,75.64,66.7,70.36,71.23,65.18,Senior,2,Beginner,1
C01304,QA Engineer,Bachelor's,Business,5,6,0,0,8,3,6,48.65,6,48.67,40.8,56.86,72.42,65.19,49.19,57.47,51.1,Mid-Level,3,Beginner,0
C01305,Java Developer,Bachelor's,Other,1,3,4,0,5,2,6,33.05,2,25.77,27.84,27.02,74.59,51.39,44.02,48.07,36.38,Junior,4,Not Ready,0
C01306,UI/UX Designer,Bachelor's,Computer Science,1,6,2,2,4,2,6,35.77,10,35.24,27.46,67.95,69.65,56.32,39.2,52.24,37.19,Junior,4,Not Ready,0
C01307,Data Analyst,Diploma,Information Technology,5,10,3,0,12,5,6,81.88,5,88.93,52.51,73.51,63.62,71.32,76.04,71.77,75.13,Mid-Level,1,Intermediate,1
C01308,Java Developer,Bachelor's,Software Engineering,0,3,0,3,6,2,6,32.11,10,28.24,26.53,95.36,57.76,36.56,40.37,46.19,39.08,Fresher,4,Not Ready,0
C01309,Product Designer,Master's,Business,8,14,4,1,4,4,6,65.48,9,80.26,68.82,82.15,98.75,80.54,68.29,78.48,75.43,Senior,2,Intermediate,1
C01310,Full Stack Developer,Diploma,Software Engineering,8,12,0,1,12,6,7,83.57,10,83.33,66.81,84.69,71.63,75.87,84.72,78.07,73.4,Senior,1,Beginner,0
C01311,Frontend Developer,Bachelor's,Information Technology,12,11,5,0,9,5,6,86.81,2,82.9,80.12,93.33,89.26,95.43,88.18,89.28,84.38,Senior,1,Intermediate,1
C01312,Backend Developer,Master's,Computer Science,11,5,0,0,9,5,6,84.04,2,80.79,79.19,100.0,78.66,75.35,80.0,78.58,75.6,Senior,1,Intermediate,1
C01313,Full Stack Developer,Bachelor's,Other,1,1,4,2,9,2,7,24.35,8,19.94,26.33,31.74,57.53,42.62,31.6,38.52,34.71,Junior,5,Not Ready,0
C01314,Cybersecurity Analyst,Master's,Information Technology,2,3,1,2,3,3,6,51.15,2,41.65,29.11,100.0,59.79,52.59,55.27,57.75,46.88,Junior,3,Not Ready,0
C01315,Mobile App Developer,Diploma,Electronics,1,1,5,0,6,2,6,36.14,8,32.88,24.8,37.56,65.37,41.26,43.81,45.94,34.68,Junior,4,Not Ready,0
C01316,Python Developer,Master's,Data Science,11,5,0,0,13,5,6,81.67,3,66.74,85.25,98.31,79.62,78.49,77.03,84.08,76.43,Senior,1,Intermediate,1
C01317,Cloud Engineer,Master's,Software Engineering,14,12,2,1,12,5,6,84.64,10,83.5,84.6,100.0,89.37,79.87,83.49,86.42,77.57,Senior,1,Intermediate,0
C01318,Data Scientist,Bachelor's,Data Science,0,3,1,2,6,3,6,49.84,3,45.68,18.11,91.47,56.06,57.26,53.79,50.99,46.33,Fresher,3,Not Ready,0
C01319,Cybersecurity Analyst,PhD,Other,9,5,0,1,5,4,6,68.66,9,65.66,72.83,47.21,88.34,78.07,73.95,76.51,64.14,Senior,2,Beginner,0
C01320,Cybersecurity Analyst,Bachelor's,Information Technology,11,14,1,1,8,4,6,66.72,7,72.62,76.14,99.97,87.58,72.41,74.21,78.79,70.97,Senior,2,Beginner,0
C01321,Mobile App Developer,Bachelor's,Software Engineering,0,2,0,1,10,3,6,54.15,10,49.37,26.69,99.71,60.55,62.03,53.14,57.72,46.65,Fresher,3,Not Ready,0
C01322,Mobile App Developer,Bachelor's,Computer Science,9,13,4,0,8,5,6,82.59,8,83.17,80.01,92.62,98.1,91.07,85.31,88.04,78.4,Senior,1,Intermediate,1
C01323,Mobile App Developer,Bachelor's,Other,6,3,4,1,10,2,6,30.31,2,26.18,41.53,32.17,74.82,42.49,38.26,43.97,36.24,Mid-Level,4,Not Ready,0
C01324,Cybersecurity Analyst,Master's,Electronics,9,8,3,1,9,5,6,82.52,10,76.77,76.9,75.98,89.73,84.89,86.37,85.41,78.49,Senior,1,Intermediate,1
C01325,QA Engineer,Bachelor's,Computer Science,2,6,2,0,3,3,6,48.82,5,43.12,32.39,78.62,65.68,48.05,52.56,55.9,46.63,Junior,3,Not Ready,0
C01326,Machine Learning Engineer,Diploma,Information Technology,2,1,5,1,9,4,6,66.92,3,48.29,36.17,75.83,63.16,69.6,68.88,63.91,55.73,Junior,2,Beginner,0
C01327,Mobile App Developer,Master's,Other,7,5,5,0,6,2,6,33.69,4,31.17,48.19,37.25,89.7,48.25,47.69,55.78,46.04,Mid-Level,4,Not Ready,0
C01328,UI/UX Designer,Bachelor's,Computer Science,0,1,3,2,2,2,6,33.99,6,32.68,34.24,65.23,65.46,50.6,42.89,48.5,42.58,Fresher,4,Not Ready,0
C01329,Data Scientist,Master's,Data Science,13,8,0,0,6,5,6,83.85,9,75.77,82.66,99.24,87.7,85.76,83.24,85.14,75.93,Senior,1,Intermediate,1
C01330,Mobile App Developer,Master's,Computer Science,5,8,1,1,9,4,6,65.46,8,63.1,52.57,98.92,74.69,69.18,68.55,68.5,64.07,Mid-Level,2,Beginner,0
C01331,Cybersecurity Analyst,Bachelor's,Business,10,14,5,0,8,3,6,53.83,3,60.98,72.97,51.09,100.0,73.92,65.6,72.59,62.56,Senior,3,Beginner,0
C01332,Python Developer,Diploma,Data Science,8,10,2,1,9,4,6,63.36,5,73.07,61.53,70.01,74.34,69.28,68.33,68.01,62.76,Senior,2,Beginner,0
C01333,Full Stack Developer,Bachelor's,Software Engineering,2,1,0,1,10,5,7,70.44,4,56.8,36.93,90.04,46.98,61.12,68.79,59.48,53.91,Junior,2,Beginner,1
C01334,UI/UX Designer,Bachelor's,Information Technology,5,4,2,1,7,4,6,63.37,7,65.82,53.91,62.01,61.62,58.88,60.02,57.34,60.02,Mid-Level,2,Beginner,0
C01335,Cybersecurity Analyst,Master's,Computer Science,4,7,5,0,10,4,6,68.26,7,62.87,46.77,100.0,80.33,77.59,72.88,74.49,63.45,Mid-Level,2,Beginner,1
C01336,Machine Learning Engineer,Bachelor's,Computer Science,8,12,4,0,8,5,6,86.39,8,86.88,69.95,90.65,95.69,85.17,91.2,89.17,82.05,Senior,1,Intermediate,1
C01337,Full Stack Developer,Bachelor's,Computer Science,5,10,5,0,12,4,7,55.39,3,52.83,44.3,91.82,92.54,68.0,62.62,72.6,56.2,Mid-Level,3,Beginner,0
C01338,Cloud Engineer,Master's,Computer Science,13,15,0,0,7,5,6,81.84,9,91.02,81.59,96.22,89.47,80.65,85.9,87.04,81.03,Senior,1,Intermediate,1
C01339,DevOps Engineer,Bachelor's,Other,2,5,2,2,8,1,6,18.05,2,15.41,26.83,34.8,70.55,32.11,31.19,39.33,26.11,Junior,5,Not Ready,0
C01340,Cybersecurity Analyst,Bachelor's,Computer Science,10,8,0,1,8,5,6,80.77,5,76.25,78.65,86.63,70.23,83.27,78.97,78.41,73.9,Senior,1,Beginner,1
C01341,Cybersecurity Analyst,Master's,Computer Science,1,2,2,2,8,3,6,54.76,7,40.94,24.33,95.23,57.92,63.86,53.18,59.85,54.5,Junior,3,Beginner,0
C01342,Data Scientist,Diploma,Data Science,4,8,5,0,4,4,6,65.73,10,67.03,49.09,84.39,73.56,71.96,71.26,66.49,62.12,Mid-Level,2,Beginner,1
C01343,Machine Learning Engineer,Diploma,Information Technology,4,4,3,1,5,4,6,65.9,4,67.05,45.2,71.57,54.58,58.47,63.91,61.35,57.71,Mid-Level,2,Beginner,0
C01344,Cloud Engineer,Bachelor's,Computer Science,3,4,1,0,5,4,6,67.85,7,52.41,41.38,84.65,62.25,57.91,71.58,60.88,58.43,Mid-Level,2,Beginner,0
C01345,Product Designer,Bachelor's,Computer Science,11,7,2,0,5,4,6,61.89,9,61.59,74.75,63.89,75.83,68.92,68.6,70.46,58.97,Senior,2,Beginner,0
C01346,Frontend Developer,Bachelor's,Information Technology,8,10,3,0,13,5,6,86.84,7,88.57,67.95,94.3,92.75,82.07,85.68,85.13,78.47,Senior,1,Intermediate,0
C01347,Mobile App Developer,Bachelor's,Other,2,4,0,0,5,1,6,14.41,6,26.07,25.12,25.77,61.91,33.5,25.85,31.83,25.38,Junior,5,Not Ready,0
C01348,Backend Developer,Bachelor's,Computer Science,11,6,2,1,12,5,6,85.03,5,82.73,83.67,92.39,86.92,85.44,86.02,86.72,78.81,Senior,1,Intermediate,1
C01349,Cybersecurity Analyst,Bachelor's,Electronics,6,7,1,0,9,4,6,70.71,8,69.98,57.76,70.09,70.81,70.24,74.79,71.2,66.76,Mid-Level,2,Beginner,0
C01350,Data Scientist,Master's,Other,6,10,1,0,5,2,6,33.52,2,46.13,49.0,45.62,81.29,56.05,46.0,54.59,45.31,Mid-Level,4,Not Ready,0
C01351,Java Developer,Bachelor's,Computer Science,0,0,2,0,10,2,6,35.67,2,18.43,18.88,87.52,50.46,44.64,43.23,45.12,36.86,Fresher,4,Not Ready,0
C01352,DevOps Engineer,Diploma,Software Engineering,6,3,3,1,5,4,6,68.28,5,64.21,58.34,82.84,69.33,76.54,69.3,68.23,65.14,Mid-Level,2,Beginner,0
C01353,Product Designer,Diploma,Design,5,8,2,1,12,4,6,68.98,8,65.35,46.75,83.69,69.22,66.21,66.68,67.4,61.74,Mid-Level,2,Beginner,0
C01354,Product Designer,Bachelor's,Design,8,13,1,1,8,5,6,80.63,7,80.71,72.52,97.82,74.92,72.2,82.87,79.26,71.68,Senior,1,Beginner,1
C01355,Cybersecurity Analyst,Diploma,Information Technology,4,10,5,0,6,3,6,48.92,5,48.2,39.42,84.75,75.11,52.12,52.77,59.96,50.77,Mid-Level,3,Beginner,1
C01356,Python Developer,Bachelor's,Information Technology,11,13,5,1,6,5,6,87.84,2,79.91,85.61,85.33,100.0,100.0,90.11,93.14,86.44,Senior,1,Intermediate,1
C01357,Product Designer,Bachelor's,Business,3,5,3,1,8,4,6,66.64,9,60.22,39.55,71.4,70.32,60.37,64.11,62.34,60.36,Mid-Level,2,Beginner,0
C01358,Product Designer,Bachelor's,Computer Science,5,3,5,0,4,3,6,54.58,3,50.17,48.57,55.78,74.56,70.49,56.6,61.21,56.45,Mid-Level,3,Beginner,0
C01359,Full Stack Developer,Bachelor's,Software Engineering,1,2,1,2,10,3,7,47.05,9,30.58,26.38,99.14,56.67,58.47,53.87,55.32,40.93,Junior,4,Not Ready,0
C01360,Machine Learning Engineer,Bachelor's,Information Technology,5,8,4,0,6,4,6,61.85,10,68.71,44.71,87.12,82.62,71.26,67.83,66.86,63.47,Mid-Level,2,Beginner,0
C01361,Cloud Engineer,Bachelor's,Software Engineering,7,3,1,0,9,4,6,62.86,2,59.29,55.2,94.69,73.65,70.41,67.75,68.17,58.7,Mid-Level,2,Beginner,0
C01362,Product Designer,Bachelor's,Design,6,6,4,0,5,4,6,62.91,5,67.08,57.51,96.42,84.56,65.37,66.05,73.12,64.06,Mid-Level,2,Beginner,0
C01363,Machine Learning Engineer,Master's,Data Science,10,5,2,1,7,5,6,79.34,8,68.42,84.35,100.0,84.08,77.86,78.8,82.03,73.88,Senior,1,Beginner,1
C01364,Frontend Developer,Bachelor's,Electronics,6,8,3,0,5,2,6,30.2,9,44.08,47.27,52.42,74.65,42.29,39.5,49.8,40.51,Mid-Level,4,Not Ready,0
C01365,Data Analyst,Bachelor's,Computer Science,7,5,2,0,11,4,6,65.99,9,63.7,58.09,84.51,70.86,66.51,62.2,69.02,65.85,Mid-Level,2,Beginner,1
C01366,Frontend Developer,Diploma,Other,6,6,1,0,8,2,6,29.6,4,33.58,40.71,22.39,62.2,41.29,32.3,40.6,34.74,Mid-Level,4,Not Ready,0
C01367,UI/UX Designer,Diploma,Design,2,4,1,1,8,3,6,53.13,8,43.59,28.86,85.95,48.98,43.8,54.99,48.81,48.58,Junior,3,Not Ready,0
C01368,Python Developer,Master's,Information Technology,10,14,0,0,5,4,6,71.39,9,76.81,72.25,100.0,82.67,79.79,69.42,79.7,69.65,Senior,2,Beginner,0
C01369,Cybersecurity Analyst,Bachelor's,Information Technology,1,3,3,0,7,3,6,51.32,4,40.38,31.22,92.78,64.47,54.85,56.19,59.08,44.45,Junior,3,Not Ready,0
C01370,Machine Learning Engineer,Bachelor's,Computer Science,11,9,4,1,13,5,6,88.05,9,87.26,81.89,87.66,97.82,91.29,87.09,91.58,81.19,Senior,1,Intermediate,1
C01371,Backend Developer,Master's,Computer Science,14,9,4,1,5,4,6,64.36,6,68.54,73.68,96.23,97.54,83.21,68.29,83.86,68.78,Senior,2,Beginner,0
C01372,Product Designer,Bachelor's,Design,6,4,0,1,10,4,6,63.84,8,54.16,55.6,93.58,60.74,57.54,58.32,63.06,56.67,Mid-Level,2,Beginner,0
C01373,Mobile App Developer,Diploma,Information Technology,1,2,0,2,6,4,6,68.82,4,62.11,35.05,75.1,41.96,65.92,60.97,56.77,53.91,Junior,2,Beginner,0
C01374,QA Engineer,Master's,Business,5,7,1,1,10,4,6,67.8,6,63.25,55.31,65.9,76.82,74.62,68.67,69.98,65.1,Mid-Level,2,Beginner,0
C01375,Product Designer,Bachelor's,Design,9,11,1,1,5,5,6,78.95,7,76.47,75.3,92.98,80.0,72.09,83.74,81.07,70.12,Senior,1,Beginner,0
C01376,Data Analyst,Bachelor's,Data Science,6,9,1,1,6,4,6,66.58,10,65.54,58.05,92.91,75.2,72.51,65.2,71.77,61.76,Mid-Level,2,Beginner,1
C01377,Python Developer,Master's,Data Science,9,14,4,0,9,5,6,85.28,9,93.73,74.3,96.26,98.38,84.19,91.62,87.83,80.61,Senior,1,Intermediate,1
C01378,Cybersecurity Analyst,Bachelor's,Business,9,7,4,0,6,3,6,49.75,4,57.4,62.18,48.95,87.26,64.16,53.93,61.62,56.59,Senior,3,Beginner,1
C01379,Data Analyst,Diploma,Data Science,8,11,3,0,6,5,6,86.42,5,79.47,68.25,88.82,83.06,86.05,87.34,82.21,80.11,Senior,1,Intermediate,1
C01380,Machine Learning Engineer,Diploma,Computer Science,2,6,1,0,9,4,6,69.22,7,62.61,31.83,80.72,60.45,70.3,69.03,62.64,61.78,Junior,2,Beginner,0
C01381,Java Developer,Bachelor's,Information Technology,2,4,3,2,4,3,6,50.75,10,44.31,30.73,88.07,69.18,56.98,52.08,59.21,49.69,Junior,3,Not Ready,0
C01382,Full Stack Developer,Bachelor's,Software Engineering,8,7,1,0,13,6,7,83.95,6,86.08,76.35,90.77,71.43,71.09,80.78,76.3,75.5,Senior,1,Intermediate,0
C01383,Data Scientist,Master's,Computer Science,3,5,3,1,4,4,6,63.15,5,53.59,34.8,96.41,79.74,70.41,63.45,68.42,54.98,Mid-Level,2,Beginner,0
C01384,Full Stack Developer,Master's,Information Technology,6,3,4,1,4,4,7,59.38,8,45.2,52.39,100.0,79.76,73.16,65.54,68.13,59.01,Mid-Level,3,Beginner,0
C01385,Full Stack Developer,Diploma,Information Technology,2,3,0,0,7,4,7,58.36,6,54.38,35.18,82.26,52.64,58.41,56.24,55.69,52.85,Junior,3,Beginner,0
C01386,UI/UX Designer,Bachelor's,Design,1,5,4,0,12,4,6,67.45,6,55.7,35.05,96.64,76.18,74.87,66.28,71.8,61.75,Junior,2,Beginner,1
C01387,Full Stack Developer,Bachelor's,Computer Science,2,5,0,1,4,4,7,54.84,6,56.66,34.43,94.57,66.69,58.83,59.93,61.77,53.23,Junior,3,Beginner,0
C01388,DevOps Engineer,Bachelor's,Software Engineering,0,1,3,1,10,2,6,36.43,10,35.37,27.53,89.65,64.29,50.17,42.47,53.11,41.72,Fresher,4,Not Ready,0
C01389,Product Designer,Master's,Information Technology,12,13,5,1,7,5,6,79.72,10,78.66,77.35,74.34,100.0,93.0,85.86,85.0,80.24,Senior,1,Intermediate,1
C01390,Backend Developer,Bachelor's,Information Technology,3,5,0,1,5,4,6,62.49,6,67.11,43.98,93.69,63.36,66.86,59.69,65.15,59.5,Mid-Level,2,Beginner,0
C01391,Cybersecurity Analyst,Master's,Other,6,5,1,0,6,3,6,53.69,9,40.52,51.79,43.46,72.59,54.15,59.24,56.19,46.69,Mid-Level,3,Not Ready,0
C01392,Product Designer,Master's,Business,12,14,2,1,6,4,6,65.54,6,69.17,70.61,78.72,98.54,79.92,68.42,78.58,67.49,Senior,2,Beginner,1
C01393,Python Developer,Diploma,Other,4,8,3,1,5,2,6,28.5,6,31.89,31.07,20.8,59.67,39.04,35.96,36.21,29.62,Mid-Level,4,Not Ready,0
C01394,DevOps Engineer,Bachelor's,Information Technology,1,5,5,0,8,3,6,45.47,2,47.82,22.14,87.48,72.78,63.03,53.17,59.28,53.16,Junior,3,Beginner,0
C01395,Java Developer,Master's,Software Engineering,8,11,2,1,13,5,6,80.15,7,86.15,69.93,100.0,91.58,84.64,81.75,84.04,76.7,Senior,1,Intermediate,0
C01396,UI/UX Designer,Master's,Information Technology,9,6,1,0,8,5,6,80.61,2,82.0,73.95,73.42,84.13,78.89,76.84,78.58,74.66,Senior,1,Beginner,1
C01397,Mobile App Developer,Bachelor's,Software Engineering,6,6,0,0,9,5,6,87.3,2,74.59,60.0,91.66,66.91,82.57,78.36,76.26,74.73,Mid-Level,1,Beginner,0
C01398,Product Designer,Master's,Business,14,5,2,1,6,5,6,85.16,2,73.2,84.01,84.84,78.74,79.28,85.81,84.43,73.49,Senior,1,Beginner,1
C01399,Cybersecurity Analyst,Master's,Other,7,5,5,1,2,2,6,32.11,9,36.73,51.33,38.3,81.72,44.56,39.11,49.84,38.05,Mid-Level,4,Not Ready,0
C01400,Mobile App Developer,Master's,Computer Science,11,8,5,0,13,5,6,82.01,8,81.4,79.31,97.25,98.2,89.46,87.94,90.58,83.53,Senior,1,Intermediate,1
C01401,QA Engineer,Master's,Software Engineering,11,14,5,0,8,5,6,86.53,9,79.38,84.66,93.21,100.0,92.72,92.08,90.53,80.86,Senior,1,Intermediate,0
C01402,Python Developer,Bachelor's,Software Engineering,5,10,5,0,10,4,6,67.8,7,61.17,52.36,90.99,85.39,77.58,74.64,76.76,63.45,Mid-Level,2,Beginner,0
C01403,Product Designer,Master's,Business,11,14,4,1,10,5,6,80.62,9,81.75,83.69,80.9,94.11,79.69,85.48,83.04,74.89,Senior,1,Beginner,1
C01404,Full Stack Developer,Bachelor's,Software Engineering,1,3,2,2,5,4,7,52.35,2,43.76,29.02,92.91,55.58,54.61,49.19,52.55,45.28,Junior,3,Not Ready,0
C01405,Backend Developer,Bachelor's,Information Technology,4,3,0,1,5,5,6,79.32,9,65.48,51.08,88.06,57.39,69.08,72.95,65.4,68.4,Mid-Level,1,Beginner,1
C01406,Python Developer,Master's,Software Engineering,10,12,0,0,12,5,6,79.23,5,86.95,79.8,96.55,87.07,86.88,82.65,85.95,72.95,Senior,1,Beginner,0
C01407,UI/UX Designer,Diploma,Information Technology,8,12,4,0,13,5,6,80.97,8,78.07,74.15,54.76,79.83,73.27,85.49,77.09,68.61,Senior,1,Beginner,0
C01408,Cloud Engineer,Bachelor's,Information Technology,2,6,5,0,4,3,6,53.35,6,51.55,36.78,85.59,71.36,64.48,58.31,59.5,52.03,Junior,3,Beginner,1
C01409,UI/UX Designer,Bachelor's,Information Technology,4,9,3,1,9,4,6,68.94,2,66.5,44.25,62.87,84.25,74.55,69.14,72.47,63.94,Mid-Level,2,Beginner,1
C01410,UI/UX Designer,PhD,Information Technology,10,8,2,1,12,4,6,64.04,5,68.41,71.21,82.8,89.11,70.98,70.03,73.02,61.68,Senior,2,Beginner,0
C01411,Data Scientist,Master's,Information Technology,13,6,4,1,6,5,6,82.65,4,73.88,84.88,94.6,86.33,82.27,83.83,85.68,79.34,Senior,1,Intermediate,1
C01412,Data Scientist,Master's,Information Technology,1,4,2,0,8,4,6,69.18,6,63.79,28.12,94.56,64.78,73.64,71.02,68.13,55.08,Junior,2,Beginner,0
C01413,Frontend Developer,Diploma,Information Technology,5,10,4,1,8,4,6,62.95,5,60.53,47.47,81.3,68.18,62.21,60.68,66.24,58.12,Mid-Level,2,Beginner,0
C01414,Cybersecurity Analyst,Master's,Electronics,6,5,2,1,11,4,6,68.03,5,67.97,60.34,77.07,82.8,75.36,72.6,74.2,60.27,Mid-Level,2,Beginner,1
C01415,Cybersecurity Analyst,PhD,Information Technology,6,7,3,1,8,4,6,69.29,6,64.23,58.23,95.13,92.22,73.1,78.44,75.24,66.12,Mid-Level,2,Beginner,0
C01416,Machine Learning Engineer,Bachelor's,Computer Science,2,1,5,2,8,3,6,53.27,2,33.65,32.9,92.98,77.28,64.3,53.63,60.25,56.38,Junior,3,Beginner,0
C01417,Frontend Developer,Bachelor's,Software Engineering,5,6,1,1,5,4,6,71.34,3,69.53,55.07,99.84,76.05,68.7,75.59,73.52,69.76,Mid-Level,2,Beginner,1
C01418,Data Scientist,Diploma,Information Technology,1,6,1,1,10,4,6,63.87,8,60.64,28.24,70.99,51.5,53.05,65.8,54.94,45.97,Junior,2,Not Ready,0
C01419,QA Engineer,Master's,Computer Science,11,7,2,0,10,4,6,67.73,5,63.08,74.73,87.78,80.96,80.65,67.8,78.63,65.04,Senior,2,Beginner,0
C01420,Product Designer,Bachelor's,Design,5,10,1,1,7,4,6,63.24,2,69.28,44.6,96.64,81.44,65.48,64.13,69.86,59.46,Mid-Level,2,Beginner,0
C01421,Cloud Engineer,Diploma,Software Engineering,2,2,0,2,9,3,6,46.35,8,40.98,31.42,83.1,39.74,41.67,42.46,45.07,45.33,Junior,3,Not Ready,0
C01422,Product Designer,Bachelor's,Other,8,14,1,1,12,4,6,67.33,9,69.52,66.02,31.08,78.35,79.59,73.35,70.82,61.25,Senior,2,Beginner,0
C01423,Backend Developer,Bachelor's,Information Technology,6,6,1,0,10,5,6,82.87,2,81.78,60.43,86.48,73.35,79.33,84.86,79.54,67.92,Mid-Level,1,Beginner,0
C01424,Data Analyst,Diploma,Information Technology,4,4,0,0,12,4,6,69.0,2,57.82,48.33,71.28,52.77,63.14,61.64,60.07,57.1,Mid-Level,2,Beginner,0
C01425,Python Developer,Master's,Data Science,9,11,2,0,6,5,6,82.09,7,86.64,73.8,93.95,86.99,77.18,81.38,81.79,80.91,Senior,1,Intermediate,1
C01426,Backend Developer,Master's,Computer Science,6,6,2,1,10,4,6,66.86,7,65.09,52.27,95.44,78.29,68.73,71.27,70.92,59.73,Mid-Level,2,Beginner,1
C01427,Full Stack Developer,Bachelor's,Software Engineering,0,1,1,2,4,4,7,61.77,2,47.19,18.37,96.16,57.35,59.42,60.27,59.14,45.32,Fresher,3,Not Ready,0
C01428,Cloud Engineer,Master's,Information Technology,4,9,1,1,11,4,6,65.28,9,74.74,45.53,96.11,80.41,78.28,71.11,73.3,59.42,Mid-Level,2,Beginner,1
C01429,Mobile App Developer,Diploma,Electronics,8,13,2,1,9,4,6,69.24,8,75.27,62.5,40.07,70.28,63.85,71.7,62.18,63.17,Senior,2,Beginner,1
C01430,Data Analyst,Bachelor's,Data Science,8,11,2,0,7,5,6,81.53,6,86.37,74.09,91.14,87.18,78.77,84.85,83.11,78.64,Senior,1,Intermediate,1
C01431,Cybersecurity Analyst,Bachelor's,Computer Science,2,5,5,2,11,3,6,52.94,7,51.31,27.7,94.25,67.68,62.02,53.68,58.25,54.31,Junior,3,Beginner,0
C01432,Cybersecurity Analyst,Bachelor's,Information Technology,7,7,5,0,9,4,6,70.01,5,58.57,61.51,99.31,92.77,74.43,75.6,77.88,71.93,Mid-Level,2,Beginner,0
C01433,Frontend Developer,Bachelor's,Electronics,1,1,1,0,1,1,6,13.87,5,16.56,19.89,51.24,55.79,37.99,24.58,32.68,20.57,Junior,5,Not Ready,0
C01434,Full Stack Developer,Master's,Other,12,9,1,1,7,4,7,59.56,8,62.64,72.31,37.95,88.54,70.85,68.63,71.38,61.65,Senior,3,Beginner,1
C01435,Java Developer,Bachelor's,Information Technology,12,15,1,0,9,5,6,83.24,5,82.61,78.87,90.07,86.07,81.74,81.41,86.34,79.17,Senior,1,Intermediate,0
C01436,Data Scientist,Bachelor's,Mathematics,8,7,4,0,11,5,6,84.32,5,84.54,76.32,71.92,82.92,84.22,80.27,81.75,79.18,Senior,1,Intermediate,1
C01437,Java Developer,PhD,Other,6,7,3,1,6,2,6,38.25,4,36.45,42.78,48.52,88.59,65.84,52.79,60.54,47.2,Mid-Level,4,Not Ready,0
C01438,Java Developer,Master's,Software Engineering,11,15,4,0,4,4,6,62.8,2,67.07,69.68,100.0,96.48,73.98,70.04,80.01,70.78,Senior,2,Beginner,1
C01439,Data Scientist,Bachelor's,Computer Science,4,9,4,1,13,5,6,81.64,3,76.32,47.64,87.43,87.05,81.05,84.74,75.6,70.22,Mid-Level,1,Beginner,0
C01440,Data Analyst,Master's,Other,11,13,3,0,3,3,6,53.25,8,62.7,72.07,49.67,87.24,70.26,60.4,65.56,56.81,Senior,3,Beginner,0
C01441,Cloud Engineer,Master's,Software Engineering,5,3,5,0,11,5,6,86.4,6,63.33,51.23,97.88,75.51,77.54,84.26,79.42,76.7,Mid-Level,1,Intermediate,1
C01442,Backend Developer,Master's,Software Engineering,11,15,4,0,11,5,6,82.87,6,83.1,81.17,100.0,97.05,85.81,87.34,91.58,76.69,Senior,1,Intermediate,1
C01443,Product Designer,Diploma,Computer Science,5,3,2,0,8,3,6,52.57,5,37.31,43.72,50.53,52.14,56.75,49.66,50.32,44.43,Mid-Level,3,Not Ready,0
C01444,QA Engineer,Bachelor's,Computer Science,12,7,1,1,4,4,6,65.98,3,61.14,77.57,78.84,80.51,69.2,70.89,75.5,65.69,Senior,2,Beginner,1
C01445,Machine Learning Engineer,Master's,Information Technology,7,6,2,0,9,4,6,69.12,7,57.64,63.93,97.79,85.65,75.3,69.36,74.49,68.68,Mid-Level,2,Beginner,0
C01446,Java Developer,Bachelor's,Computer Science,11,12,4,1,11,5,6,88.22,2,83.6,87.47,90.95,95.78,98.73,85.88,93.38,87.33,Senior,1,Intermediate,1
C01447,QA Engineer,Master's,Other,1,6,5,0,7,2,6,36.64,8,34.5,22.13,44.22,85.59,63.99,43.99,51.64,43.77,Junior,4,Not Ready,0
C01448,Data Analyst,PhD,Data Science,4,7,0,0,7,4,6,66.59,8,57.2,41.24,97.62,72.09,62.49,72.23,64.91,56.38,Mid-Level,2,Beginner,1
C01449,Backend Developer,Bachelor's,Software Engineering,2,1,4,2,12,4,6,69.95,7,60.88,39.59,96.43,67.07,65.24,73.18,66.39,66.53,Junior,2,Beginner,0
C01450,DevOps Engineer,Bachelor's,Other,12,13,0,0,11,3,6,54.42,3,66.76,70.12,33.82,82.35,71.5,62.76,66.75,60.29,Senior,3,Beginner,0
C01451,Machine Learning Engineer,PhD,Data Science,10,15,2,1,10,4,6,66.18,2,71.49,71.39,100.0,100.0,76.75,72.23,80.09,70.16,Senior,2,Beginner,1
C01452,UI/UX Designer,Diploma,Information Technology,0,3,0,1,9,1,6,14.02,7,22.52,20.94,50.93,36.87,20.71,20.58,23.67,24.86,Fresher,5,Not Ready,0
C01453,DevOps Engineer,Diploma,Other,6,3,3,1,6,2,6,29.17,8,23.25,43.93,19.09,59.81,46.82,37.47,41.55,36.3,Mid-Level,4,Not Ready,0
C01454,QA Engineer,Diploma,Information Technology,1,3,3,0,7,3,6,49.98,8,45.18,28.67,68.01,57.32,54.16,47.59,51.33,44.99,Junior,3,Not Ready,0
C01455,Data Analyst,Master's,Computer Science,6,10,5,0,9,3,6,49.39,10,60.13,49.43,97.8,90.0,65.07,58.15,71.31,60.71,Mid-Level,3,Beginner,0
C01456,Data Analyst,Bachelor's,Computer Science,2,1,4,0,7,4,6,66.62,8,62.75,30.67,84.57,69.42,60.48,64.68,61.31,60.46,Junior,2,Beginner,0
C01457,Java Developer,Diploma,Software Engineering,0,1,1,3,6,2,6,37.55,5,28.16,15.47,87.09,48.68,45.54,43.82,41.17,35.6,Fresher,4,Not Ready,0
C01458,Full Stack Developer,Diploma,Information Technology,7,7,4,1,13,6,7,85.07,3,86.84,68.8,75.57,74.3,80.77,87.63,75.69,80.94,Mid-Level,1,Intermediate,0
C01459,Backend Developer,Bachelor's,Data Science,9,11,1,0,8,4,6,69.81,2,68.05,72.69,63.51,75.76,74.58,67.91,71.76,61.93,Senior,2,Beginner,0
C01460,Data Analyst,Bachelor's,Information Technology,9,5,0,0,6,5,6,83.35,7,70.13,79.05,81.85,68.73,83.6,81.86,80.24,70.83,Senior,1,Beginner,0
C01461,Cloud Engineer,Master's,Software Engineering,12,5,1,0,4,4,6,65.41,6,63.41,78.04,100.0,74.74,68.02,63.25,73.09,62.1,Senior,2,Beginner,0
C01462,Machine Learning Engineer,Bachelor's,Mathematics,3,3,2,1,10,3,6,47.27,10,40.65,38.37,78.87,63.18,48.91,46.11,50.96,48.78,Mid-Level,3,Not Ready,0
C01463,UI/UX Designer,Master's,Information Technology,6,8,3,1,7,3,6,46.43,9,56.09,47.1,77.21,78.24,51.35,50.67,55.85,48.49,Mid-Level,3,Not Ready,0
C01464,Cybersecurity Analyst,Diploma,Computer Science,5,3,1,0,5,5,6,84.19,5,78.12,57.03,78.46,50.28,72.52,73.7,65.16,73.42,Mid-Level,1,Beginner,0
C01465,Cybersecurity Analyst,Master's,Information Technology,10,5,2,1,7,5,6,82.34,6,77.46,86.31,100.0,75.91,83.1,79.36,81.36,79.15,Senior,1,Intermediate,0
C01466,Cybersecurity Analyst,Diploma,Computer Science,7,5,3,0,10,4,6,65.75,5,57.91,54.72,76.49,74.52,76.36,67.35,72.99,64.2,Mid-Level,2,Beginner,1
C01467,Data Analyst,Diploma,Other,4,9,3,1,7,3,6,53.43,7,59.87,36.91,24.48,63.51,50.53,52.34,49.32,42.6,Mid-Level,3,Not Ready,0
C01468,Cloud Engineer,Bachelor's,Information Technology,4,3,3,0,7,4,6,65.96,4,60.14,40.89,94.37,63.09,70.46,65.45,67.04,58.15,Mid-Level,2,Beginner,0
C01469,Frontend Developer,Master's,Software Engineering,12,15,2,0,5,4,6,70.62,8,78.01,72.15,100.0,95.78,74.89,72.88,81.61,69.2,Senior,2,Beginner,0
C01470,Product Designer,Bachelor's,Design,12,5,5,0,11,5,6,87.57,8,68.74,82.83,95.97,86.85,83.88,85.97,83.77,86.14,Senior,1,Intermediate,0
C01471,Frontend Developer,Bachelor's,Information Technology,3,5,2,0,4,4,6,65.47,9,58.59,37.47,89.64,62.88,65.34,68.38,60.92,53.02,Mid-Level,2,Beginner,0
C01472,Data Scientist,PhD,Mathematics,3,6,1,0,5,4,6,70.96,9,61.46,38.99,94.83,72.34,73.72,70.02,70.35,58.9,Mid-Level,2,Beginner,0
C01473,Frontend Developer,Bachelor's,Computer Science,12,7,5,1,10,5,6,87.17,7,84.7,86.05,92.17,91.44,82.89,84.91,86.24,87.62,Senior,1,Intermediate,0
C01474,Data Analyst,Master's,Information Technology,5,7,0,0,6,4,6,62.77,10,60.14,46.49,94.59,69.74,60.72,60.45,63.14,58.14,Mid-Level,2,Beginner,0
C01475,Frontend Developer,Bachelor's,Computer Science,0,1,2,1,6,3,6,52.84,10,33.85,11.72,88.84,62.17,60.37,58.73,52.91,43.77,Fresher,3,Not Ready,0
C01476,Python Developer,Bachelor's,Software Engineering,3,5,4,1,4,3,6,52.15,3,48.19,34.23,98.29,80.45,71.45,62.0,67.64,58.39,Mid-Level,3,Beginner,0
C01477,Java Developer,Bachelor's,Software Engineering,6,4,5,0,10,4,6,71.52,7,59.99,58.44,92.71,87.67,72.82,73.01,76.29,65.04,Mid-Level,2,Beginner,1
C01478,Full Stack Developer,Bachelor's,Software Engineering,11,8,4,0,7,5,7,70.72,3,73.34,81.68,99.53,87.75,84.74,69.48,84.48,77.64,Senior,2,Intermediate,0
C01479,Data Analyst,Bachelor's,Data Science,11,13,4,1,9,5,6,81.91,6,88.18,78.92,91.59,99.87,93.15,90.12,88.5,78.36,Senior,1,Intermediate,0
C01480,Cloud Engineer,Bachelor's,Computer Science,10,8,1,1,7,5,6,81.95,6,73.65,82.51,83.32,83.62,82.33,82.54,80.52,78.96,Senior,1,Intermediate,1
C01481,Python Developer,Bachelor's,Computer Science,12,10,0,1,12,5,6,84.63,10,89.58,86.66,94.96,73.02,87.24,83.43,85.52,78.81,Senior,1,Intermediate,0
C01482,Python Developer,Bachelor's,Computer Science,10,12,3,0,9,5,6,86.91,5,77.27,80.36,86.51,87.45,95.08,83.75,85.94,84.8,Senior,1,Intermediate,1
C01483,Cloud Engineer,Diploma,Software Engineering,0,3,2,2,7,3,6,52.68,6,44.41,11.1,84.91,46.25,48.45,50.89,49.53,44.04,Fresher,3,Not Ready,0
C01484,UI/UX Designer,Bachelor's,Computer Science,12,14,1,1,6,5,6,84.33,7,88.84,85.65,72.13,85.16,80.45,88.23,83.94,79.45,Senior,1,Intermediate,0
C01485,UI/UX Designer,Master's,Information Technology,14,8,0,1,13,5,6,79.84,2,78.63,79.22,75.81,87.43,87.08,83.57,86.04,70.83,Senior,1,Beginner,1
C01486,UI/UX Designer,Bachelor's,Design,5,6,0,0,5,4,6,70.63,9,63.86,51.64,98.25,62.02,64.58,67.72,69.72,56.66,Mid-Level,2,Beginner,0
C01487,Cybersecurity Analyst,PhD,Other,10,5,2,0,7,3,6,54.64,2,45.83,66.83,40.26,95.62,63.25,63.3,64.88,51.01,Senior,3,Beginner,0
C01488,Backend Developer,Master's,Software Engineering,4,5,5,1,5,5,6,85.22,3,81.7,51.4,100.0,84.72,84.77,88.58,82.25,79.83,Mid-Level,1,Intermediate,1
C01489,Java Developer,Bachelor's,Software Engineering,4,3,0,0,12,4,6,67.5,4,60.67,40.53,99.97,53.96,55.32,63.78,62.2,60.19,Mid-Level,2,Beginner,0
C01490,Cybersecurity Analyst,Master's,Information Technology,10,10,5,0,8,4,6,62.25,7,73.97,75.0,100.0,97.43,74.4,73.87,77.15,74.67,Senior,2,Beginner,0
C01491,Data Analyst,Diploma,Business,5,10,3,0,6,3,6,52.22,7,58.32,48.44,60.35,72.8,57.04,58.68,59.35,47.82,Mid-Level,3,Not Ready,0
C01492,Java Developer,Bachelor's,Electronics,12,12,4,1,8,4,6,66.12,5,71.46,74.25,49.16,98.32,83.61,68.82,78.73,72.82,Senior,2,Beginner,0
C01493,UI/UX Designer,Master's,Information Technology,9,6,3,0,11,4,6,65.39,8,65.92,70.17,75.0,89.91,79.63,68.0,74.64,64.9,Senior,2,Beginner,1
C01494,Cloud Engineer,Bachelor's,Information Technology,7,3,4,1,5,3,6,50.1,6,42.39,53.26,90.35,73.55,65.94,51.64,65.51,60.21,Mid-Level,3,Beginner,0
C01495,Frontend Developer,Master's,Computer Science,7,3,5,0,4,4,6,66.24,8,49.96,58.54,99.43,87.72,81.84,66.39,76.64,66.73,Mid-Level,2,Beginner,0
C01496,Java Developer,Master's,Information Technology,13,7,0,1,8,4,6,68.77,4,69.99,76.76,100.0,75.11,66.83,67.39,73.78,71.79,Senior,2,Beginner,0
C01497,Python Developer,Bachelor's,Information Technology,9,10,2,1,7,5,6,84.57,2,80.71,78.16,88.92,80.37,76.15,78.97,79.4,72.34,Senior,1,Beginner,0
C01498,DevOps Engineer,Master's,Software Engineering,1,5,2,2,10,3,6,53.53,4,44.01,26.63,100.0,68.41,57.97,52.48,61.82,46.06,Junior,3,Not Ready,0
C01499,Cloud Engineer,Bachelor's,Computer Science,9,10,1,0,9,4,6,62.12,3,65.01,66.48,88.67,75.48,69.79,69.75,69.08,60.81,Senior,2,Beginner,1
C01500,Frontend Developer,Bachelor's,Software Engineering,1,1,2,2,9,3,6,54.32,9,49.2,25.93,98.15,57.46,51.45,58.86,57.0,48.58,Junior,3,Not Ready,0
C01501,Product Designer,Bachelor's,Computer Science,11,7,0,0,7,5,6,82.19,7,74.89,85.03,55.01,81.73,89.52,84.29,81.91,70.52,Senior,1,Beginner,0
C01502,Full Stack Developer,Bachelor's,Software Engineering,0,0,3,3,5,3,7,46.31,4,0.19,26.64,92.2,65.32,56.88,49.25,54.51,43.38,Fresher,4,Not Ready,0
C01503,Machine Learning Engineer,Bachelor's,Computer Science,1,3,4,0,10,4,6,67.19,10,62.48,28.53,87.14,73.99,62.71,68.67,63.86,60.87,Junior,2,Beginner,0
C01504,Backend Developer,Bachelor's,Other,8,8,5,0,10,4,6,62.71,9,60.42,60.41,34.99,90.77,72.66,72.18,70.63,61.33,Senior,2,Beginner,0
C01505,Product Designer,Master's,Computer Science,9,8,0,0,13,5,6,83.29,7,81.77,79.43,65.69,77.91,78.76,78.4,76.35,69.38,Senior,1,Beginner,1
C01506,Python Developer,Master's,Information Technology,6,5,4,1,6,4,6,62.49,6,62.29,58.4,99.82,89.04,72.39,70.55,72.88,66.24,Mid-Level,2,Beginner,0
C01507,Full Stack Developer,Bachelor's,Computer Science,1,1,2,1,5,4,7,57.04,10,51.23,24.13,90.15,62.77,64.66,62.22,59.19,53.88,Junior,3,Beginner,0
C01508,Java Developer,Bachelor's,Computer Science,7,8,5,0,8,4,6,64.87,4,64.91,58.66,94.98,91.12,78.46,67.16,74.26,68.66,Mid-Level,2,Beginner,1
C01509,DevOps Engineer,PhD,Information Technology,10,15,4,1,8,5,6,82.15,9,89.7,77.5,100.0,95.25,79.73,83.48,87.38,77.29,Senior,1,Intermediate,1
C01510,Full Stack Developer,Bachelor's,Software Engineering,0,1,1,2,4,4,7,59.9,5,47.61,30.24,92.85,49.48,52.37,54.65,55.3,52.16,Fresher,3,Beginner,0
C01511,Python Developer,Bachelor's,Computer Science,6,9,2,0,12,5,6,83.41,9,78.68,57.45,90.89,72.62,77.58,78.52,74.58,75.97,Mid-Level,1,Intermediate,0
C01512,Cloud Engineer,Bachelor's,Software Engineering,12,14,4,0,10,5,6,79.46,3,92.0,77.22,90.84,88.75,82.89,83.23,81.9,79.95,Senior,1,Intermediate,1
C01513,Python Developer,Bachelor's,Data Science,5,7,0,1,5,5,6,83.04,7,84.73,49.95,80.76,66.09,77.88,80.94,72.18,64.62,Mid-Level,1,Beginner,1
C01514,DevOps Engineer,Master's,Electronics,2,4,1,0,10,2,6,34.98,4,34.23,27.63,57.03,70.13,49.64,37.19,51.25,39.75,Junior,4,Not Ready,0
C01515,UI/UX Designer,Bachelor's,Other,6,8,3,0,2,2,6,33.36,8,37.97,47.37,29.1,78.09,44.27,37.97,46.2,37.82,Mid-Level,4,Not Ready,0
C01516,Java Developer,Bachelor's,Software Engineering,8,13,0,0,5,5,6,80.89,6,87.78,70.21,96.85,74.39,80.19,84.36,78.64,73.11,Senior,1,Beginner,1
C01517,Mobile App Developer,Diploma,Software Engineering,4,6,3,1,6,4,6,62.88,2,61.79,43.0,80.03,57.69,53.19,65.09,60.39,53.79,Mid-Level,2,Beginner,0
C01518,Mobile App Developer,Bachelor's,Information Technology,4,3,4,0,10,4,6,64.36,3,61.04,39.91,86.26,76.78,71.98,66.83,67.7,60.84,Mid-Level,2,Beginner,0
C01519,UI/UX Designer,Bachelor's,Computer Science,7,7,4,1,10,4,6,68.59,4,67.21,59.83,68.78,80.98,74.13,70.6,74.11,67.58,Mid-Level,2,Beginner,1
C01520,UI/UX Designer,Master's,Other,14,10,3,0,4,4,6,71.3,2,62.86,77.88,35.52,100.0,81.46,74.16,78.55,67.66,Senior,2,Beginner,0
C01521,Java Developer,Master's,Other,5,8,4,1,8,3,6,47.92,3,49.23,43.32,38.72,80.11,64.98,53.01,60.9,53.31,Mid-Level,3,Beginner,0
C01522,Mobile App Developer,PhD,Software Engineering,9,14,0,0,9,5,6,82.23,3,86.96,77.76,98.25,81.99,84.07,79.93,80.67,77.23,Senior,1,Intermediate,0
C01523,Machine Learning Engineer,Bachelor's,Data Science,6,5,0,0,6,5,6,84.45,5,68.02,60.84,95.11,59.47,76.16,82.53,75.15,66.67,Mid-Level,1,Beginner,1
C01524,Frontend Developer,Bachelor's,Other,4,8,4,0,8,2,6,33.2,3,40.22,38.68,27.48,82.03,45.02,44.05,48.56,35.19,Mid-Level,4,Not Ready,0
C01525,Cybersecurity Analyst,Master's,Information Technology,6,6,3,0,7,4,6,64.83,6,66.74,52.98,100.0,86.89,73.63,68.21,76.92,65.21,Mid-Level,2,Beginner,1
C01526,QA Engineer,Bachelor's,Information Technology,12,9,4,0,8,5,6,87.65,9,83.02,82.16,83.27,91.2,96.61,86.55,87.48,83.11,Senior,1,Intermediate,0
C01527,Backend Developer,Bachelor's,Data Science,7,5,1,0,5,4,6,67.35,10,65.23,62.26,63.59,63.71,60.42,62.33,60.63,57.92,Mid-Level,2,Beginner,0
C01528,Cloud Engineer,Bachelor's,Computer Science,8,12,2,0,5,5,6,81.07,9,89.4,74.04,80.08,90.28,88.21,85.24,86.6,73.87,Senior,1,Beginner,1
C01529,Machine Learning Engineer,Master's,Mathematics,7,7,1,0,4,4,6,67.12,7,66.3,62.21,91.2,72.32,66.89,67.5,68.6,60.41,Mid-Level,2,Beginner,0
C01530,DevOps Engineer,Bachelor's,Information Technology,12,9,2,1,11,4,6,71.13,7,71.08,73.74,92.31,86.16,77.62,78.96,80.51,71.38,Senior,2,Beginner,1
C01531,Full Stack Developer,Bachelor's,Computer Science,0,1,3,2,9,3,7,38.84,7,29.63,16.76,92.45,62.56,55.01,41.75,49.16,37.01,Fresher,4,Not Ready,0
C01532,Mobile App Developer,Diploma,Computer Science,0,0,0,3,8,2,6,31.54,10,14.13,29.62,83.7,40.49,28.76,35.43,37.19,27.05,Fresher,4,Not Ready,0
C01533,QA Engineer,Bachelor's,Computer Science,7,10,2,1,4,4,6,70.69,8,65.76,62.24,73.55,85.24,69.52,74.53,75.77,61.92,Mid-Level,2,Beginner,1
C01534,Data Scientist,PhD,Computer Science,8,15,1,0,10,5,6,80.72,5,90.47,67.95,100.0,93.45,90.81,81.85,84.44,72.92,Senior,1,Beginner,1
C01535,DevOps Engineer,PhD,Electronics,12,5,0,1,8,3,6,50.37,3,43.97,67.49,61.63,81.92,63.34,61.2,65.81,52.92,Senior,3,Beginner,0
C01536,UI/UX Designer,PhD,Information Technology,9,8,0,1,5,5,6,82.48,8,78.7,73.58,80.22,88.53,91.35,80.32,82.17,76.37,Senior,1,Intermediate,0
C01537,Frontend Developer,Bachelor's,Software Engineering,9,7,5,0,8,5,6,86.48,2,77.97,80.96,98.69,94.9,82.17,85.6,85.44,81.45,Senior,1,Intermediate,0
C01538,Data Analyst,Bachelor's,Business,2,2,3,2,7,2,6,31.73,10,36.0,30.56,69.26,60.79,50.53,38.29,48.83,35.43,Junior,4,Not Ready,0
C01539,DevOps Engineer,Master's,Electronics,10,15,4,1,3,3,6,48.04,5,59.09,68.92,56.72,91.95,63.15,58.45,66.69,59.59,Senior,3,Beginner,1
C01540,Python Developer,Diploma,Data Science,6,10,2,0,10,4,6,65.81,2,60.86,52.92,71.36,67.47,72.87,68.56,69.44,61.51,Mid-Level,2,Beginner,0
C01541,Data Scientist,Bachelor's,Computer Science,4,4,5,1,8,4,6,68.4,10,59.83,41.96,83.85,69.35,64.28,64.66,66.9,58.04,Mid-Level,2,Beginner,0
C01542,Backend Developer,Bachelor's,Computer Science,1,4,1,2,10,4,6,67.46,4,55.11,25.6,93.95,55.73,66.8,67.21,59.47,50.66,Junior,2,Beginner,0
C01543,Backend Developer,Bachelor's,Computer Science,5,6,1,0,6,4,6,70.77,4,55.03,51.96,92.66,68.31,73.69,74.93,68.63,58.63,Mid-Level,2,Beginner,1
C01544,Backend Developer,Bachelor's,Information Technology,8,13,2,1,13,5,6,85.79,4,90.54,71.73,94.2,79.69,85.59,83.73,83.51,78.12,Senior,1,Intermediate,1
C01545,Data Analyst,Bachelor's,Information Technology,7,4,2,0,12,5,6,83.27,8,67.31,68.84,79.15,71.11,81.55,80.91,75.67,74.95,Mid-Level,1,Beginner,0
C01546,Frontend Developer,Bachelor's,Computer Science,9,5,2,1,11,4,6,66.7,7,60.83,72.46,92.07,80.64,70.83,70.8,75.08,65.67,Senior,2,Beginner,1
C01547,Full Stack Developer,Master's,Computer Science,10,15,5,1,12,6,7,81.25,2,85.51,82.83,97.88,94.1,92.51,87.1,90.09,83.01,Senior,1,Intermediate,1
C01548,Data Scientist,Master's,Information Technology,7,6,2,0,4,4,6,67.34,4,63.74,59.86,88.31,73.75,67.62,70.58,72.71,68.34,Mid-Level,2,Beginner,0
C01549,QA Engineer,Bachelor's,Computer Science,1,4,4,2,6,3,6,45.71,4,42.55,24.33,76.68,62.3,57.65,47.13,50.11,42.03,Junior,3,Not Ready,0
C01550,Cybersecurity Analyst,Bachelor's,Business,11,6,2,0,3,3,6,53.05,6,43.78,70.75,49.93,82.43,66.42,63.17,64.45,54.52,Senior,3,Beginner,0
C01551,Cybersecurity Analyst,Diploma,Computer Science,1,6,1,1,7,3,6,51.33,3,45.16,26.83,76.9,55.32,48.9,50.13,51.28,49.02,Junior,3,Not Ready,0
C01552,Java Developer,Master's,Information Technology,14,8,2,1,13,5,6,82.88,3,83.58,85.76,99.56,95.82,81.21,80.92,85.69,78.53,Senior,1,Intermediate,0
C01553,Cloud Engineer,Master's,Computer Science,5,6,3,1,12,4,6,63.51,4,69.24,53.17,96.69,88.06,73.28,65.77,72.02,61.97,Mid-Level,2,Beginner,0
C01554,Full Stack Developer,Diploma,Computer Science,4,6,0,1,5,5,7,72.85,5,68.79,49.73,78.72,55.54,59.61,72.36,65.05,55.53,Mid-Level,2,Beginner,0
C01555,Backend Developer,Bachelor's,Computer Science,0,0,0,1,7,3,6,47.84,3,15.66,24.95,91.71,45.07,42.27,42.76,45.15,36.66,Fresher,3,Not Ready,0
C01556,UI/UX Designer,Bachelor's,Information Technology,2,2,3,2,3,3,6,52.85,5,50.62,35.72,62.4,66.95,63.57,57.18,56.98,47.65,Junior,3,Not Ready,0
C01557,Java Developer,Bachelor's,Other,5,4,5,0,10,3,6,48.27,8,51.24,42.3,32.69,70.73,51.15,56.54,54.17,45.52,Mid-Level,3,Not Ready,0
C01558,Product Designer,Master's,Other,2,2,5,2,6,2,6,34.39,10,25.55,25.56,40.26,80.93,51.2,47.03,48.78,40.21,Junior,4,Not Ready,0
C01559,Cybersecurity Analyst,Bachelor's,Electronics,7,4,1,1,7,3,6,54.48,8,47.18,59.01,70.08,75.35,63.19,62.93,61.5,49.84,Mid-Level,3,Not Ready,0
C01560,Product Designer,Bachelor's,Computer Science,10,5,5,1,9,4,6,65.71,4,66.0,79.54,60.93,92.09,72.64,68.63,74.65,71.94,Senior,2,Beginner,0
C01561,Backend Developer,Bachelor's,Data Science,8,10,1,1,12,5,6,80.6,10,77.17,74.37,63.63,76.1,77.53,83.05,77.7,73.76,Senior,1,Beginner,1
C01562,Java Developer,Master's,Information Technology,7,4,1,0,8,4,6,68.75,9,59.96,56.56,100.0,80.0,69.94,72.55,70.4,64.52,Mid-Level,2,Beginner,1
C01563,Cybersecurity Analyst,Bachelor's,Computer Science,7,7,5,0,8,4,6,70.0,5,61.01,58.99,87.52,93.19,77.02,69.67,79.34,70.25,Mid-Level,2,Beginner,0
C01564,Product Designer,PhD,Information Technology,7,8,5,0,11,4,6,65.49,3,71.71,57.43,72.44,91.46,80.02,71.64,75.76,64.32,Mid-Level,2,Beginner,1
C01565,Frontend Developer,Master's,Information Technology,4,4,1,0,8,5,6,81.82,4,76.8,49.6,95.34,77.51,87.8,78.78,78.41,66.32,Mid-Level,1,Beginner,1
C01566,Data Scientist,Bachelor's,Computer Science,4,3,2,0,6,4,6,71.13,2,58.32,44.71,82.83,62.83,69.44,73.77,67.98,60.33,Mid-Level,2,Beginner,1
C01567,Java Developer,Bachelor's,Computer Science,5,3,3,0,12,5,6,81.37,4,68.35,50.75,94.9,75.17,85.86,80.25,74.72,69.93,Mid-Level,1,Beginner,0
C01568,Backend Developer,Bachelor's,Data Science,8,12,5,0,4,4,6,65.99,10,72.24,68.3,60.82,88.93,80.31,71.23,73.94,66.37,Senior,2,Beginner,0
C01569,UI/UX Designer,Bachelor's,Design,10,11,0,0,9,5,6,84.08,3,89.89,81.26,90.46,72.36,75.75,85.36,76.51,75.73,Senior,1,Intermediate,0
C01570,Product Designer,Bachelor's,Business,12,7,1,1,11,5,6,85.7,3,74.75,85.66,74.44,77.25,81.14,88.2,81.77,77.73,Senior,1,Intermediate,1
C01571,DevOps Engineer,Bachelor's,Software Engineering,5,3,5,1,8,4,6,66.68,3,59.82,52.94,87.08,84.17,79.93,68.39,73.78,69.35,Mid-Level,2,Beginner,0
C01572,Data Scientist,Bachelor's,Other,8,5,4,0,10,3,6,50.15,8,40.17,53.63,30.69,88.11,63.87,57.43,63.72,50.54,Senior,3,Beginner,1
C01573,Backend Developer,Bachelor's,Data Science,2,6,4,2,10,2,6,28.86,4,30.73,24.88,57.68,76.73,43.5,40.2,44.32,32.01,Junior,4,Not Ready,0
C01574,Frontend Developer,Master's,Electronics,5,9,4,1,3,3,6,51.5,9,56.31,46.68,61.25,82.35,64.54,56.54,62.38,54.28,Mid-Level,3,Beginner,0
C01575,Python Developer,Bachelor's,Computer Science,5,9,0,1,6,5,6,79.52,8,76.3,53.68,93.91,65.17,71.93,72.81,69.8,62.74,Mid-Level,1,Beginner,0
C01576,Data Analyst,Master's,Information Technology,5,3,1,1,12,4,6,63.67,10,55.34,44.98,93.45,75.73,68.23,69.45,66.91,56.37,Mid-Level,2,Beginner,0
C01577,Mobile App Developer,Master's,Computer Science,2,5,3,2,10,4,6,62.51,5,53.93,36.35,100.0,81.87,68.74,61.64,69.35,56.32,Junior,2,Beginner,1
C01578,Java Developer,Bachelor's,Computer Science,0,1,2,0,6,2,6,32.6,2,31.57,14.63,91.46,52.8,36.69,33.43,42.81,40.03,Fresher,4,Not Ready,0
C01579,Mobile App Developer,Bachelor's,Information Technology,8,6,2,1,5,5,6,87.44,7,83.17,71.01,89.97,81.32,79.11,88.88,83.53,73.02,Senior,1,Beginner,1
C01580,Data Analyst,PhD,Other,5,4,3,1,10,2,6,30.79,10,33.98,36.3,49.2,81.28,53.61,36.6,50.79,33.73,Mid-Level,4,Not Ready,0
C01581,Cloud Engineer,Bachelor's,Computer Science,6,5,5,0,10,5,6,78.56,5,75.61,61.8,87.76,74.05,83.26,81.84,77.38,74.36,Mid-Level,1,Beginner,0
C01582,Mobile App Developer,Bachelor's,Information Technology,8,5,3,1,9,5,6,82.37,5,77.1,67.45,86.01,72.74,71.25,80.86,77.07,74.16,Senior,1,Beginner,1
C01583,Machine Learning Engineer,Bachelor's,Computer Science,4,9,4,0,10,4,6,64.81,7,70.23,39.63,86.62,83.04,79.18,69.55,73.06,65.17,Mid-Level,2,Beginner,0
C01584,Java Developer,Master's,Electronics,1,3,4,2,7,1,6,15.03,5,13.41,24.56,59.52,70.52,35.22,29.73,39.92,28.02,Junior,5,Not Ready,0
C01585,Frontend Developer,Bachelor's,Software Engineering,4,10,2,0,9,4,6,63.45,8,66.8,48.79,94.95,84.53,77.5,65.82,75.97,64.83,Mid-Level,2,Beginner,0
C01586,UI/UX Designer,Master's,Design,6,7,2,1,5,4,6,69.96,6,66.16,56.09,98.64,86.98,78.88,72.35,74.96,64.77,Mid-Level,2,Beginner,1
C01587,Python Developer,Bachelor's,Software Engineering,7,9,5,0,11,4,6,70.51,10,68.5,60.28,96.94,81.47,81.79,77.19,79.87,75.88,Mid-Level,2,Intermediate,0
C01588,Python Developer,Bachelor's,Data Science,12,10,0,0,7,5,6,79.68,8,79.93,79.37,89.71,85.89,75.65,79.26,80.29,68.6,Senior,1,Beginner,1
C01589,Mobile App Developer,Bachelor's,Electronics,2,4,3,2,3,1,6,14.65,2,11.5,25.28,51.96,70.32,34.91,22.87,40.28,28.72,Junior,5,Not Ready,0
C01590,Mobile App Developer,Bachelor's,Computer Science,8,14,2,1,6,4,6,69.01,9,73.94,64.01,87.16,90.47,83.17,77.1,78.74,70.03,Senior,2,Beginner,1
C01591,Data Scientist,Diploma,Computer Science,3,4,5,1,7,4,6,64.54,7,64.9,38.16,71.51,59.5,61.0,58.93,57.77,58.04,Mid-Level,2,Beginner,0
C01592,Data Scientist,Bachelor's,Computer Science,2,5,5,0,8,3,6,50.09,5,44.56,31.98,88.3,72.82,66.34,58.09,63.83,54.81,Junior,3,Beginner,0
C01593,Frontend Developer,Bachelor's,Software Engineering,8,6,2,0,6,5,6,84.6,5,81.77,71.06,93.29,83.5,88.27,89.19,85.73,76.91,Senior,1,Intermediate,1
C01594,Backend Developer,Master's,Software Engineering,6,3,4,0,9,4,6,66.02,5,58.09,57.23,95.97,74.25,67.79,70.71,70.0,68.15,Mid-Level,2,Beginner,1
C01595,Data Analyst,PhD,Data Science,15,15,1,0,11,4,6,70.39,2,77.37,81.52,97.32,93.04,86.67,74.97,84.32,73.25,Senior,2,Beginner,1
C01596,Full Stack Developer,Bachelor's,Information Technology,12,9,2,1,5,5,7,69.03,9,66.05,77.05,93.67,88.72,84.22,74.41,84.31,69.15,Senior,2,Beginner,1
C01597,Java Developer,Bachelor's,Information Technology,9,7,3,0,6,5,6,83.93,3,73.84,77.31,92.43,77.59,82.63,86.78,83.93,78.22,Senior,1,Intermediate,1
C01598,Machine Learning Engineer,Diploma,Computer Science,8,7,5,0,11,5,6,81.94,10,72.93,74.17,84.31,79.71,75.24,77.94,76.4,77.23,Senior,1,Intermediate,1
C01599,Cloud Engineer,Master's,Other,12,14,0,1,5,3,6,49.54,2,63.39,71.23,44.37,77.92,55.6,57.76,62.02,48.72,Senior,3,Not Ready,0
C01600,Java Developer,Master's,Computer Science,10,9,1,1,5,5,6,78.86,2,84.68,78.64,100.0,90.03,87.85,85.44,85.19,79.13,Senior,1,Intermediate,1
C01601,DevOps Engineer,Bachelor's,Electronics,12,15,1,1,4,3,6,47.82,4,60.61,70.6,46.78,85.36,62.48,58.48,63.89,54.2,Senior,3,Beginner,0
C01602,Full Stack Developer,Bachelor's,Computer Science,8,10,3,1,14,6,7,85.5,9,80.4,69.44,89.68,92.8,81.29,90.62,84.35,77.95,Senior,1,Intermediate,0
C01603,DevOps Engineer,PhD,Information Technology,14,14,5,0,6,5,6,88.27,3,92.76,89.62,100.0,100.0,88.3,89.67,91.59,86.0,Senior,1,Intermediate,1
C01604,Data Analyst,Bachelor's,Data Science,6,4,5,0,7,5,6,81.3,5,80.62,64.23,99.54,84.98,78.3,82.36,79.08,74.63,Mid-Level,1,Beginner,1
C01605,Mobile App Developer,Diploma,Other,5,3,4,0,8,3,6,48.81,4,44.75,48.46,19.66,67.02,52.54,51.92,50.9,50.49,Mid-Level,3,Beginner,0
C01606,Cloud Engineer,Diploma,Software Engineering,8,5,5,0,10,5,6,87.05,8,74.34,73.58,81.6,67.61,80.81,78.3,77.01,82.59,Senior,1,Intermediate,1
C01607,Python Developer,Master's,Information Technology,13,10,0,0,10,5,6,84.62,4,85.85,86.9,100.0,77.64,88.58,80.19,88.05,78.94,Senior,1,Intermediate,1
C01608,Cybersecurity Analyst,Bachelor's,Computer Science,3,7,1,0,7,5,6,80.79,3,73.07,39.45,93.14,63.55,73.95,80.65,67.69,65.97,Mid-Level,1,Beginner,0
C01609,Cybersecurity Analyst,Master's,Other,12,9,2,1,12,4,6,68.19,2,65.77,77.79,36.12,97.38,83.66,69.2,77.57,66.19,Senior,2,Beginner,0
C01610,Backend Developer,Master's,Software Engineering,8,9,5,0,8,5,6,87.76,5,83.31,71.45,97.37,100.0,98.85,89.26,89.34,79.16,Senior,1,Intermediate,1
C01611,Java Developer,Bachelor's,Software Engineering,1,4,3,1,4,3,6,52.17,2,38.3,25.99,91.05,60.98,48.9,55.34,55.41,49.56,Junior,3,Not Ready,0
C01612,Machine Learning Engineer,Bachelor's,Mathematics,12,9,1,1,7,5,6,88.26,9,75.1,82.61,77.14,89.11,96.41,91.38,89.33,78.64,Senior,1,Intermediate,1
C01613,Backend Developer,Bachelor's,Other,1,5,3,1,3,1,6,15.0,4,26.51,25.16,26.5,68.12,43.07,24.0,39.27,26.45,Junior,5,Not Ready,0
C01614,Frontend Developer,Bachelor's,Other,7,9,1,1,8,3,6,47.51,2,60.05,51.82,27.94,70.63,63.16,50.0,54.45,52.1,Mid-Level,3,Beginner,0
C01615,Cloud Engineer,Diploma,Software Engineering,2,6,0,0,6,4,6,62.45,4,67.54,35.81,80.47,51.89,61.39,55.68,58.93,49.62,Junior,2,Not Ready,0
C01616,Backend Developer,Bachelor's,Data Science,2,1,2,2,5,2,6,32.87,6,27.03,27.72,62.73,65.12,38.95,36.24,44.98,39.05,Junior,4,Not Ready,0
C01617,Data Scientist,Diploma,Data Science,6,6,2,0,6,4,6,65.66,3,67.54,51.63,80.72,60.8,65.74,66.54,61.61,65.53,Mid-Level,2,Beginner,0
C01618,Java Developer,Master's,Software Engineering,6,4,0,0,11,4,6,70.13,3,64.43,57.03,98.96,66.13,71.57,67.42,72.47,60.91,Mid-Level,2,Beginner,0
C01619,UI/UX Designer,Bachelor's,Design,5,8,5,1,6,4,6,63.7,5,69.54,51.18,92.41,85.76,80.3,73.11,76.58,69.67,Mid-Level,2,Beginner,0
C01620,Python Developer,Master's,Other,12,6,5,1,5,3,6,50.38,9,44.49,67.34,40.58,95.21,69.13,63.95,68.15,59.14,Senior,3,Beginner,1
C01621,DevOps Engineer,Bachelor's,Information Technology,12,15,5,0,8,5,6,82.13,8,88.24,83.32,90.8,92.63,83.38,85.35,83.91,79.66,Senior,1,Intermediate,0
C01622,Data Analyst,Diploma,Data Science,4,9,3,0,11,3,6,47.45,4,55.98,39.18,80.61,75.11,63.18,51.04,62.92,50.3,Mid-Level,3,Beginner,0
C01623,Product Designer,PhD,Business,12,13,0,1,7,4,6,68.33,10,75.57,72.75,81.94,89.51,83.39,67.67,81.11,63.66,Senior,2,Beginner,0
C01624,Data Scientist,Bachelor's,Information Technology,7,10,3,0,10,3,6,49.19,7,56.34,50.06,75.66,87.12,64.71,53.39,65.54,58.62,Mid-Level,3,Beginner,1
C01625,Product Designer,Bachelor's,Design,11,12,0,1,9,4,6,63.17,9,70.1,71.25,98.02,82.01,69.29,64.28,74.19,67.89,Senior,2,Beginner,1
C01626,Python Developer,Master's,Information Technology,13,15,0,0,5,5,6,80.46,8,90.48,76.34,100.0,84.05,84.26,83.19,81.7,81.34,Senior,1,Intermediate,0
C01627,Mobile App Developer,Bachelor's,Computer Science,5,4,1,0,7,5,6,79.13,10,66.92,54.77,90.75,69.49,73.57,79.94,75.68,64.55,Mid-Level,1,Beginner,1
C01628,Mobile App Developer,Master's,Software Engineering,8,10,5,0,7,5,6,80.57,10,82.23,72.42,100.0,100.0,80.88,80.11,83.69,81.55,Senior,1,Intermediate,1
C01629,Machine Learning Engineer,Bachelor's,Computer Science,0,3,3,1,8,2,6,30.49,9,37.02,33.61,90.86,64.69,38.15,34.04,50.4,42.49,Fresher,4,Not Ready,0
C01630,Cloud Engineer,Master's,Information Technology,3,3,4,0,4,4,6,63.21,6,63.27,37.07,95.64,72.9,61.66,65.23,61.64,57.69,Mid-Level,2,Beginner,0
C01631,Cybersecurity Analyst,Bachelor's,Information Technology,9,14,5,1,5,5,6,83.95,9,91.61,80.98,91.9,97.62,92.98,82.55,87.1,85.2,Senior,1,Intermediate,0
C01632,Frontend Developer,Bachelor's,Computer Science,3,8,0,0,7,4,6,68.66,5,68.88,35.76,86.73,65.03,68.53,70.0,66.45,59.14,Mid-Level,2,Beginner,0
C01633,Java Developer,Bachelor's,Other,3,9,1,0,6,3,6,53.72,9,50.33,40.4,32.51,73.85,57.78,62.28,55.35,41.96,Mid-Level,3,Not Ready,0
C01634,Cloud Engineer,Bachelor's,Information Technology,1,6,4,0,6,3,6,52.4,2,53.79,24.46,92.25,75.54,53.83,55.08,57.73,54.33,Junior,3,Beginner,0
C01635,DevOps Engineer,Diploma,Information Technology,5,7,0,1,10,4,6,71.16,10,70.89,48.2,76.81,52.61,68.36,62.51,60.71,60.94,Mid-Level,2,Beginner,0
C01636,Python Developer,Diploma,Information Technology,8,6,5,1,8,5,6,83.44,4,83.33,70.27,76.24,82.91,89.26,82.28,83.26,74.48,Senior,1,Beginner,0
C01637,Cloud Engineer,PhD,Information Technology,10,13,3,1,5,5,6,80.21,5,88.31,82.61,100.0,91.42,85.47,83.4,84.91,77.73,Senior,1,Intermediate,1
C01638,Data Analyst,Master's,Information Technology,12,10,5,1,12,5,6,81.29,8,88.26,80.53,92.44,93.52,82.3,88.3,84.46,79.62,Senior,1,Intermediate,1
C01639,Data Analyst,Master's,Computer Science,9,9,3,0,13,5,6,82.48,9,79.11,76.68,94.11,96.03,93.01,88.17,86.4,82.3,Senior,1,Intermediate,0
C01640,Full Stack Developer,Diploma,Other,1,5,3,1,11,3,7,43.38,5,47.79,26.92,24.89,59.81,54.02,43.99,43.83,42.75,Junior,4,Not Ready,0
C01641,UI/UX Designer,Diploma,Design,7,6,1,0,12,4,6,71.32,9,65.5,66.36,85.31,68.95,70.56,74.9,70.62,62.91,Mid-Level,2,Beginner,0
C01642,UI/UX Designer,Bachelor's,Computer Science,0,1,0,2,5,2,6,35.19,5,20.52,23.32,65.54,46.56,41.86,37.99,41.47,30.16,Fresher,4,Not Ready,0
C01643,Data Analyst,Master's,Other,7,3,2,1,9,3,6,50.57,4,39.59,58.58,46.81,71.39,55.0,51.23,59.13,47.83,Mid-Level,3,Not Ready,0
C01644,DevOps Engineer,Master's,Software Engineering,8,5,5,1,10,5,6,81.77,2,70.81,69.26,99.55,90.27,89.55,85.22,84.51,78.68,Senior,1,Intermediate,0
C01645,Data Scientist,Diploma,Data Science,7,4,3,1,8,4,6,68.06,2,54.72,61.96,87.45,72.27,64.45,71.41,66.74,64.08,Mid-Level,2,Beginner,0
C01646,Backend Developer,Bachelor's,Data Science,0,0,1,1,7,1,6,16.87,8,4.34,11.08,62.43,58.3,38.85,28.48,34.33,23.3,Fresher,5,Not Ready,0
C01647,Cybersecurity Analyst,Master's,Electronics,12,7,2,0,11,4,6,68.97,7,57.34,73.95,80.29,94.06,84.72,76.32,83.66,66.29,Senior,2,Beginner,1
C01648,Backend Developer,Bachelor's,Software Engineering,8,12,1,0,12,5,6,78.52,10,82.44,74.59,90.19,73.96,77.38,80.51,75.88,73.32,Senior,1,Beginner,0
C01649,UI/UX Designer,Bachelor's,Information Technology,12,6,3,0,9,4,6,63.78,4,63.27,77.9,64.1,89.08,73.63,67.43,73.67,63.33,Senior,2,Beginner,1
C01650,Frontend Developer,Master's,Information Technology,11,5,5,0,8,5,6,83.09,6,67.27,82.57,100.0,92.44,83.64,89.01,84.72,83.78,Senior,1,Intermediate,1
C01651,Full Stack Developer,Master's,Software Engineering,5,10,5,0,4,4,7,60.46,3,63.63,44.47,95.32,94.67,76.74,69.77,75.49,65.22,Mid-Level,3,Beginner,1
C01652,Backend Developer,Bachelor's,Information Technology,6,4,1,0,6,5,6,78.52,6,70.53,58.18,92.29,60.4,64.32,76.38,71.55,67.17,Mid-Level,1,Beginner,1
C01653,Cybersecurity Analyst,Bachelor's,Computer Science,12,14,4,1,4,4,6,64.4,6,72.52,69.85,86.98,95.48,83.15,74.98,80.64,65.86,Senior,2,Beginner,0
C01654,Python Developer,Diploma,Software Engineering,8,12,3,1,6,5,6,85.59,2,91.9,74.31,87.38,72.19,87.03,79.71,83.52,78.24,Senior,1,Intermediate,1
C01655,Cloud Engineer,Master's,Computer Science,10,13,3,1,13,5,6,80.96,10,92.32,83.09,96.91,91.85,78.26,86.43,82.95,78.91,Senior,1,Intermediate,1
C01656,Machine Learning Engineer,Bachelor's,Data Science,11,5,2,1,6,4,6,62.9,7,66.64,78.07,90.32,73.68,60.98,65.82,67.61,66.68,Senior,2,Beginner,1
C01657,Product Designer,Diploma,Business,3,10,1,1,5,3,6,46.59,9,49.82,31.29,64.19,68.37,56.01,46.34,53.64,47.7,Mid-Level,3,Not Ready,0
C01658,Data Analyst,Bachelor's,Business,7,7,5,1,3,3,6,54.1,5,56.04,58.65,72.08,86.7,69.94,61.23,67.82,60.76,Mid-Level,3,Beginner,0
C01659,Machine Learning Engineer,Bachelor's,Computer Science,4,5,1,1,4,4,6,64.89,5,66.47,47.0,88.81,61.3,62.24,60.32,60.87,60.23,Mid-Level,2,Beginner,0
C01660,QA Engineer,Bachelor's,Software Engineering,7,7,0,0,10,5,6,80.08,5,69.47,60.36,86.52,78.68,81.27,79.5,77.29,69.09,Mid-Level,1,Beginner,0
C01661,Data Scientist,Master's,Information Technology,9,11,3,1,12,4,6,67.29,6,63.97,71.57,85.18,94.88,79.66,69.64,80.33,64.13,Senior,2,Beginner,1
C01662,QA Engineer,Bachelor's,Software Engineering,8,14,1,1,13,5,6,86.84,6,94.36,75.59,89.76,87.3,92.9,89.21,84.53,75.72,Senior,1,Intermediate,1
C01663,Frontend Developer,Bachelor's,Electronics,12,11,4,1,11,3,6,48.98,5,59.7,62.92,54.15,97.78,73.19,56.89,68.97,53.09,Senior,3,Beginner,0
C01664,Data Analyst,Bachelor's,Data Science,10,8,5,1,8,5,6,86.8,2,79.8,80.94,96.34,97.26,96.87,89.13,94.48,87.81,Senior,1,Intermediate,1
C01665,Product Designer,Master's,Design,6,5,2,1,8,4,6,62.34,6,52.97,57.38,96.58,73.34,74.26,65.51,69.17,61.89,Mid-Level,2,Beginner,0
C01666,Mobile App Developer,PhD,Electronics,4,4,0,0,5,2,6,37.81,9,36.2,38.92,60.82,74.35,47.93,47.7,49.46,38.72,Mid-Level,4,Not Ready,0
C01667,Frontend Developer,PhD,Software Engineering,10,13,5,0,12,4,6,65.08,7,67.4,69.88,100.0,100.0,86.13,73.83,81.56,71.13,Senior,2,Beginner,1
C01668,Cybersecurity Analyst,Bachelor's,Electronics,8,8,2,1,4,4,6,65.18,5,71.59,64.08,65.81,84.41,65.85,71.08,71.97,64.18,Senior,2,Beginner,0
C01669,DevOps Engineer,Bachelor's,Information Technology,12,14,5,1,12,5,6,87.96,2,89.09,88.88,87.97,98.85,88.87,88.93,89.25,90.37,Senior,1,Job Ready,1
C01670,Data Analyst,Master's,Computer Science,7,9,3,1,8,5,6,78.87,8,87.88,63.03,99.12,92.4,88.32,85.59,83.11,76.26,Mid-Level,1,Intermediate,0
C01671,DevOps Engineer,Master's,Information Technology,13,9,3,0,7,5,6,78.8,2,84.68,78.32,97.07,92.39,83.43,81.73,85.38,76.54,Senior,1,Intermediate,0
C01672,UI/UX Designer,Master's,Computer Science,6,6,4,1,8,4,6,68.11,9,68.89,50.93,82.08,90.42,84.86,72.3,79.51,67.36,Mid-Level,2,Beginner,1
C01673,Data Scientist,Bachelor's,Information Technology,1,4,1,0,6,3,6,46.05,8,38.44,25.25,77.92,61.33,48.85,53.95,49.39,41.16,Junior,3,Not Ready,0
C01674,Cybersecurity Analyst,Bachelor's,Computer Science,12,9,1,0,8,5,6,85.84,10,75.3,78.8,88.68,86.93,90.76,81.69,85.76,81.84,Senior,1,Intermediate,1
C01675,Python Developer,Bachelor's,Information Technology,10,6,4,1,13,5,6,88.11,7,83.63,83.69,92.75,85.91,84.94,92.53,87.82,82.22,Senior,1,Intermediate,1
C01676,Mobile App Developer,Bachelor's,Other,4,10,5,0,7,3,6,46.82,5,47.35,43.82,28.55,93.94,72.8,58.54,63.17,50.6,Mid-Level,3,Beginner,1
C01677,Data Analyst,Master's,Computer Science,8,6,5,0,7,5,6,79.55,8,71.92,74.06,98.36,91.62,76.89,86.23,84.17,75.97,Senior,1,Intermediate,1
C01678,Full Stack Developer,Bachelor's,Information Technology,2,4,4,2,8,5,7,68.04,2,56.8,33.43,85.03,65.36,62.49,62.62,60.85,56.82,Junior,2,Beginner,1
C01679,Cybersecurity Analyst,Bachelor's,Electronics,2,5,3,2,9,2,6,34.28,8,42.15,23.23,74.44,74.23,47.92,37.91,48.81,38.1,Junior,4,Not Ready,0
C01680,Full Stack Developer,Bachelor's,Software Engineering,6,4,0,0,7,4,7,55.36,9,48.65,56.27,93.63,69.45,68.6,60.11,65.59,54.71,Mid-Level,3,Beginner,0
C01681,Data Analyst,Bachelor's,Business,3,6,1,1,7,3,6,47.96,5,53.4,34.71,73.54,69.18,49.39,52.5,51.46,41.39,Mid-Level,3,Not Ready,0
C01682,Python Developer,Bachelor's,Data Science,3,6,2,0,13,5,6,79.73,6,79.26,39.26,85.15,71.93,78.36,78.32,74.46,67.14,Mid-Level,1,Beginner,0
C01683,Machine Learning Engineer,Bachelor's,Data Science,8,6,0,1,8,5,6,80.16,7,77.22,69.95,96.93,64.56,73.42,72.85,75.81,74.23,Senior,1,Beginner,0
C01684,Cybersecurity Analyst,Diploma,Information Technology,3,8,1,0,9,4,6,70.89,10,67.37,40.38,81.46,61.98,70.53,72.74,63.13,64.69,Mid-Level,2,Beginner,0
C01685,Cybersecurity Analyst,PhD,Business,4,8,1,0,6,3,6,52.35,8,45.16,37.15,60.41,74.4,61.93,53.91,60.94,46.7,Mid-Level,3,Not Ready,0
C01686,Cybersecurity Analyst,Bachelor's,Information Technology,1,2,4,1,10,3,6,48.42,3,47.75,24.25,95.86,71.59,50.57,55.05,55.5,51.02,Junior,3,Beginner,0
C01687,Product Designer,Master's,Computer Science,12,12,3,0,12,4,6,69.73,3,70.7,78.57,65.75,90.67,70.89,77.95,76.08,66.26,Senior,2,Beginner,0
C01688,UI/UX Designer,Master's,Design,12,10,1,0,13,5,6,86.0,7,77.03,79.59,99.9,91.95,93.94,83.27,91.8,82.07,Senior,1,Intermediate,1
C01689,Backend Developer,Bachelor's,Computer Science,9,8,4,0,13,5,6,83.84,9,80.59,77.83,91.65,93.21,89.34,89.79,87.93,77.08,Senior,1,Intermediate,1
C01690,QA Engineer,Bachelor's,Software Engineering,10,10,3,1,5,5,6,79.09,2,80.52,81.89,82.39,93.91,92.48,81.6,88.61,82.46,Senior,1,Intermediate,0
C01691,Java Developer,Bachelor's,Software Engineering,12,5,1,0,10,5,6,88.21,2,76.44,81.7,98.87,71.44,88.75,81.21,82.39,78.67,Senior,1,Intermediate,1
C01692,UI/UX Designer,Bachelor's,Design,5,4,5,1,5,5,6,87.48,2,70.94,58.27,94.34,81.11,83.05,85.35,80.17,73.79,Mid-Level,1,Beginner,0
C01693,Mobile App Developer,Bachelor's,Software Engineering,11,8,3,0,11,5,6,82.08,8,82.9,81.71,90.07,90.7,87.61,83.55,87.23,83.62,Senior,1,Intermediate,1
C01694,Python Developer,Master's,Other,9,5,5,0,9,4,6,67.4,2,53.43,70.96,38.74,95.76,77.75,77.67,73.38,66.41,Senior,2,Beginner,1
C01695,Mobile App Developer,Bachelor's,Electronics,1,6,3,0,2,1,6,12.63,9,22.66,23.25,50.29,76.99,31.26,26.42,39.83,30.41,Junior,5,Not Ready,0
C01696,Cybersecurity Analyst,Master's,Information Technology,8,9,2,0,5,4,6,65.51,10,68.2,65.9,100.0,89.93,74.14,72.67,75.14,63.81,Senior,2,Beginner,1
C01697,UI/UX Designer,Master's,Design,14,12,2,0,10,5,6,80.67,7,84.16,82.16,100.0,86.36,79.49,86.01,83.52,79.05,Senior,1,Intermediate,0
C01698,Machine Learning Engineer,Bachelor's,Data Science,12,7,2,0,9,5,6,85.52,10,73.56,87.03,97.89,88.23,81.18,84.1,88.74,76.05,Senior,1,Intermediate,1
C01699,Machine Learning Engineer,Master's,Computer Science,8,7,5,0,5,5,6,82.8,9,82.74,75.21,98.38,94.37,87.86,83.37,85.84,82.55,Senior,1,Intermediate,1
C01700,UI/UX Designer,Master's,Computer Science,10,11,0,1,5,4,6,65.83,8,74.46,72.32,79.25,90.79,77.37,71.74,77.94,68.1,Senior,2,Beginner,0
C01701,Frontend Developer,Diploma,Electronics,8,15,1,0,3,3,6,52.22,3,53.32,55.0,38.75,70.36,61.92,52.56,57.48,54.13,Senior,3,Beginner,1
C01702,Backend Developer,Master's,Other,3,5,2,1,4,3,6,53.98,8,44.58,40.08,44.63,78.39,55.99,63.41,59.24,49.44,Mid-Level,3,Not Ready,0
C01703,Frontend Developer,Bachelor's,Other,2,1,2,0,8,2,6,32.31,5,33.61,26.95,25.87,58.51,40.39,35.63,37.69,28.5,Junior,4,Not Ready,0
C01704,Java Developer,Master's,Software Engineering,4,3,5,1,10,4,6,63.26,3,63.12,42.57,100.0,77.16,70.44,68.79,68.83,64.83,Mid-Level,2,Beginner,1
C01705,Data Analyst,PhD,Data Science,9,6,0,1,9,5,6,82.25,10,79.24,76.41,100.0,85.67,81.95,79.2,83.86,75.36,Senior,1,Intermediate,1
C01706,Product Designer,Master's,Design,1,4,0,2,9,3,6,46.55,5,46.57,26.27,98.08,58.09,44.03,51.65,51.76,42.02,Junior,3,Not Ready,0
C01707,QA Engineer,Master's,Computer Science,5,7,2,0,6,4,6,66.45,7,61.28,53.7,87.42,76.93,69.16,67.88,72.47,63.91,Mid-Level,2,Beginner,0
C01708,Full Stack Developer,Bachelor's,Computer Science,1,2,1,2,4,3,7,40.16,9,39.82,24.1,86.16,59.5,44.55,39.68,45.77,36.4,Junior,4,Not Ready,0
C01709,Full Stack Developer,Bachelor's,Computer Science,6,7,1,1,11,5,7,69.21,7,68.89,55.65,90.23,69.53,63.55,71.7,70.22,67.22,Mid-Level,2,Beginner,0
C01710,QA Engineer,Master's,Business,3,7,0,0,11,4,6,64.2,3,67.71,40.72,65.55,67.61,69.87,68.51,62.27,55.85,Mid-Level,2,Beginner,1
C01711,Java Developer,Bachelor's,Information Technology,4,8,3,0,5,4,6,70.61,3,59.7,49.97,91.36,83.59,80.5,69.97,77.21,63.11,Mid-Level,2,Beginner,0
C01712,Cloud Engineer,Master's,Software Engineering,4,9,5,0,12,4,6,67.49,4,71.97,40.51,100.0,96.53,71.8,74.45,76.19,61.99,Mid-Level,2,Beginner,1
C01713,Frontend Developer,Master's,Information Technology,1,4,5,2,10,3,6,52.63,6,51.59,24.09,100.0,69.74,62.69,56.55,60.78,56.88,Junior,3,Beginner,0
C01714,Data Scientist,Diploma,Other,8,11,5,0,7,3,6,51.15,7,63.43,59.67,29.32,78.76,70.15,58.48,61.35,56.85,Senior,3,Beginner,0
C01715,Full Stack Developer,Master's,Information Technology,9,9,2,1,9,6,7,89.12,5,87.26,82.98,100.0,86.2,81.78,91.96,86.71,77.96,Senior,1,Intermediate,1
C01716,QA Engineer,Bachelor's,Business,6,10,1,1,11,4,6,63.7,2,73.88,56.95,57.81,76.82,72.66,65.14,66.7,63.68,Mid-Level,2,Beginner,0
C01717,Product Designer,PhD,Information Technology,13,6,0,0,7,4,6,67.95,8,56.3,80.43,75.14,79.76,76.23,69.66,76.48,61.91,Senior,2,Beginner,1
C01718,Java Developer,PhD,Computer Science,15,15,2,1,10,5,6,84.09,10,87.71,82.86,100.0,88.27,92.16,88.2,86.61,80.91,Senior,1,Intermediate,1
C01719,Frontend Developer,PhD,Other,4,6,1,0,5,3,6,46.58,10,55.63,38.35,48.78,76.31,57.83,54.09,54.38,40.77,Mid-Level,3,Not Ready,0
C01720,UI/UX Designer,Bachelor's,Design,8,9,5,1,7,5,6,79.4,2,86.85,74.05,98.95,94.33,79.09,81.77,82.0,84.29,Senior,1,Intermediate,1
C01721,Python Developer,Bachelor's,Data Science,7,3,3,1,9,5,6,85.89,5,73.96,67.97,84.66,67.51,84.68,82.65,75.42,79.82,Mid-Level,1,Intermediate,0
C01722,Product Designer,Master's,Business,5,6,2,1,7,4,6,62.28,10,58.29,52.67,83.76,76.83,67.14,61.94,70.65,56.54,Mid-Level,2,Beginner,0
C01723,UI/UX Designer,Bachelor's,Design,4,5,0,1,11,5,6,78.44,5,66.26,48.06,95.05,58.11,70.22,73.49,70.75,59.21,Mid-Level,1,Beginner,1
C01724,Machine Learning Engineer,Bachelor's,Data Science,2,1,2,2,4,3,6,50.38,2,37.26,29.03,93.01,62.9,56.25,48.67,56.2,50.16,Junior,3,Beginner,0
C01725,Data Scientist,Master's,Information Technology,4,8,0,1,7,5,6,79.81,10,86.56,49.22,91.44,73.24,69.57,82.9,73.05,63.27,Mid-Level,1,Beginner,0
C01726,DevOps Engineer,Diploma,Software Engineering,2,1,1,2,10,3,6,50.0,4,38.41,31.66,80.32,39.81,42.44,43.49,48.24,45.74,Junior,3,Not Ready,0
C01727,DevOps Engineer,Bachelor's,Electronics,0,0,1,2,1,1,6,16.2,8,4.45,32.6,52.38,48.76,24.03,24.67,35.24,25.39,Fresher,5,Not Ready,0
C01728,Mobile App Developer,Bachelor's,Information Technology,3,7,4,1,9,5,6,86.05,8,78.59,49.03,87.75,79.45,90.94,85.53,82.17,77.96,Mid-Level,1,Intermediate,0
C01729,Python Developer,PhD,Computer Science,14,10,2,0,6,5,6,87.99,2,79.09,85.22,100.0,100.0,98.65,91.42,96.34,81.22,Senior,1,Intermediate,0
C01730,Full Stack Developer,Bachelor's,Software Engineering,5,5,4,0,12,4,7,58.95,4,51.52,43.05,97.96,79.69,69.64,67.5,69.6,62.23,Mid-Level,3,Beginner,1
C01731,DevOps Engineer,Bachelor's,Information Technology,1,3,2,0,5,4,6,69.14,8,56.62,34.12,92.11,69.61,76.57,67.49,67.69,55.85,Junior,2,Beginner,0
C01732,UI/UX Designer,Master's,Design,6,9,5,0,5,4,6,68.33,7,71.34,53.6,96.83,91.67,75.5,77.82,78.61,68.72,Mid-Level,2,Beginner,1
C01733,QA Engineer,Bachelor's,Business,0,0,2,3,6,1,6,19.39,6,9.13,16.83,56.07,54.44,37.4,22.13,36.9,26.93,Fresher,5,Not Ready,0
C01734,Java Developer,Master's,Computer Science,13,12,4,0,12,5,6,87.74,4,86.44,86.85,100.0,94.33,93.59,93.22,89.01,89.4,Senior,1,Intermediate,0
C01735,Cloud Engineer,Bachelor's,Software Engineering,5,5,1,1,13,5,6,87.25,8,81.21,57.74,89.47,66.25,76.46,82.37,76.56,72.34,Mid-Level,1,Beginner,1
C01736,Frontend Developer,Master's,Computer Science,4,10,1,0,12,4,6,66.03,2,67.64,45.3,100.0,85.17,77.09,70.39,75.4,57.96,Mid-Level,2,Beginner,0
C01737,Cloud Engineer,Diploma,Information Technology,1,2,4,1,11,3,6,54.84,2,43.68,25.66,81.62,53.65,51.73,56.59,51.91,49.24,Junior,3,Not Ready,0
C01738,Machine Learning Engineer,Master's,Data Science,8,6,3,1,9,5,6,83.97,2,78.37,70.84,98.28,80.7,90.33,83.28,87.18,78.39,Senior,1,Intermediate,1
C01739,Data Scientist,Bachelor's,Data Science,6,4,1,1,7,5,6,86.52,9,76.28,62.35,96.1,75.95,78.74,87.2,79.75,78.05,Mid-Level,1,Intermediate,1
C01740,Java Developer,PhD,Software Engineering,9,11,1,0,6,5,6,83.37,4,86.54,72.02,100.0,91.58,82.42,88.76,83.06,78.42,Senior,1,Intermediate,1
C01741,Product Designer,Bachelor's,Other,2,4,0,0,2,1,6,12.62,2,12.44,25.07,30.05,56.24,33.11,16.95,34.4,22.8,Junior,5,Not Ready,0
C01742,Data Analyst,Master's,Computer Science,14,8,5,0,12,5,6,85.79,3,72.81,79.79,93.14,96.28,90.82,85.0,86.67,83.75,Senior,1,Intermediate,0
C01743,Java Developer,PhD,Computer Science,5,4,5,0,4,4,6,66.01,2,52.29,49.97,99.72,94.17,81.0,67.44,76.02,63.88,Mid-Level,2,Beginner,0
C01744,Cloud Engineer,Bachelor's,Other,7,3,4,0,7,3,6,52.42,6,47.43,52.03,33.5,81.06,69.98,54.86,61.1,56.79,Mid-Level,3,Beginner,1
C01745,Mobile App Developer,Bachelor's,Software Engineering,0,2,3,1,9,2,6,33.23,10,27.35,26.87,92.79,66.46,52.51,36.43,53.3,38.15,Fresher,4,Not Ready,0
C01746,QA Engineer,Master's,Information Technology,10,11,2,0,13,5,6,79.93,7,82.73,85.94,92.63,95.6,92.23,85.54,91.47,75.44,Senior,1,Intermediate,0
C01747,Mobile App Developer,Bachelor's,Other,1,1,1,0,9,1,6,18.82,5,18.6,24.08,34.97,54.12,33.86,24.55,31.98,21.31,Junior,5,Not Ready,0
C01748,DevOps Engineer,Bachelor's,Electronics,6,9,1,0,3,3,6,45.55,5,46.78,45.58,47.45,69.02,53.15,51.12,53.98,44.95,Mid-Level,3,Not Ready,0
C01749,Product Designer,Master's,Business,7,10,4,0,10,3,6,45.86,8,51.74,52.18,76.37,86.99,61.72,51.29,65.54,49.12,Mid-Level,3,Not Ready,1
C01750,QA Engineer,Bachelor's,Computer Science,9,15,5,0,6,5,6,85.05,5,80.25,78.84,76.64,93.07,86.97,90.52,84.23,79.01,Senior,1,Intermediate,1
C01751,Data Analyst,Master's,Other,9,9,4,0,8,4,6,69.64,5,74.62,73.76,46.97,100.0,73.9,77.06,78.08,71.8,Senior,2,Beginner,1
C01752,Data Scientist,Master's,Other,5,9,1,0,9,3,6,45.07,10,45.68,42.87,45.45,78.22,56.74,55.88,55.14,47.56,Mid-Level,3,Not Ready,0
C01753,Data Analyst,Bachelor's,Computer Science,11,7,4,0,7,5,6,85.41,2,74.42,81.08,81.03,81.6,80.6,82.27,82.99,82.74,Senior,1,Intermediate,1
C01754,Mobile App Developer,Master's,Electronics,12,13,0,1,11,4,6,65.81,9,70.03,78.67,63.46,84.23,65.32,72.42,70.7,58.22,Senior,2,Beginner,1
C01755,Frontend Developer,Bachelor's,Software Engineering,6,8,3,0,5,5,6,83.75,5,78.72,58.69,92.91,84.74,83.33,80.58,78.62,74.19,Mid-Level,1,Beginner,1
C01756,Python Developer,Bachelor's,Software Engineering,3,9,5,1,12,4,6,66.74,2,73.34,41.92,91.59,84.5,77.82,66.8,75.36,67.45,Mid-Level,2,Beginner,0
C01757,QA Engineer,Bachelor's,Business,11,11,3,0,11,5,6,82.31,5,81.31,77.97,61.58,92.77,79.18,81.31,82.4,70.5,Senior,1,Beginner,0
C01758,Java Developer,Master's,Software Engineering,12,14,1,1,6,5,6,87.21,8,82.82,81.19,100.0,86.61,87.9,89.23,84.79,77.91,Senior,1,Intermediate,1
C01759,Mobile App Developer,Bachelor's,Electronics,9,13,1,1,4,4,6,64.01,2,67.17,68.39,51.29,76.2,66.11,64.48,64.62,60.47,Senior,2,Beginner,1
C01760,Python Developer,Bachelor's,Data Science,4,5,4,1,6,4,6,66.02,2,62.58,46.78,86.76,79.16,73.7,64.59,71.59,65.53,Mid-Level,2,Beginner,1
C01761,QA Engineer,Bachelor's,Software Engineering,4,10,0,0,4,4,6,70.35,6,76.28,47.12,87.79,64.26,71.54,71.21,69.04,58.73,Mid-Level,2,Beginner,0
C01762,Machine Learning Engineer,Bachelor's,Mathematics,12,11,5,0,12,5,6,85.17,2,79.89,84.66,75.09,88.81,89.18,90.16,88.81,78.71,Senior,1,Intermediate,1
C01763,Cloud Engineer,Bachelor's,Other,4,10,0,1,5,3,6,45.74,4,53.51,42.2,28.37,69.56,58.22,51.53,55.4,47.14,Mid-Level,3,Not Ready,0
C01764,Backend Developer,Master's,Data Science,3,3,1,0,6,4,6,62.35,9,54.67,38.31,68.2,61.71,62.03,63.85,59.07,54.35,Mid-Level,2,Beginner,0
C01765,Python Developer,Master's,Other,4,8,4,1,4,3,6,53.81,5,46.1,37.72,42.97,83.53,62.88,60.61,58.82,50.71,Mid-Level,3,Beginner,0
C01766,Data Scientist,Master's,Information Technology,12,6,5,1,7,5,6,81.69,9,81.23,82.12,88.86,96.38,85.13,82.57,86.86,77.92,Senior,1,Intermediate,1
C01767,Mobile App Developer,Diploma,Information Technology,6,8,2,1,12,4,6,71.28,6,66.77,51.98,82.87,60.7,72.09,70.4,65.25,62.94,Mid-Level,2,Beginner,1
C01768,Cybersecurity Analyst,Master's,Computer Science,3,6,3,0,7,4,6,68.84,5,69.98,38.28,100.0,80.85,77.86,73.54,74.55,68.52,Mid-Level,2,Beginner,1
C01769,Data Analyst,Diploma,Business,8,6,3,0,5,4,6,62.25,3,60.75,59.54,63.2,72.75,58.51,60.45,62.73,54.63,Senior,2,Beginner,0
C01770,Frontend Developer,Master's,Software Engineering,5,4,4,0,7,4,6,66.9,2,54.28,50.23,97.81,84.26,67.36,68.34,74.5,62.43,Mid-Level,2,Beginner,1
C01771,Data Analyst,PhD,Information Technology,4,8,3,0,6,4,6,69.57,6,59.88,48.63,92.52,85.94,71.34,74.36,74.66,59.79,Mid-Level,2,Beginner,0
C01772,DevOps Engineer,Bachelor's,Information Technology,4,3,1,0,8,5,6,85.47,3,73.77,46.5,85.06,59.07,71.26,76.66,68.89,62.95,Mid-Level,1,Beginner,0
C01773,Data Scientist,Master's,Information Technology,14,8,2,0,7,4,6,70.57,5,72.78,78.8,87.02,93.47,80.37,73.38,81.5,71.73,Senior,2,Beginner,1
C01774,UI/UX Designer,Master's,Information Technology,8,9,3,1,7,4,6,67.52,2,69.85,63.92,71.4,95.99,79.98,70.39,75.34,66.84,Senior,2,Beginner,1
C01775,DevOps Engineer,Bachelor's,Software Engineering,11,15,3,1,10,4,6,63.12,3,74.07,77.21,85.62,83.27,73.96,66.06,74.63,71.79,Senior,2,Beginner,1
C01776,Cloud Engineer,Master's,Information Technology,6,8,1,0,11,4,6,69.27,10,67.05,58.75,100.0,86.19,74.07,73.43,73.71,64.29,Mid-Level,2,Beginner,1
C01777,QA Engineer,Master's,Software Engineering,14,9,2,1,12,5,6,78.52,6,79.6,77.58,99.01,82.0,78.85,81.26,81.11,75.34,Senior,1,Intermediate,1
C01778,Backend Developer,Bachelor's,Software Engineering,6,9,3,0,8,4,6,65.62,4,69.33,57.57,98.28,85.05,71.14,65.73,72.22,69.75,Mid-Level,2,Beginner,1
C01779,Backend Developer,PhD,Computer Science,2,2,1,1,11,3,6,51.49,5,46.37,34.51,100.0,66.75,52.46,51.59,54.92,47.68,Junior,3,Not Ready,0
C01780,Frontend Developer,Bachelor's,Software Engineering,2,6,1,0,4,4,6,70.06,3,58.38,32.64,91.34,72.54,71.84,67.38,69.69,57.17,Junior,2,Beginner,1
C01781,Backend Developer,Bachelor's,Information Technology,6,6,0,1,7,4,6,70.59,4,68.23,53.51,90.74,66.45,76.55,70.84,72.19,63.17,Mid-Level,2,Beginner,0
C01782,Data Analyst,Bachelor's,Information Technology,6,10,0,1,11,5,6,83.41,9,81.36,57.3,78.4,81.03,79.51,85.94,78.71,72.36,Mid-Level,1,Beginner,1
C01783,Full Stack Developer,Bachelor's,Software Engineering,10,5,5,1,6,5,7,72.7,2,69.0,80.12,92.72,91.96,85.7,74.68,84.97,74.35,Senior,2,Beginner,1
C01784,Cloud Engineer,Bachelor's,Software Engineering,11,8,4,1,10,5,6,79.95,6,73.52,82.16,85.78,94.58,78.14,78.54,83.81,79.12,Senior,1,Intermediate,1
C01785,QA Engineer,Bachelor's,Information Technology,5,10,1,1,10,4,6,63.92,3,65.97,50.29,82.29,68.8,68.07,64.66,68.58,57.46,Mid-Level,2,Beginner,0
C01786,Mobile App Developer,Master's,Computer Science,8,8,0,0,12,5,6,83.25,9,81.53,69.04,96.46,80.38,79.2,82.67,79.95,74.94,Senior,1,Beginner,1
C01787,Cybersecurity Analyst,Diploma,Electronics,8,10,3,1,7,4,6,65.08,8,61.84,61.62,57.2,82.97,71.16,64.08,67.6,57.31,Senior,2,Beginner,1
C01788,Mobile App Developer,Bachelor's,Information Technology,6,3,2,0,11,4,6,69.71,8,54.96,58.22,89.58,68.43,73.89,71.07,70.16,63.88,Mid-Level,2,Beginner,1
C01789,Data Scientist,Bachelor's,Mathematics,6,8,5,0,7,3,6,49.83,2,58.54,54.12,73.23,79.55,68.16,55.23,62.27,61.9,Mid-Level,3,Beginner,0
C01790,Machine Learning Engineer,Diploma,Data Science,7,7,5,1,4,4,6,71.44,8,57.62,58.53,84.62,79.92,68.72,70.54,70.44,67.08,Mid-Level,2,Beginner,1
C01791,Frontend Developer,Bachelor's,Computer Science,11,6,1,1,10,5,6,86.31,9,69.78,80.72,85.73,80.94,85.63,85.64,82.4,74.24,Senior,1,Beginner,0
C01792,Data Analyst,Bachelor's,Business,4,6,0,1,5,4,6,62.9,6,61.81,43.17,74.49,70.81,62.17,65.19,64.96,58.76,Mid-Level,2,Beginner,0
C01793,Cybersecurity Analyst,Bachelor's,Computer Science,9,10,4,0,6,5,6,81.12,3,75.16,74.28,87.8,98.0,90.57,83.76,90.27,74.36,Senior,1,Beginner,0
C01794,QA Engineer,Bachelor's,Computer Science,10,12,1,0,6,5,6,79.33,7,78.91,84.99,71.6,85.93,84.46,81.21,81.1,75.67,Senior,1,Intermediate,0
C01795,DevOps Engineer,Diploma,Software Engineering,2,4,2,0,5,3,6,46.91,4,51.08,32.16,81.6,53.69,47.96,50.17,51.56,46.62,Junior,3,Not Ready,0
C01796,Mobile App Developer,PhD,Information Technology,9,12,1,0,5,5,6,83.77,10,84.85,77.92,95.55,97.91,93.91,89.46,88.1,77.67,Senior,1,Intermediate,1
C01797,Data Scientist,Bachelor's,Information Technology,6,5,0,0,7,4,6,67.27,7,59.85,51.15,77.87,72.77,61.65,63.39,67.84,62.39,Mid-Level,2,Beginner,1
C01798,Cybersecurity Analyst,Diploma,Computer Science,2,5,2,0,9,4,6,69.75,9,61.9,30.79,77.37,48.83,63.18,60.79,60.76,53.42,Junior,2,Beginner,1
C01799,Data Scientist,Bachelor's,Information Technology,4,9,5,1,10,4,6,69.33,6,68.19,49.21,75.86,85.25,82.45,76.68,76.75,62.6,Mid-Level,2,Beginner,1
C01800,Backend Developer,PhD,Information Technology,7,9,3,0,12,4,6,69.36,7,63.06,64.34,100.0,97.55,77.02,74.02,80.11,68.6,Mid-Level,2,Beginner,1
C01801,Backend Developer,Bachelor's,Software Engineering,0,1,0,3,10,3,6,53.2,6,41.78,26.58,92.31,56.26,51.53,55.26,51.35,43.92,Fresher,3,Not Ready,0
C01802,Full Stack Developer,Master's,Information Technology,2,6,5,0,10,4,7,60.68,7,62.05,34.36,99.9,80.65,61.82,63.9,67.68,62.7,Junior,3,Beginner,0
C01803,Cybersecurity Analyst,Diploma,Information Technology,0,1,0,1,2,2,6,30.34,4,34.57,28.96,84.97,34.53,30.69,32.92,34.53,32.44,Fresher,4,Not Ready,0
C01804,Data Analyst,Bachelor's,Other,3,4,1,0,3,3,6,54.75,6,51.53,37.91,38.55,63.79,56.86,59.74,51.48,41.68,Mid-Level,3,Not Ready,0
C01805,Java Developer,Diploma,Other,5,5,3,1,4,3,6,48.28,9,50.67,41.94,23.18,68.33,61.17,49.79,50.31,43.01,Mid-Level,3,Not Ready,0
C01806,Data Analyst,Diploma,Business,7,3,5,1,3,3,6,53.84,7,40.53,56.77,59.53,76.04,63.12,57.02,64.92,53.11,Mid-Level,3,Beginner,0
C01807,Java Developer,Bachelor's,Electronics,9,6,3,0,10,3,6,50.86,10,50.51,61.23,54.29,77.96,60.75,54.85,63.42,55.04,Senior,3,Beginner,1
C01808,Data Scientist,Master's,Other,12,15,4,0,8,3,6,54.85,4,55.45,70.02,47.14,100.0,72.54,66.72,74.64,61.69,Senior,3,Beginner,1
C01809,DevOps Engineer,Diploma,Computer Science,2,3,5,0,5,4,6,68.6,5,58.82,30.85,73.67,60.41,65.3,64.07,58.61,58.82,Junior,2,Beginner,0
C01810,Cybersecurity Analyst,Bachelor's,Electronics,6,7,5,1,7,4,6,66.4,3,69.55,50.84,74.27,78.03,70.67,69.61,68.38,62.81,Mid-Level,2,Beginner,0
C01811,Machine Learning Engineer,Diploma,Other,6,7,3,1,4,2,6,37.5,4,30.91,42.73,22.38,76.44,45.15,46.69,50.64,39.17,Mid-Level,4,Not Ready,0
C01812,DevOps Engineer,PhD,Electronics,14,12,3,1,8,3,6,50.73,9,65.48,67.33,69.83,100.0,67.27,59.3,69.57,56.67,Senior,3,Beginner,0
C01813,UI/UX Designer,Bachelor's,Design,4,4,2,1,12,4,6,65.4,7,67.13,43.54,98.54,74.62,66.57,68.92,70.83,60.14,Mid-Level,2,Beginner,0
C01814,UI/UX Designer,Bachelor's,Design,11,6,3,0,11,5,6,88.13,4,74.92,88.8,99.38,79.06,82.93,87.75,85.89,77.77,Senior,1,Intermediate,1
C01815,Python Developer,Master's,Information Technology,1,5,5,2,5,3,6,45.88,2,47.42,30.22,100.0,76.4,58.59,53.95,58.79,47.36,Junior,3,Not Ready,0
C01816,Mobile App Developer,Bachelor's,Computer Science,6,3,3,0,10,4,6,63.74,9,55.4,51.97,90.41,68.92,71.72,61.23,67.9,66.15,Mid-Level,2,Beginner,1
C01817,Backend Developer,Master's,Information Technology,14,7,2,0,5,4,6,68.13,7,65.94,75.28,96.1,93.15,73.42,72.74,79.34,72.12,Senior,2,Beginner,1
C01818,Cybersecurity Analyst,Master's,Information Technology,6,9,3,1,6,4,6,65.16,7,69.71,59.15,100.0,85.76,75.52,69.67,73.39,66.78,Mid-Level,2,Beginner,1
C01819,Full Stack Developer,PhD,Information Technology,2,6,4,2,6,5,7,71.85,8,62.02,32.51,96.92,83.25,68.76,73.58,73.46,64.07,Junior,2,Beginner,1
C01820,Data Analyst,Diploma,Computer Science,7,5,5,0,9,4,6,70.61,10,55.73,62.3,74.59,73.22,76.94,68.45,71.26,69.92,Mid-Level,2,Beginner,0
C01821,Mobile App Developer,Bachelor's,Computer Science,10,10,3,0,9,5,6,88.06,6,83.59,84.79,93.57,84.71,78.95,88.92,84.96,83.93,Senior,1,Intermediate,1
C01822,UI/UX Designer,PhD,Computer Science,4,8,5,0,5,3,6,47.87,9,51.63,35.35,88.73,100.0,76.61,59.27,69.28,52.77,Mid-Level,3,Beginner,0
C01823,DevOps Engineer,Diploma,Information Technology,5,3,1,1,7,3,6,52.18,5,42.45,46.1,76.99,62.58,59.47,54.18,59.83,52.24,Mid-Level,3,Beginner,0
C01824,QA Engineer,Bachelor's,Business,9,9,1,1,11,4,6,71.08,7,63.33,76.49,64.27,74.33,79.97,67.58,72.56,65.98,Senior,2,Beginner,1
C01825,Python Developer,Bachelor's,Software Engineering,6,6,0,1,7,4,6,71.35,5,66.87,54.58,92.24,61.56,69.75,66.2,66.62,66.92,Mid-Level,2,Beginner,0
C01826,Product Designer,Bachelor's,Computer Science,2,3,0,2,5,2,6,31.96,3,29.7,25.96,63.96,55.57,45.93,39.27,45.44,38.06,Junior,4,Not Ready,0
C01827,DevOps Engineer,Bachelor's,Electronics,8,7,1,1,8,3,6,47.78,9,47.35,54.08,47.24,70.45,49.86,56.2,57.44,47.32,Senior,3,Not Ready,0
C01828,Data Analyst,Bachelor's,Business,7,5,5,1,8,4,6,62.34,5,55.09,53.88,68.09,79.95,62.34,63.22,64.64,64.84,Mid-Level,2,Beginner,0
C01829,Mobile App Developer,Bachelor's,Software Engineering,3,5,3,1,8,5,6,82.2,2,80.18,40.7,93.4,68.27,78.38,78.09,73.7,67.29,Mid-Level,1,Beginner,1
C01830,Data Analyst,Bachelor's,Computer Science,1,5,2,0,6,3,6,51.86,10,43.32,29.55,88.36,60.75,63.02,55.29,56.89,45.83,Junior,3,Not Ready,0
C01831,Cloud Engineer,Bachelor's,Information Technology,7,8,0,1,6,4,6,68.87,3,60.41,59.05,93.22,71.6,74.32,70.67,70.73,61.86,Mid-Level,2,Beginner,1
C01832,Backend Developer,Bachelor's,Information Technology,4,7,0,1,6,4,6,67.46,7,58.16,42.43,88.1,64.75,66.63,66.99,66.41,54.15,Mid-Level,2,Beginner,1
C01833,Full Stack Developer,Bachelor's,Information Technology,12,12,4,0,10,6,7,88.77,2,84.63,88.78,92.47,96.27,84.32,93.54,91.55,85.67,Senior,1,Intermediate,1
C01834,Cybersecurity Analyst,PhD,Information Technology,7,6,3,0,4,4,6,66.28,6,55.08,60.73,97.94,85.45,76.91,73.33,75.59,69.62,Mid-Level,2,Beginner,0
C01835,Python Developer,Master's,Data Science,13,13,1,0,10,5,6,81.32,4,83.05,84.91,98.11,85.28,84.38,78.5,85.11,83.29,Senior,1,Intermediate,0
C01836,Machine Learning Engineer,Master's,Mathematics,10,14,1,1,13,5,6,80.13,5,82.08,83.31,85.17,90.31,79.05,85.08,82.18,71.74,Senior,1,Beginner,1
C01837,QA Engineer,Diploma,Information Technology,0,0,1,3,4,2,6,36.85,7,15.85,28.11,69.43,44.1,37.2,40.56,41.8,34.77,Fresher,4,Not Ready,0
C01838,Mobile App Developer,Bachelor's,Information Technology,12,13,2,0,13,5,6,79.96,9,92.31,77.23,88.42,87.6,81.03,84.64,82.16,78.96,Senior,1,Intermediate,1
C01839,Data Scientist,Bachelor's,Computer Science,12,8,4,0,6,5,6,84.9,6,79.92,85.12,89.88,95.9,83.19,82.72,86.62,77.31,Senior,1,Intermediate,1
C01840,Cybersecurity Analyst,Bachelor's,Electronics,9,5,4,0,13,5,6,88.05,9,80.22,77.36,66.18,79.09,79.29,86.7,80.15,74.7,Senior,1,Beginner,0
C01841,Frontend Developer,Master's,Computer Science,10,10,5,1,9,5,6,87.23,2,81.99,81.79,98.48,95.89,84.29,92.14,86.49,81.24,Senior,1,Intermediate,1
C01842,UI/UX Designer,Master's,Design,8,10,4,0,8,5,6,84.07,4,80.22,69.54,97.82,98.76,97.53,85.49,87.54,75.94,Senior,1,Intermediate,1
C01843,Cybersecurity Analyst,Bachelor's,Business,5,8,1,0,4,3,6,54.08,5,58.17,45.97,52.88,69.43,60.33,57.17,58.8,47.34,Mid-Level,3,Not Ready,0
C01844,Cloud Engineer,Bachelor's,Software Engineering,9,14,2,1,9,5,6,82.68,5,82.03,76.6,93.75,80.1,74.31,83.92,78.42,80.85,Senior,1,Intermediate,0
C01845,Cybersecurity Analyst,Bachelor's,Electronics,8,7,4,1,7,4,6,69.87,7,60.77,67.3,74.88,90.01,71.09,72.38,76.75,68.24,Senior,2,Beginner,1
C01846,Mobile App Developer,Bachelor's,Information Technology,9,14,2,1,9,5,6,81.78,5,83.61,75.44,87.07,79.63,88.32,77.89,84.93,76.4,Senior,1,Intermediate,0
C01847,UI/UX Designer,Bachelor's,Information Technology,5,9,2,1,7,4,6,66.34,5,59.72,54.71,69.19,75.9,71.98,67.76,67.61,56.29,Mid-Level,2,Beginner,0
C01848,Mobile App Developer,Master's,Computer Science,4,9,2,1,8,4,6,70.47,4,62.31,48.75,96.83,76.58,67.99,70.48,70.11,66.86,Mid-Level,2,Beginner,1
C01849,Data Analyst,Bachelor's,Information Technology,1,3,3,1,8,4,6,62.8,9,53.16,33.88,84.63,59.83,55.93,61.42,55.48,55.99,Junior,2,Beginner,0
C01850,Cloud Engineer,Diploma,Information Technology,7,4,0,1,9,5,6,82.6,2,70.37,66.06,84.98,54.5,69.54,73.93,70.14,67.86,Mid-Level,1,Beginner,0
C01851,Full Stack Developer,Bachelor's,Information Technology,12,15,3,0,6,6,7,81.3,9,83.03,82.01,94.48,82.02,84.67,77.06,85.18,81.89,Senior,1,Intermediate,1
C01852,DevOps Engineer,Master's,Computer Science,6,9,5,0,5,4,6,63.03,2,64.27,53.83,99.43,99.98,71.23,70.2,73.95,67.25,Mid-Level,2,Beginner,0
C01853,Frontend Developer,Bachelor's,Information Technology,12,9,2,0,10,5,6,79.97,5,85.71,76.34,86.32,82.82,88.78,76.65,80.59,79.58,Senior,1,Intermediate,0
C01854,Java Developer,Master's,Computer Science,2,5,2,0,10,3,6,47.65,2,46.72,33.63,100.0,71.75,64.15,50.11,59.37,51.79,Junior,3,Beginner,0
C01855,Backend Developer,Diploma,Software Engineering,1,5,1,2,5,3,6,52.47,7,52.43,22.46,85.52,54.18,57.14,50.31,52.66,51.88,Junior,3,Beginner,0
C01856,Product Designer,Bachelor's,Design,4,10,0,0,12,4,6,71.16,9,70.07,47.6,93.03,73.0,73.45,68.13,71.65,62.0,Mid-Level,2,Beginner,0
C01857,Cybersecurity Analyst,Bachelor's,Other,12,5,3,0,6,3,6,54.66,9,41.04,65.74,32.32,77.88,65.08,60.23,64.15,53.85,Senior,3,Beginner,0
C01858,Data Scientist,Master's,Computer Science,11,7,0,0,10,5,6,79.95,2,75.57,76.4,97.13,74.56,71.49,79.73,76.13,68.7,Senior,1,Beginner,1
C01859,Python Developer,Master's,Information Technology,6,3,1,0,5,4,6,62.65,5,64.8,58.65,98.37,79.16,73.71,61.15,72.77,59.01,Mid-Level,2,Beginner,0
C01860,QA Engineer,Master's,Other,11,10,3,1,9,4,6,66.89,3,68.64,74.79,43.86,96.17,85.53,73.7,79.89,70.16,Senior,2,Beginner,0
C01861,Cloud Engineer,Bachelor's,Software Engineering,0,1,3,3,9,2,6,29.15,9,26.21,11.21,94.94,63.65,48.41,37.53,46.89,37.75,Fresher,4,Not Ready,0
C01862,Machine Learning Engineer,Diploma,Other,8,7,5,0,4,3,6,51.65,10,51.0,63.67,20.55,82.18,58.25,62.58,61.05,52.4,Senior,3,Beginner,0
C01863,Product Designer,Diploma,Information Technology,3,10,4,1,9,3,6,50.45,6,55.84,38.36,53.74,67.49,63.48,54.59,57.12,47.77,Mid-Level,3,Not Ready,0
C01864,Java Developer,Master's,Electronics,1,2,4,0,6,2,6,31.36,4,35.44,20.28,59.89,74.2,51.44,37.79,45.45,34.48,Junior,4,Not Ready,0
C01865,Java Developer,Bachelor's,Computer Science,6,4,5,0,7,4,6,71.28,6,63.56,61.04,88.2,82.33,74.99,73.18,74.59,66.53,Mid-Level,2,Beginner,0
C01866,Data Scientist,Bachelor's,Information Technology,10,5,5,1,9,5,6,81.92,3,77.64,86.48,80.78,85.66,89.84,85.88,86.23,82.62,Senior,1,Intermediate,0
C01867,Data Scientist,PhD,Data Science,15,15,1,1,12,5,6,81.63,7,85.54,85.82,100.0,92.32,93.71,84.7,87.75,77.44,Senior,1,Intermediate,1
C01868,QA Engineer,Diploma,Software Engineering,2,1,4,1,7,3,6,49.33,10,45.5,27.99,74.59,52.53,48.49,45.67,49.75,48.03,Junior,3,Not Ready,0
C01869,Mobile App Developer,Bachelor's,Information Technology,6,9,0,0,9,4,6,67.24,10,64.37,58.17,89.16,67.09,69.09,67.27,67.33,64.02,Mid-Level,2,Beginner,0
C01870,DevOps Engineer,Bachelor's,Software Engineering,10,13,2,0,13,5,6,88.06,5,88.24,79.64,93.74,86.48,82.86,83.69,85.86,82.85,Senior,1,Intermediate,1
C01871,Python Developer,Bachelor's,Software Engineering,9,13,3,1,11,5,6,81.24,8,84.29,77.58,93.5,81.36,74.77,82.86,80.6,76.4,Senior,1,Intermediate,1
C01872,Data Scientist,Bachelor's,Mathematics,6,7,2,0,11,4,6,68.69,4,56.79,53.08,76.7,72.54,65.37,72.22,68.17,61.34,Mid-Level,2,Beginner,0
C01873,Frontend Developer,Bachelor's,Information Technology,7,9,0,1,7,4,6,68.03,9,71.5,63.2,87.87,73.04,72.76,68.59,74.42,61.27,Mid-Level,2,Beginner,1
C01874,Machine Learning Engineer,Bachelor's,Data Science,6,5,1,0,4,3,6,52.99,2,42.02,55.27,91.87,72.98,56.99,57.9,63.42,56.43,Mid-Level,3,Beginner,1
C01875,DevOps Engineer,Master's,Computer Science,14,12,5,0,8,5,6,78.74,6,77.77,75.68,97.14,100.0,92.69,81.79,86.19,82.18,Senior,1,Intermediate,0
C01876,Product Designer,Master's,Information Technology,9,9,5,1,10,4,6,61.82,5,69.95,71.55,67.31,96.46,76.17,71.29,77.75,68.93,Senior,2,Beginner,1
C01877,Mobile App Developer,PhD,Other,6,4,2,1,10,3,6,52.06,2,48.61,47.89,41.04,73.09,54.67,55.66,54.12,51.81,Mid-Level,3,Beginner,0
C01878,Machine Learning Engineer,Diploma,Computer Science,2,3,1,0,11,4,6,69.7,6,64.96,40.4,84.98,49.06,57.45,68.15,57.4,60.91,Junior,2,Beginner,0
C01879,Mobile App Developer,Master's,Information Technology,11,15,4,1,12,5,6,83.97,9,93.76,87.15,97.67,100.0,94.08,90.05,92.99,83.01,Senior,1,Intermediate,0
C01880,Frontend Developer,Master's,Software Engineering,14,9,1,0,12,5,6,84.48,2,79.33,83.34,96.59,83.0,77.43,83.86,83.93,72.65,Senior,1,Beginner,1
C01881,Data Scientist,Bachelor's,Data Science,2,3,4,1,11,3,6,46.39,2,39.43,30.14,98.03,63.85,46.98,47.86,55.42,46.35,Junior,3,Not Ready,0
C01882,QA Engineer,Bachelor's,Software Engineering,12,15,3,1,9,4,6,67.94,5,71.65,77.31,80.1,92.4,79.79,71.25,79.82,69.44,Senior,2,Beginner,1
C01883,Product Designer,Bachelor's,Design,6,9,3,1,10,4,6,68.54,8,64.76,59.05,98.76,76.3,78.11,69.5,75.81,70.82,Mid-Level,2,Beginner,1
C01884,Full Stack Developer,Bachelor's,Other,6,9,2,0,3,2,7,26.14,8,34.14,46.01,33.59,74.02,51.12,33.3,50.9,37.17,Mid-Level,5,Not Ready,0
C01885,Frontend Developer,Diploma,Computer Science,4,7,4,0,10,4,6,69.34,10,59.4,47.08,84.69,71.58,65.72,73.72,68.2,66.1,Mid-Level,2,Beginner,1
C01886,Full Stack Developer,Diploma,Computer Science,0,1,2,0,10,4,7,60.8,6,48.55,26.32,78.66,44.39,50.05,57.4,48.92,49.0,Fresher,3,Not Ready,0
C01887,Data Analyst,Master's,Other,9,7,5,0,4,4,6,65.21,4,68.83,73.86,49.23,96.93,73.28,66.95,72.74,71.23,Senior,2,Beginner,1
C01888,Data Analyst,Master's,Computer Science,14,13,1,0,13,5,6,78.57,8,82.16,81.66,94.36,82.74,84.48,78.05,85.04,72.32,Senior,1,Beginner,0
C01889,Data Scientist,Bachelor's,Mathematics,10,7,2,0,4,4,6,68.32,7,70.78,70.86,70.21,85.82,77.66,69.75,75.57,62.37,Senior,2,Beginner,0
C01890,Backend Developer,Bachelor's,Data Science,9,15,4,0,11,4,6,67.53,4,79.31,72.37,58.09,96.29,74.27,71.85,79.07,73.41,Senior,2,Beginner,1
C01891,Python Developer,Diploma,Information Technology,5,9,1,1,4,4,6,66.08,4,68.73,48.13,84.0,69.6,60.98,62.2,64.81,54.9,Mid-Level,2,Beginner,0
C01892,Frontend Developer,Master's,Computer Science,11,8,3,0,11,5,6,81.36,7,71.39,84.96,100.0,89.55,86.51,87.0,88.84,76.02,Senior,1,Intermediate,1
C01893,Machine Learning Engineer,Bachelor's,Mathematics,12,15,3,1,5,5,6,79.61,8,87.79,81.01,79.92,95.06,92.11,82.24,86.57,79.21,Senior,1,Intermediate,1
C01894,Cybersecurity Analyst,PhD,Electronics,10,11,2,0,12,4,6,66.98,7,71.87,75.99,86.4,90.84,69.06,70.13,76.33,63.69,Senior,2,Beginner,1
C01895,Frontend Developer,Bachelor's,Electronics,3,8,3,1,4,2,6,28.9,2,38.38,35.31,46.89,67.66,43.01,40.92,44.19,32.56,Mid-Level,4,Not Ready,0
C01896,Machine Learning Engineer,Bachelor's,Data Science,5,4,5,0,4,4,6,70.03,2,65.3,47.62,90.49,74.9,73.5,69.61,72.86,68.57,Mid-Level,2,Beginner,0
C01897,Cybersecurity Analyst,Bachelor's,Computer Science,4,7,4,1,4,4,6,63.45,4,58.6,44.77,91.16,73.32,75.24,64.64,66.41,58.38,Mid-Level,2,Beginner,0
C01898,Full Stack Developer,PhD,Information Technology,15,10,3,0,7,6,7,85.16,4,82.54,85.29,100.0,96.88,95.67,82.79,91.86,83.45,Senior,1,Intermediate,0
C01899,Product Designer,Bachelor's,Computer Science,6,6,4,1,7,4,6,68.54,4,66.71,54.03,62.38,87.99,81.9,70.03,72.12,63.04,Mid-Level,2,Beginner,0
C01900,Product Designer,Master's,Business,12,7,1,0,6,5,6,81.05,8,78.66,77.56,77.83,86.45,77.5,83.81,81.56,76.14,Senior,1,Intermediate,0
C01901,Java Developer,Master's,Other,1,2,2,0,4,2,6,35.85,10,32.26,26.76,39.22,69.09,51.25,45.46,46.68,31.77,Junior,4,Not Ready,0
C01902,Full Stack Developer,Bachelor's,Information Technology,9,10,3,1,10,5,7,70.26,9,77.08,66.61,90.43,87.02,73.62,73.38,76.19,74.37,Senior,2,Beginner,0
C01903,Cybersecurity Analyst,Bachelor's,Business,0,0,2,0,8,2,6,30.11,6,10.63,22.48,45.44,50.01,43.48,30.23,38.89,29.4,Fresher,4,Not Ready,0
C01904,QA Engineer,Bachelor's,Information Technology,6,5,3,0,7,4,6,62.95,9,64.94,54.87,81.91,68.15,69.24,65.41,69.29,63.05,Mid-Level,2,Beginner,1
C01905,Data Scientist,Bachelor's,Data Science,5,4,2,1,7,4,6,68.74,3,54.54,46.39,91.58,76.09,67.41,68.66,67.86,59.49,Mid-Level,2,Beginner,0
C01906,Frontend Developer,Master's,Computer Science,9,9,3,0,12,5,6,81.86,7,87.86,71.45,97.99,91.25,80.03,79.18,84.99,80.15,Senior,1,Intermediate,0
C01907,Python Developer,Bachelor's,Software Engineering,10,9,2,1,5,5,6,84.3,4,82.82,80.62,92.0,83.54,83.13,86.89,83.24,75.13,Senior,1,Intermediate,1
C01908,UI/UX Designer,Bachelor's,Information Technology,8,14,0,0,7,4,6,68.75,10,71.99,70.65,68.9,79.72,78.96,71.03,76.95,68.6,Senior,2,Beginner,0
C01909,Data Scientist,Bachelor's,Mathematics,6,5,5,0,12,4,6,64.26,6,58.51,49.76,78.94,82.96,69.7,66.87,71.9,65.89,Mid-Level,2,Beginner,1
C01910,Java Developer,Bachelor's,Information Technology,9,7,3,1,10,5,6,81.87,7,70.81,74.4,90.43,85.57,80.46,81.92,79.49,80.1,Senior,1,Intermediate,0
C01911,Backend Developer,Diploma,Software Engineering,7,8,5,0,13,5,6,86.06,10,81.88,68.56,81.39,81.76,85.5,89.13,80.41,76.2,Mid-Level,1,Intermediate,1
C01912,UI/UX Designer,Bachelor's,Design,5,5,0,1,6,4,6,70.25,10,53.27,48.89,90.03,71.62,77.22,70.71,71.43,58.75,Mid-Level,2,Beginner,0
C01913,Mobile App Developer,Master's,Computer Science,3,5,3,0,4,4,6,68.01,10,54.49,41.1,100.0,79.88,68.52,68.32,70.68,65.91,Mid-Level,2,Beginner,0
C01914,Data Scientist,PhD,Mathematics,8,15,3,1,13,5,6,79.23,7,83.47,68.62,85.58,100.0,81.22,84.01,81.0,76.88,Senior,1,Intermediate,1
C01915,Python Developer,Diploma,Information Technology,3,6,5,1,7,5,6,79.4,3,71.34,47.74,75.08,69.97,79.15,79.03,69.67,70.4,Mid-Level,1,Beginner,1
C01916,Mobile App Developer,Bachelor's,Software Engineering,2,1,4,1,6,3,6,46.19,6,34.05,32.96,97.98,59.81,45.68,52.84,54.28,52.17,Junior,3,Beginner,0
C01917,Cybersecurity Analyst,Bachelor's,Computer Science,9,10,4,1,11,5,6,79.49,5,75.7,77.32,85.72,90.41,85.74,85.46,85.52,76.72,Senior,1,Intermediate,1
C01918,Python Developer,Bachelor's,Computer Science,10,12,1,0,12,5,6,78.56,7,85.46,80.39,88.09,83.94,76.55,80.21,82.17,72.42,Senior,1,Beginner,1
C01919,Cybersecurity Analyst,Bachelor's,Business,3,6,4,0,3,3,6,53.71,6,43.72,33.08,45.74,70.08,60.79,61.69,54.82,52.57,Mid-Level,3,Beginner,0
C01920,Cybersecurity Analyst,Master's,Computer Science,11,7,4,0,13,5,6,78.9,9,84.34,78.53,97.01,92.36,82.37,83.26,87.73,80.15,Senior,1,Intermediate,1
C01921,Cloud Engineer,Diploma,Software Engineering,1,2,4,1,9,3,6,53.86,4,41.21,24.98,81.79,52.65,51.39,51.66,49.92,43.72,Junior,3,Not Ready,0
C01922,Machine Learning Engineer,Diploma,Mathematics,3,10,2,0,4,4,6,62.32,10,69.34,38.87,70.02,66.69,60.66,64.82,60.27,54.32,Mid-Level,2,Beginner,0
C01923,QA Engineer,Master's,Information Technology,4,10,5,0,12,5,6,87.54,5,82.26,54.79,87.15,86.03,79.71,85.51,81.61,80.46,Mid-Level,1,Intermediate,1
C01924,Cybersecurity Analyst,PhD,Computer Science,10,5,3,0,8,4,6,67.71,4,68.29,70.98,100.0,87.04,71.36,69.95,74.44,73.51,Senior,2,Beginner,1
C01925,QA Engineer,Bachelor's,Computer Science,9,14,0,0,11,4,6,67.53,9,79.53,74.14,75.28,83.48,67.12,67.74,74.13,65.05,Senior,2,Beginner,0
C01926,Product Designer,Bachelor's,Computer Science,8,9,1,0,13,5,6,79.37,5,76.64,71.94,60.38,80.59,86.92,82.57,78.89,67.92,Senior,1,Beginner,1
C01927,Product Designer,Bachelor's,Business,11,9,0,0,10,5,6,84.39,2,80.6,78.7,65.18,73.0,72.71,81.12,74.87,72.94,Senior,1,Beginner,1
C01928,Mobile App Developer,Bachelor's,Information Technology,10,15,1,0,9,5,6,87.86,6,80.05,82.65,94.39,83.2,79.74,82.64,84.11,80.71,Senior,1,Intermediate,0
C01929,Frontend Developer,Bachelor's,Information Technology,11,11,1,1,7,5,6,87.4,7,88.86,81.71,90.16,78.09,90.94,82.56,87.23,79.24,Senior,1,Intermediate,1
C01930,Frontend Developer,Bachelor's,Information Technology,9,15,0,0,9,5,6,87.95,3,94.29,81.48,92.07,79.51,88.67,89.86,85.38,81.53,Senior,1,Intermediate,1
C01931,Cybersecurity Analyst,Bachelor's,Business,8,8,5,0,4,3,6,47.08,8,51.3,57.35,47.08,95.46,68.31,60.31,64.02,58.25,Senior,3,Beginner,0
C01932,Data Scientist,Diploma,Information Technology,2,2,4,0,8,4,6,62.46,4,57.65,29.21,74.15,60.09,61.11,60.46,58.48,50.34,Junior,2,Beginner,0
C01933,Cloud Engineer,Diploma,Information Technology,0,1,0,0,4,3,6,48.77,2,38.42,33.37,83.31,47.48,48.61,52.35,52.08,42.78,Fresher,3,Not Ready,0
C01934,Frontend Developer,Diploma,Information Technology,6,9,2,1,7,5,6,83.94,5,82.85,57.14,76.13,67.93,84.76,79.35,77.61,68.57,Mid-Level,1,Beginner,1
C01935,Data Analyst,Bachelor's,Business,1,5,5,0,2,2,6,30.23,9,29.68,19.98,74.5,66.59,45.33,37.79,48.05,42.26,Junior,4,Not Ready,0
C01936,Product Designer,Master's,Business,2,1,1,0,9,2,6,37.62,4,30.85,30.7,79.14,60.92,40.77,44.47,49.29,40.37,Junior,4,Not Ready,0
C01937,UI/UX Designer,PhD,Design,2,4,5,0,9,3,6,47.6,8,38.77,32.23,99.06,90.12,72.44,59.19,67.09,55.55,Junior,3,Beginner,1
C01938,UI/UX Designer,Bachelor's,Information Technology,1,5,4,1,10,3,6,48.86,9,47.92,29.06,66.76,68.71,57.94,56.93,57.77,45.3,Junior,3,Not Ready,0
C01939,Full Stack Developer,Bachelor's,Information Technology,2,4,1,2,11,3,7,41.33,8,45.19,29.63,92.97,61.56,50.69,42.57,52.29,39.11,Junior,4,Not Ready,0
C01940,Java Developer,Bachelor's,Software Engineering,12,7,4,1,6,5,6,82.14,3,69.28,83.3,92.52,80.66,75.27,83.32,82.8,75.45,Senior,1,Intermediate,1
C01941,DevOps Engineer,Master's,Other,8,13,3,0,6,3,6,53.1,9,61.0,59.49,44.75,95.4,74.31,61.53,70.87,54.21,Senior,3,Beginner,0
C01942,Machine Learning Engineer,Bachelor's,Other,0,0,1,2,6,1,6,18.02,5,12.48,19.76,31.33,56.31,40.89,22.36,34.36,18.45,Fresher,5,Not Ready,0
C01943,Python Developer,Bachelor's,Software Engineering,5,9,0,0,11,4,6,63.94,6,71.28,47.42,99.63,74.01,64.1,70.23,68.62,62.96,Mid-Level,2,Beginner,0
C01944,Data Scientist,Bachelor's,Information Technology,0,1,2,3,8,2,6,30.96,10,29.45,10.83,82.06,58.58,36.73,32.89,42.14,30.7,Fresher,4,Not Ready,0
C01945,Backend Developer,Bachelor's,Software Engineering,5,5,0,0,4,4,6,71.3,10,58.47,48.96,97.4,65.14,69.68,68.36,68.45,58.94,Mid-Level,2,Beginner,0
C01946,Product Designer,Bachelor's,Business,5,8,1,0,5,4,6,64.47,9,63.86,46.71,65.37,76.97,71.16,64.03,65.24,60.64,Mid-Level,2,Beginner,0
C01947,Cloud Engineer,Bachelor's,Software Engineering,2,4,2,0,3,3,6,49.61,2,52.4,33.83,87.2,59.55,55.43,55.3,54.69,51.79,Junior,3,Beginner,1
C01948,Machine Learning Engineer,Diploma,Mathematics,5,10,2,1,8,5,6,84.1,4,76.64,52.83,66.27,62.16,75.54,75.41,68.34,67.65,Mid-Level,1,Beginner,0
C01949,Backend Developer,Bachelor's,Software Engineering,8,13,2,0,12,4,6,62.47,8,65.81,58.78,94.23,86.94,67.83,71.76,72.47,62.43,Senior,2,Beginner,0
C01950,UI/UX Designer,Master's,Computer Science,1,3,1,2,6,4,6,65.89,3,62.77,33.24,78.8,60.15,60.22,66.52,57.71,52.04,Junior,2,Beginner,0
C01951,Mobile App Developer,Bachelor's,Electronics,3,3,1,1,10,3,6,53.28,6,45.2,32.79,45.69,62.87,54.36,52.4,51.91,45.71,Mid-Level,3,Not Ready,0
C01952,Cybersecurity Analyst,Master's,Electronics,9,5,3,1,8,5,6,88.19,9,70.89,82.59,81.45,86.27,92.05,86.95,87.7,75.12,Senior,1,Intermediate,1
C01953,Cybersecurity Analyst,Master's,Business,12,8,3,0,6,4,6,63.53,2,57.83,72.55,63.65,87.22,73.99,67.48,74.34,63.54,Senior,2,Beginner,0
C01954,Cybersecurity Analyst,Master's,Computer Science,4,8,5,0,12,4,6,66.03,7,72.73,43.64,98.65,90.46,74.51,75.43,76.53,66.62,Mid-Level,2,Beginner,1
C01955,Product Designer,Diploma,Business,4,8,4,0,6,4,6,65.26,4,60.85,43.89,64.15,72.46,60.67,65.84,64.5,56.87,Mid-Level,2,Beginner,1
C01956,Backend Developer,Bachelor's,Information Technology,2,5,1,1,6,4,6,67.33,6,67.26,39.58,94.02,69.83,60.38,72.17,62.55,54.06,Junior,2,Beginner,0
C01957,Machine Learning Engineer,Bachelor's,Information Technology,3,8,1,0,6,4,6,61.92,10,64.96,41.43,84.42,65.97,59.02,60.29,60.21,56.89,Mid-Level,2,Beginner,0
C01958,Java Developer,Bachelor's,Information Technology,7,10,2,1,9,4,6,71.39,5,64.06,63.78,93.18,73.59,80.16,74.39,76.27,67.18,Mid-Level,2,Beginner,1
C01959,Data Analyst,Bachelor's,Data Science,6,4,0,1,13,5,6,87.3,10,67.27,64.22,97.87,59.85,75.07,81.04,76.54,74.55,Mid-Level,1,Beginner,0
C01960,Data Analyst,Bachelor's,Business,12,14,1,1,10,5,6,79.81,3,87.07,79.1,73.58,81.8,85.48,76.1,83.15,73.12,Senior,1,Beginner,1
C01961,Python Developer,Bachelor's,Computer Science,10,13,2,0,12,4,6,68.6,7,68.26,76.03,94.35,85.36,74.25,73.87,77.6,65.88,Senior,2,Beginner,1
C01962,Cybersecurity Analyst,Bachelor's,Computer Science,9,12,1,0,10,5,6,84.81,5,81.08,79.32,93.0,83.91,83.18,89.25,82.82,78.02,Senior,1,Intermediate,1
C01963,Data Analyst,Master's,Data Science,5,3,1,0,5,3,6,53.11,7,43.45,47.01,98.41,73.23,56.38,53.99,65.32,53.05,Mid-Level,3,Beginner,0
C01964,Cloud Engineer,Master's,Information Technology,5,4,4,1,10,4,6,63.73,8,57.68,44.73,100.0,76.0,74.93,62.4,71.15,60.09,Mid-Level,2,Beginner,0
C01965,Backend Developer,Bachelor's,Computer Science,9,14,3,0,5,5,6,85.16,9,89.55,77.77,91.37,87.81,88.39,87.6,87.07,81.8,Senior,1,Intermediate,0
C01966,Frontend Developer,Bachelor's,Information Technology,1,2,4,0,11,4,6,69.26,6,57.18,26.58,87.52,72.88,76.99,66.09,69.3,59.44,Junior,2,Beginner,0
C01967,Data Analyst,Master's,Information Technology,14,7,2,1,11,5,6,79.08,4,74.26,78.88,88.19,86.54,78.59,80.01,80.91,76.6,Senior,1,Intermediate,1
C01968,Cybersecurity Analyst,Bachelor's,Computer Science,12,14,5,0,12,5,6,78.54,8,80.4,76.0,87.65,96.64,93.75,78.17,89.33,75.84,Senior,1,Intermediate,1
C01969,Full Stack Developer,Bachelor's,Other,11,5,3,0,7,3,7,41.01,9,35.24,67.57,29.07,86.0,62.58,50.34,62.74,46.89,Senior,4,Not Ready,0
C01970,Full Stack Developer,Master's,Computer Science,14,12,2,0,10,5,7,67.69,5,76.89,73.06,100.0,94.63,82.85,77.28,82.76,74.67,Senior,2,Beginner,0
C01971,QA Engineer,Bachelor's,Information Technology,12,14,0,1,12,5,6,78.52,5,83.43,76.42,79.74,74.02,76.13,79.93,78.61,72.21,Senior,1,Beginner,0
C01972,Full Stack Developer,Bachelor's,Computer Science,10,11,4,1,9,5,7,74.35,3,73.08,80.5,92.9,87.1,79.61,76.34,81.17,76.02,Senior,2,Intermediate,1
C01973,Full Stack Developer,Master's,Other,3,10,3,0,4,2,7,24.97,10,31.21,29.41,37.63,85.77,49.31,41.17,50.83,29.85,Mid-Level,5,Not Ready,0
C01974,DevOps Engineer,Bachelor's,Information Technology,8,8,4,0,5,5,6,79.26,7,84.79,73.67,91.71,93.91,85.41,78.13,82.87,76.45,Senior,1,Intermediate,1
C01975,DevOps Engineer,Master's,Information Technology,11,5,3,0,10,5,6,85.36,8,68.94,83.08,99.76,86.38,86.34,80.88,88.08,79.36,Senior,1,Intermediate,1
C01976,Data Scientist,Master's,Data Science,10,13,2,1,4,4,6,68.7,2,80.48,73.51,99.47,85.51,72.02,70.34,77.07,72.69,Senior,2,Beginner,0
C01977,Backend Developer,Diploma,Information Technology,0,2,1,1,9,3,6,49.98,6,50.44,16.9,80.04,41.09,49.54,48.57,46.32,45.93,Fresher,3,Not Ready,0
C01978,Product Designer,Diploma,Business,2,5,3,0,9,3,6,48.92,5,48.1,27.77,61.12,58.18,49.99,49.27,47.1,41.65,Junior,3,Not Ready,0
C01979,Product Designer,Bachelor's,Business,0,3,1,0,2,1,6,15.83,8,14.82,11.25,72.87,52.64,25.93,28.12,33.0,18.79,Fresher,5,Not Ready,0
C01980,Data Scientist,Bachelor's,Data Science,7,5,1,0,8,5,6,83.29,4,76.27,66.52,93.31,67.12,73.75,81.58,73.25,73.3,Mid-Level,1,Beginner,1
C01981,Frontend Developer,Diploma,Electronics,8,7,3,0,10,3,6,48.49,4,52.27,53.87,40.59,76.28,67.18,50.86,62.5,51.87,Senior,3,Beginner,0
C01982,QA Engineer,Bachelor's,Business,8,12,0,1,10,4,6,70.5,7,74.12,63.4,58.7,82.06,76.78,71.42,72.38,66.6,Senior,2,Beginner,0
C01983,Product Designer,Diploma,Other,8,11,5,0,3,3,6,48.48,9,51.77,55.08,23.97,84.19,68.86,50.97,63.01,51.16,Senior,3,Beginner,0
C01984,Cybersecurity Analyst,Bachelor's,Electronics,11,9,3,0,7,4,6,61.89,7,74.0,76.09,65.16,82.21,68.29,69.17,69.26,69.3,Senior,2,Beginner,1
C01985,Mobile App Developer,Bachelor's,Software Engineering,11,7,4,0,6,5,6,81.81,9,80.9,78.82,93.1,92.42,90.94,83.91,87.58,82.35,Senior,1,Intermediate,0
C01986,UI/UX Designer,Bachelor's,Other,8,9,1,0,8,3,6,50.93,4,59.67,62.67,31.87,75.88,57.26,59.43,57.97,52.64,Senior,3,Beginner,0
C01987,Backend Developer,Master's,Software Engineering,7,3,1,0,8,4,6,66.61,10,60.98,61.35,95.12,73.67,64.96,70.55,68.84,60.43,Mid-Level,2,Beginner,0
C01988,Cybersecurity Analyst,Bachelor's,Other,5,4,0,0,2,2,6,32.3,8,25.74,39.17,32.59,66.81,43.26,42.64,44.93,36.57,Mid-Level,4,Not Ready,0
C01989,Data Analyst,Bachelor's,Business,9,14,0,1,11,4,6,61.9,9,80.89,65.49,67.98,78.27,69.12,67.84,68.3,61.37,Senior,2,Beginner,0
C01990,Mobile App Developer,Bachelor's,Electronics,5,4,2,0,3,3,6,49.55,9,38.0,41.11,54.01,65.41,50.33,49.52,54.71,45.53,Mid-Level,3,Not Ready,0
C01991,Product Designer,Bachelor's,Computer Science,2,5,5,0,12,4,6,69.93,10,64.49,38.38,56.89,73.06,71.67,71.65,65.77,63.03,Junior,2,Beginner,1
C01992,Data Scientist,Diploma,Computer Science,7,6,4,1,4,4,6,64.63,7,59.34,58.45,71.25,79.29,67.06,67.87,70.09,57.3,Mid-Level,2,Beginner,1
C01993,Cybersecurity Analyst,Bachelor's,Business,6,8,3,1,10,2,6,29.79,8,35.83,46.31,48.45,72.18,49.0,34.58,51.47,42.55,Mid-Level,4,Not Ready,0
C01994,Frontend Developer,Bachelor's,Software Engineering,8,13,2,0,12,4,6,63.57,2,74.86,67.7,99.91,84.49,72.55,72.74,75.58,66.91,Senior,2,Beginner,1
C01995,Backend Developer,Bachelor's,Computer Science,7,7,0,0,5,4,6,62.63,7,61.8,59.02,89.24,78.87,64.66,64.63,67.11,60.56,Mid-Level,2,Beginner,0
C01996,Python Developer,Bachelor's,Information Technology,2,6,1,0,10,3,6,50.39,8,43.74,30.93,89.06,72.72,64.91,57.2,62.88,50.86,Junior,3,Beginner,0
C01997,Frontend Developer,Diploma,Information Technology,4,6,4,1,11,5,6,84.17,10,70.47,47.9,78.4,63.18,73.26,80.12,72.31,71.65,Mid-Level,1,Beginner,1
C01998,QA Engineer,Master's,Information Technology,8,15,0,1,13,5,6,78.91,5,93.55,72.19,85.66,80.05,86.55,78.33,82.67,72.52,Senior,1,Beginner,1
C01999,Python Developer,Bachelor's,Other,0,2,0,2,2,1,6,21.03,7,20.91,20.9,32.96,51.18,28.16,31.7,34.28,24.62,Fresher,5,Not Ready,0
C02000,Product Designer,Bachelor's,Other,10,9,3,0,3,3,6,53.44,9,51.19,72.37,29.19,80.95,62.11,63.46,64.09,56.97,Senior,3,Beginner,0
C02001,Full Stack Developer,Diploma,Computer Science,8,8,4,1,10,6,7,84.4,8,79.15,67.06,82.81,78.57,74.07,78.86,77.05,78.4,Senior,1,Intermediate,1
C02002,Cloud Engineer,Bachelor's,Software Engineering,2,1,2,1,6,3,6,50.12,9,48.08,28.1,90.12,62.55,56.57,47.88,53.08,44.93,Junior,3,Not Ready,0
C02003,Python Developer,Bachelor's,Information Technology,0,1,1,2,3,2,6,37.24,10,29.96,23.18,93.76,47.94,40.93,42.6,42.54,33.73,Fresher,4,Not Ready,0
C02004,UI/UX Designer,Bachelor's,Design,12,7,4,0,5,4,6,64.18,5,66.75,75.2,93.86,88.08,74.52,66.44,77.49,65.11,Senior,2,Beginner,0
C02005,Full Stack Developer,Bachelor's,Computer Science,10,11,1,0,10,5,7,68.62,4,66.77,80.67,88.48,80.66,72.81,72.56,77.36,73.0,Senior,2,Beginner,0
C02006,Machine Learning Engineer,Master's,Other,8,5,1,0,3,3,6,51.17,10,53.7,63.73,46.24,71.11,58.17,59.93,58.57,53.9,Senior,3,Beginner,0
C02007,Java Developer,Bachelor's,Other,10,8,4,0,3,3,6,45.21,9,44.45,67.57,33.92,82.71,53.08,55.76,60.64,46.3,Senior,3,Not Ready,1
C02008,Java Developer,Master's,Software Engineering,8,14,4,0,11,5,6,83.14,10,89.5,75.86,100.0,92.38,82.51,83.26,88.0,80.9,Senior,1,Intermediate,0
C02009,Full Stack Developer,Bachelor's,Computer Science,2,2,5,0,7,3,7,40.66,3,38.97,32.81,92.12,77.83,54.12,50.5,54.73,43.51,Junior,4,Not Ready,0
C02010,Full Stack Developer,Bachelor's,Computer Science,1,3,3,1,12,4,7,58.62,8,47.95,27.68,90.57,59.7,52.24,56.2,53.2,52.39,Junior,3,Beginner,0
C02011,QA Engineer,Bachelor's,Information Technology,4,9,2,1,9,5,6,80.56,3,74.07,50.21,80.01,77.09,82.6,75.43,75.16,66.1,Mid-Level,1,Beginner,1
C02012,Mobile App Developer,Master's,Information Technology,1,6,5,2,11,3,6,47.53,8,42.66,26.94,98.22,88.08,62.14,52.84,61.3,47.92,Junior,3,Not Ready,0
C02013,Mobile App Developer,Master's,Computer Science,6,5,5,1,7,5,6,83.56,2,74.88,62.48,98.58,86.04,81.82,81.71,84.64,74.84,Mid-Level,1,Beginner,0
C02014,Cybersecurity Analyst,Bachelor's,Computer Science,12,13,4,0,9,5,6,80.23,2,89.27,83.92,89.07,95.34,81.35,83.88,87.18,81.68,Senior,1,Intermediate,1
C02015,Mobile App Developer,Master's,Computer Science,12,6,3,0,8,5,6,81.06,9,76.82,84.87,97.42,87.69,86.0,85.33,88.53,81.78,Senior,1,Intermediate,0
C02016,Frontend Developer,Master's,Software Engineering,11,13,2,1,9,5,6,87.55,10,82.15,84.53,97.4,95.01,89.69,90.38,90.2,82.79,Senior,1,Intermediate,1
C02017,QA Engineer,Bachelor's,Software Engineering,8,8,2,0,6,5,6,82.8,4,75.84,74.26,80.14,77.25,78.3,80.05,78.73,75.85,Senior,1,Intermediate,1
C02018,UI/UX Designer,Bachelor's,Information Technology,0,0,0,1,9,2,6,31.3,8,1.93,26.93,68.95,52.37,32.67,38.69,40.42,31.34,Fresher,4,Not Ready,0
C02019,Product Designer,PhD,Business,11,6,5,0,4,4,6,70.52,6,55.53,74.54,88.51,100.0,74.92,79.13,79.06,69.59,Senior,2,Beginner,0
C02020,Machine Learning Engineer,Bachelor's,Data Science,3,3,4,1,11,4,6,62.09,10,60.61,40.45,99.69,66.59,61.57,67.75,61.94,60.63,Mid-Level,2,Beginner,0
C02021,DevOps Engineer,Master's,Electronics,13,11,1,1,8,3,6,51.6,3,57.28,65.94,57.78,88.62,60.87,62.11,63.36,50.12,Senior,3,Beginner,0
C02022,Cloud Engineer,Diploma,Information Technology,5,7,3,0,11,4,6,68.88,5,71.08,47.46,82.54,73.97,69.19,69.64,67.91,61.26,Mid-Level,2,Beginner,1
C02023,Java Developer,Bachelor's,Software Engineering,7,3,4,0,8,4,6,69.64,7,62.22,62.89,92.96,80.26,74.89,72.77,75.37,64.15,Mid-Level,2,Beginner,0
C02024,Product Designer,Bachelor's,Computer Science,6,4,0,1,9,4,6,61.9,6,55.35,48.78,56.21,61.41,69.52,59.5,62.13,49.86,Mid-Level,2,Not Ready,0
C02025,Backend Developer,PhD,Information Technology,13,7,2,1,12,5,6,88.31,7,78.58,86.47,98.09,97.02,86.53,89.58,89.66,79.2,Senior,1,Intermediate,0
C02026,Data Analyst,Bachelor's,Computer Science,1,4,1,0,8,3,6,47.19,4,41.68,25.59,85.2,57.22,44.07,49.41,51.38,46.17,Junior,3,Not Ready,0
C02027,Data Scientist,Bachelor's,Mathematics,0,2,2,0,6,2,6,37.65,8,36.11,16.47,72.08,53.89,39.28,44.98,44.97,31.63,Fresher,4,Not Ready,0
C02028,Full Stack Developer,Bachelor's,Information Technology,2,3,5,0,4,4,7,61.62,5,44.94,29.27,86.2,70.32,62.5,62.67,61.64,57.65,Junior,3,Beginner,0
C02029,Data Scientist,Bachelor's,Mathematics,9,7,1,1,9,5,6,80.66,3,74.2,71.67,78.25,74.21,77.26,76.24,74.69,70.32,Senior,1,Beginner,1
C02030,Cybersecurity Analyst,Master's,Other,4,10,5,0,2,2,6,30.5,7,45.77,33.51,40.41,86.29,49.3,40.95,48.65,44.8,Mid-Level,4,Not Ready,0
C02031,Backend Developer,PhD,Data Science,10,10,2,1,5,4,6,69.06,5,71.08,74.47,72.13,96.21,82.13,74.92,80.07,68.24,Senior,2,Beginner,0
C02032,Machine Learning Engineer,Bachelor's,Information Technology,6,7,0,1,10,5,6,84.66,2,80.73,62.37,85.97,70.75,71.53,86.88,71.89,69.26,Mid-Level,1,Beginner,0
C02033,Full Stack Developer,Diploma,Software Engineering,0,3,1,2,4,3,7,45.87,6,35.15,16.28,82.56,49.36,52.3,46.09,46.86,45.13,Fresher,4,Not Ready,0
C02034,Mobile App Developer,Bachelor's,Information Technology,12,11,4,0,7,4,6,64.35,8,62.29,75.04,93.77,97.04,77.77,71.88,81.63,73.78,Senior,2,Beginner,0
C02035,DevOps Engineer,Bachelor's,Software Engineering,6,10,0,0,11,5,6,88.14,7,83.88,58.28,86.94,81.14,84.28,83.69,83.43,69.06,Mid-Level,1,Beginner,1
C02036,Full Stack Developer,Bachelor's,Computer Science,7,10,2,1,9,5,7,67.93,8,73.81,55.5,89.77,89.11,73.99,69.75,73.39,62.21,Mid-Level,2,Beginner,1
C02037,Python Developer,Bachelor's,Information Technology,11,9,5,1,10,5,6,84.75,3,78.07,85.64,93.98,89.15,88.81,89.86,87.9,85.32,Senior,1,Intermediate,1
C02038,Cybersecurity Analyst,Bachelor's,Computer Science,10,9,5,1,11,5,6,84.28,8,76.58,81.98,94.58,92.82,90.92,86.23,88.05,78.03,Senior,1,Intermediate,1
C02039,DevOps Engineer,Master's,Software Engineering,6,4,0,0,6,4,6,62.94,2,64.39,52.65,100.0,73.66,65.8,65.11,70.52,55.78,Mid-Level,2,Beginner,0
C02040,Product Designer,Bachelor's,Computer Science,9,6,5,1,5,5,6,78.61,4,77.17,76.71,57.83,81.77,83.64,80.69,81.12,78.94,Senior,1,Intermediate,1
C02041,Python Developer,Diploma,Software Engineering,3,7,1,0,7,4,6,61.94,10,57.8,42.98,85.85,64.5,57.39,61.3,58.25,54.73,Mid-Level,2,Beginner,0
C02042,Python Developer,Master's,Software Engineering,7,3,4,0,5,4,6,65.48,6,64.75,57.77,97.3,85.95,77.41,73.7,74.93,67.4,Mid-Level,2,Beginner,0
C02043,Python Developer,Master's,Data Science,9,10,2,0,12,5,6,79.66,6,86.34,70.69,94.33,82.46,83.63,78.94,83.68,78.31,Senior,1,Intermediate,0
C02044,Cloud Engineer,Bachelor's,Computer Science,11,9,0,0,9,5,6,84.58,4,86.13,86.15,84.56,83.03,82.59,84.28,85.13,72.68,Senior,1,Beginner,1
C02045,Mobile App Developer,Master's,Computer Science,14,5,4,1,13,5,6,80.13,3,80.79,83.69,98.24,88.8,87.38,78.42,85.07,76.82,Senior,1,Intermediate,1
C02046,Cloud Engineer,Bachelor's,Software Engineering,10,10,2,1,8,5,6,87.35,5,75.37,81.28,93.93,89.79,91.99,82.92,87.19,79.88,Senior,1,Intermediate,1
C02047,UI/UX Designer,Master's,Design,12,8,5,0,12,5,6,82.93,6,86.1,85.61,100.0,90.68,87.41,80.9,86.88,85.26,Senior,1,Intermediate,0
C02048,UI/UX Designer,Diploma,Computer Science,7,6,3,0,9,4,6,62.45,2,62.34,54.02,62.14,72.66,67.76,67.83,63.34,62.6,Mid-Level,2,Beginner,0
C02049,Cybersecurity Analyst,Bachelor's,Computer Science,8,14,2,0,6,5,6,85.38,8,79.07,70.21,85.1,77.29,84.23,85.4,83.42,80.18,Senior,1,Intermediate,1
C02050,Cybersecurity Analyst,Diploma,Information Technology,3,9,1,0,6,4,6,66.66,8,68.49,43.85,89.61,54.74,58.15,67.61,62.37,56.48,Mid-Level,2,Beginner,0
C02051,DevOps Engineer,Bachelor's,Information Technology,11,6,2,0,11,5,6,87.22,5,78.51,86.3,86.69,83.86,92.07,83.78,90.33,77.22,Senior,1,Intermediate,1
C02052,Cybersecurity Analyst,Bachelor's,Information Technology,5,10,4,1,12,4,6,70.58,3,70.66,47.46,94.97,76.62,66.99,76.35,71.75,70.48,Mid-Level,2,Beginner,1
C02053,Frontend Developer,Bachelor's,Computer Science,4,10,2,0,6,5,6,82.14,2,75.2,46.98,90.68,79.55,83.64,83.67,80.4,68.8,Mid-Level,1,Beginner,1
C02054,Cloud Engineer,Master's,Information Technology,10,12,2,1,8,4,6,70.1,3,64.16,72.56,96.71,84.25,68.17,68.48,75.84,65.59,Senior,2,Beginner,0
C02055,Python Developer,Bachelor's,Computer Science,12,6,1,0,5,4,6,65.85,3,59.3,74.09,88.19,79.7,73.26,72.99,74.74,65.0,Senior,2,Beginner,0
C02056,Machine Learning Engineer,Master's,Data Science,8,9,0,1,10,5,6,82.55,8,82.7,75.66,100.0,75.18,75.79,84.19,79.84,74.2,Senior,1,Beginner,0
C02057,Machine Learning Engineer,Bachelor's,Other,11,12,5,0,10,4,6,66.33,5,72.02,75.97,38.09,97.35,86.28,73.72,76.98,70.56,Senior,2,Beginner,1
C02058,Mobile App Developer,Diploma,Information Technology,8,9,3,1,9,5,6,83.32,10,84.64,76.33,79.51,71.19,71.94,80.2,76.26,74.19,Senior,1,Beginner,1
C02059,Data Analyst,Bachelor's,Computer Science,3,7,0,1,10,4,6,69.46,6,68.01,41.35,83.75,64.19,73.29,72.19,65.37,55.59,Mid-Level,2,Beginner,0
C02060,Java Developer,Bachelor's,Software Engineering,10,14,1,1,6,5,6,81.65,6,89.35,83.26,99.38,77.54,81.28,81.24,84.77,77.18,Senior,1,Intermediate,1
C02061,Java Developer,Bachelor's,Software Engineering,6,6,4,1,9,4,6,62.07,10,63.35,51.64,91.22,82.59,64.8,64.26,70.45,63.8,Mid-Level,2,Beginner,0
C02062,Data Scientist,Bachelor's,Data Science,1,2,4,2,7,3,6,49.59,4,36.75,23.58,99.94,71.0,63.43,58.82,59.11,53.36,Junior,3,Beginner,0
C02063,Machine Learning Engineer,Bachelor's,Computer Science,10,11,3,0,10,4,6,67.87,8,71.14,78.52,87.04,81.6,78.26,65.88,78.36,66.97,Senior,2,Beginner,1
C02064,Data Scientist,Master's,Computer Science,8,10,5,1,11,5,6,87.49,7,74.46,68.77,98.11,91.03,82.81,93.14,83.54,83.37,Senior,1,Intermediate,1
C02065,Python Developer,Bachelor's,Software Engineering,7,5,1,0,11,5,6,82.26,10,68.76,68.33,94.34,75.49,75.24,77.66,80.46,66.82,Mid-Level,1,Beginner,1
C02066,Data Scientist,Diploma,Mathematics,2,3,0,1,9,4,6,64.64,3,51.02,32.56,64.81,46.17,59.89,58.05,53.18,52.85,Junior,2,Beginner,0
C02067,Java Developer,Bachelor's,Software Engineering,10,5,0,0,7,5,6,84.26,10,70.0,85.94,90.0,77.66,84.78,78.7,84.08,78.89,Senior,1,Intermediate,0
C02068,Java Developer,Bachelor's,Software Engineering,11,7,2,0,9,5,6,78.82,8,78.72,81.49,96.43,83.9,82.96,76.14,81.7,78.03,Senior,1,Intermediate,0
C02069,Cloud Engineer,Bachelor's,Software Engineering,2,5,3,1,5,3,6,50.98,10,48.05,31.34,87.61,76.05,59.84,57.29,57.39,46.28,Junior,3,Not Ready,0
C02070,Machine Learning Engineer,Master's,Computer Science,3,6,4,1,10,4,6,69.14,2,57.05,39.9,97.46,77.8,73.97,69.25,70.32,66.75,Mid-Level,2,Beginner,0
C02071,Java Developer,Master's,Electronics,1,2,0,2,8,2,6,34.8,9,30.58,24.77,62.86,53.28,47.14,41.1,45.73,31.24,Junior,4,Not Ready,0
C02072,Frontend Developer,Bachelor's,Software Engineering,3,5,1,1,8,4,6,65.52,6,55.75,41.79,92.65,70.68,59.95,67.21,61.79,52.49,Mid-Level,2,Beginner,0
C02073,Data Analyst,Master's,Business,11,5,2,1,9,4,6,70.26,3,55.5,72.96,77.5,88.26,73.12,70.42,77.34,61.49,Senior,2,Beginner,0
C02074,Python Developer,Diploma,Computer Science,8,5,3,1,10,5,6,83.96,9,69.52,74.85,77.33,68.53,80.96,80.4,75.75,79.17,Senior,1,Intermediate,1
C02075,Java Developer,Diploma,Information Technology,8,14,0,1,12,5,6,80.47,4,93.6,67.38,83.81,64.63,78.34,74.39,74.9,74.79,Senior,1,Beginner,0
C02076,Product Designer,Master's,Business,12,14,0,0,13,5,6,81.8,5,92.72,79.69,75.22,77.78,82.61,77.0,82.1,76.77,Senior,1,Intermediate,0
C02077,Mobile App Developer,Master's,Electronics,3,10,5,0,8,3,6,45.31,4,60.73,33.66,62.32,86.76,61.56,57.27,58.2,46.91,Mid-Level,3,Not Ready,1
C02078,Frontend Developer,Diploma,Electronics,4,3,5,0,9,2,6,33.42,9,25.28,38.52,44.02,72.29,51.9,38.04,48.43,39.58,Mid-Level,4,Not Ready,0
C02079,Machine Learning Engineer,Master's,Computer Science,7,8,0,1,8,4,6,71.28,2,59.77,60.87,100.0,81.22,71.95,71.6,72.4,69.03,Mid-Level,2,Beginner,1
C02080,Mobile App Developer,Diploma,Other,6,4,4,1,4,3,6,53.54,4,39.07,52.36,18.89,60.7,56.23,54.4,50.66,45.72,Mid-Level,3,Not Ready,1
C02081,Cybersecurity Analyst,Bachelor's,Computer Science,12,15,3,0,12,5,6,85.04,7,90.27,78.64,92.54,87.3,90.33,89.54,87.33,77.11,Senior,1,Intermediate,0
C02082,Cloud Engineer,Diploma,Software Engineering,5,4,5,0,10,3,6,46.86,8,44.67,43.12,79.63,67.91,58.69,49.76,58.08,50.18,Mid-Level,3,Beginner,0
C02083,Mobile App Developer,Bachelor's,Information Technology,10,11,5,1,7,5,6,83.94,4,88.02,82.68,89.43,97.72,84.99,85.55,88.76,77.9,Senior,1,Intermediate,1
C02084,Product Designer,Bachelor's,Other,11,14,0,1,9,4,6,64.47,3,73.45,71.42,25.56,84.4,66.42,66.04,69.76,61.4,Senior,2,Beginner,0
C02085,Product Designer,Master's,Business,6,6,5,0,6,3,6,50.17,4,48.11,52.9,78.11,87.43,58.03,55.37,63.02,59.24,Mid-Level,3,Beginner,0
C02086,Data Scientist,Bachelor's,Information Technology,5,6,2,0,12,4,6,69.22,7,63.2,55.53,84.38,80.43,76.41,75.78,72.71,67.85,Mid-Level,2,Beginner,0
C02087,Frontend Developer,Master's,Electronics,6,8,4,1,5,2,6,29.92,5,36.01,40.2,62.67,87.65,54.06,42.51,57.82,43.41,Mid-Level,4,Not Ready,0
C02088,Cybersecurity Analyst,Bachelor's,Business,2,1,3,0,3,1,6,13.77,10,21.65,25.61,51.93,62.98,31.48,24.16,33.81,25.96,Junior,5,Not Ready,0
C02089,DevOps Engineer,Bachelor's,Software Engineering,1,4,1,1,11,4,6,68.19,10,65.47,31.54,90.56,53.62,56.49,66.07,57.74,59.1,Junior,2,Beginner,0
C02090,QA Engineer,Master's,Other,11,6,5,0,5,3,6,48.95,6,51.64,64.7,43.05,99.02,76.66,61.7,70.31,56.6,Senior,3,Beginner,1
C02091,DevOps Engineer,Bachelor's,Information Technology,3,3,2,1,11,4,6,70.7,2,61.91,45.47,91.81,61.55,60.34,72.13,67.14,61.61,Mid-Level,2,Beginner,0
C02092,QA Engineer,Master's,Computer Science,10,11,0,1,11,4,6,64.44,6,76.47,77.98,84.51,81.79,69.58,72.38,72.31,67.07,Senior,2,Beginner,0
C02093,Java Developer,Master's,Computer Science,13,12,1,0,7,5,6,85.32,3,83.18,85.45,95.59,88.05,78.6,86.99,87.89,74.62,Senior,1,Beginner,0
C02094,QA Engineer,Master's,Computer Science,7,4,0,0,10,3,6,49.64,2,50.66,57.24,81.61,74.01,56.7,54.67,64.63,48.77,Mid-Level,3,Not Ready,1
C02095,Full Stack Developer,Bachelor's,Computer Science,11,14,5,0,6,5,7,66.56,7,74.34,77.99,85.74,100.0,72.92,72.58,77.3,68.57,Senior,2,Beginner,0
C02096,Python Developer,Bachelor's,Other,6,8,0,1,9,2,6,33.3,3,34.6,47.98,25.0,64.31,53.13,35.81,48.01,41.24,Mid-Level,4,Not Ready,0
C02097,Backend Developer,Bachelor's,Data Science,0,3,3,2,8,1,6,18.56,2,11.12,14.0,57.37,70.02,34.03,24.26,39.02,23.34,Fresher,5,Not Ready,0
C02098,UI/UX Designer,Diploma,Information Technology,1,2,3,0,8,3,6,48.64,8,37.75,29.54,55.93,50.5,41.8,46.16,46.35,46.92,Junior,3,Not Ready,0
C02099,Python Developer,Bachelor's,Computer Science,0,0,1,2,2,2,6,32.39,5,18.42,29.43,85.81,51.33,44.95,36.31,42.4,40.15,Fresher,4,Not Ready,0
C02100,Product Designer,Bachelor's,Business,10,12,1,0,6,4,6,67.21,10,76.52,77.49,74.86,79.45,75.3,71.71,75.8,71.46,Senior,2,Beginner,0
C02101,Product Designer,Diploma,Information Technology,7,4,5,1,11,4,6,66.33,2,66.7,63.91,54.38,78.06,77.39,71.87,71.64,60.97,Mid-Level,2,Beginner,0
C02102,Machine Learning Engineer,Diploma,Data Science,8,5,3,0,10,4,6,70.86,7,63.45,69.57,83.12,68.31,64.12,74.2,68.6,68.61,Senior,2,Beginner,0
C02103,Product Designer,Bachelor's,Business,0,1,2,1,5,1,6,21.44,10,7.96,32.9,70.34,64.63,34.43,26.52,43.44,24.82,Fresher,5,Not Ready,0
C02104,Product Designer,Master's,Information Technology,9,6,4,1,5,4,6,66.54,6,69.07,72.16,71.17,86.88,69.69,68.16,73.92,65.13,Senior,2,Beginner,0
C02105,Cloud Engineer,Master's,Software Engineering,8,9,2,1,4,4,6,69.17,8,69.6,61.57,95.12,88.84,75.18,69.57,74.31,63.89,Senior,2,Beginner,0
C02106,QA Engineer,Master's,Software Engineering,7,9,2,0,12,5,6,84.52,6,83.78,67.32,92.83,79.3,80.9,78.81,78.86,71.55,Mid-Level,1,Beginner,1
C02107,Java Developer,Master's,Information Technology,4,5,4,0,6,5,6,84.9,10,74.32,54.14,97.37,73.37,83.31,83.8,77.9,72.08,Mid-Level,1,Beginner,0
C02108,Data Scientist,Master's,Mathematics,10,9,5,1,6,5,6,81.41,7,78.36,86.06,80.19,95.77,85.62,88.36,86.79,80.91,Senior,1,Intermediate,0
C02109,UI/UX Designer,Bachelor's,Other,6,7,5,0,9,3,6,47.55,2,43.0,49.42,28.36,77.18,61.16,53.71,58.42,43.9,Mid-Level,3,Not Ready,0
C02110,Cloud Engineer,Bachelor's,Information Technology,11,10,4,0,12,5,6,79.93,10,82.33,81.25,88.21,92.84,78.53,84.13,84.64,80.87,Senior,1,Intermediate,0
C02111,DevOps Engineer,Bachelor's,Software Engineering,10,13,5,1,9,4,6,68.44,5,65.78,79.27,88.35,99.39,83.14,78.34,84.72,73.75,Senior,2,Beginner,0
C02112,Backend Developer,Bachelor's,Software Engineering,10,8,0,1,7,5,6,87.36,4,75.4,81.28,90.09,70.75,77.82,87.3,81.09,72.14,Senior,1,Beginner,1
C02113,Cybersecurity Analyst,Bachelor's,Information Technology,11,13,4,0,6,5,6,86.98,8,83.26,82.17,90.94,95.45,92.89,85.55,87.92,84.65,Senior,1,Intermediate,1
C02114,Frontend Developer,Bachelor's,Electronics,9,5,5,1,7,4,6,63.72,2,62.07,70.89,45.05,84.63,67.18,70.43,70.89,59.3,Senior,2,Beginner,0
C02115,QA Engineer,Bachelor's,Software Engineering,2,4,1,2,8,4,6,67.13,2,60.63,35.39,88.0,63.78,66.05,70.26,61.76,54.66,Junior,2,Beginner,0
C02116,Data Analyst,Master's,Computer Science,10,15,4,1,8,5,6,88.15,9,93.5,81.09,99.72,100.0,90.15,85.64,91.06,85.27,Senior,1,Intermediate,1
C02117,UI/UX Designer,Bachelor's,Information Technology,9,8,4,1,10,4,6,65.19,10,62.75,64.87,69.23,86.62,70.0,73.42,69.68,63.48,Senior,2,Beginner,0
C02118,Data Analyst,Master's,Data Science,1,2,4,2,3,3,6,46.34,5,50.26,27.6,100.0,70.44,53.46,48.29,57.33,54.53,Junior,3,Beginner,0
C02119,Mobile App Developer,Master's,Computer Science,8,6,5,1,7,5,6,81.84,8,73.74,73.1,99.63,94.51,86.58,84.6,83.84,77.23,Senior,1,Intermediate,1
C02120,Cybersecurity Analyst,Bachelor's,Electronics,10,15,2,1,5,5,6,85.5,10,82.43,78.67,72.7,89.46,80.72,88.59,83.15,75.5,Senior,1,Intermediate,1
C02121,Data Analyst,Diploma,Data Science,4,7,2,0,12,4,6,70.14,8,61.93,46.12,82.59,64.46,66.59,72.77,65.61,56.16,Mid-Level,2,Beginner,0
C02122,Data Analyst,Bachelor's,Information Technology,2,6,1,0,9,3,6,54.76,7,46.1,27.69,80.32,71.16,65.94,55.0,62.75,46.96,Junior,3,Not Ready,0
C02123,UI/UX Designer,Master's,Information Technology,11,6,2,0,7,5,6,86.98,5,83.58,82.19,71.83,87.18,90.79,87.36,83.19,82.28,Senior,1,Intermediate,0
C02124,Mobile App Developer,Bachelor's,Computer Science,9,10,2,1,7,4,6,64.04,2,71.53,64.83,94.12,85.35,75.69,66.07,75.83,68.83,Senior,2,Beginner,1
C02125,QA Engineer,Bachelor's,Business,9,13,3,1,11,4,6,63.8,7,67.83,64.15,58.59,84.03,74.32,69.32,68.46,61.03,Senior,2,Beginner,1
C02126,Cybersecurity Analyst,Bachelor's,Information Technology,9,5,5,0,9,5,6,78.43,7,70.59,71.22,91.42,93.34,82.42,81.68,84.77,71.34,Senior,1,Beginner,1
C02127,Mobile App Developer,Master's,Electronics,1,2,2,1,3,1,6,15.42,8,20.44,16.95,57.95,61.62,32.09,20.18,35.49,27.09,Junior,5,Not Ready,0
C02128,Python Developer,Diploma,Information Technology,2,5,4,2,10,4,6,62.25,10,53.79,31.02,78.71,69.46,66.43,61.56,63.29,54.53,Junior,2,Beginner,0
C02129,Python Developer,Bachelor's,Software Engineering,2,4,0,0,3,3,6,47.73,4,41.33,32.85,92.01,64.21,57.78,52.48,59.06,41.54,Junior,3,Not Ready,0
C02130,Full Stack Developer,Bachelor's,Information Technology,4,6,2,1,11,5,7,68.49,9,60.53,49.77,90.09,69.27,61.5,70.71,65.04,58.27,Mid-Level,2,Beginner,0
C02131,DevOps Engineer,Master's,Electronics,5,5,1,1,8,3,6,48.22,3,44.47,48.8,56.24,75.21,51.45,55.25,56.35,50.97,Mid-Level,3,Beginner,0
C02132,DevOps Engineer,Bachelor's,Software Engineering,3,4,5,1,11,4,6,63.54,4,62.51,34.55,90.47,77.85,71.42,62.84,66.52,61.97,Mid-Level,2,Beginner,0
C02133,Frontend Developer,Master's,Computer Science,8,13,2,1,12,4,6,62.83,2,73.28,62.54,100.0,84.62,76.49,62.87,74.05,62.21,Senior,2,Beginner,1
C02134,QA Engineer,Bachelor's,Computer Science,6,7,2,1,9,3,6,53.21,8,45.11,52.31,77.8,72.72,61.76,56.56,60.32,57.31,Mid-Level,3,Beginner,0
C02135,Mobile App Developer,Master's,Electronics,13,12,1,1,4,3,6,47.07,5,52.32,69.81,63.31,88.45,57.29,51.7,66.89,57.15,Senior,3,Beginner,0
C02136,Full Stack Developer,Diploma,Information Technology,4,8,3,0,6,4,7,60.42,9,57.58,42.43,81.42,64.53,57.62,63.95,61.32,54.64,Mid-Level,3,Beginner,0
C02137,QA Engineer,Diploma,Computer Science,7,4,4,1,4,4,6,66.81,3,58.29,60.09,68.28,66.65,61.33,69.99,65.0,57.76,Mid-Level,2,Beginner,0
C02138,Mobile App Developer,Bachelor's,Electronics,2,6,0,0,10,2,6,34.34,5,39.37,28.81,45.57,66.09,46.99,41.62,48.12,31.56,Junior,4,Not Ready,0
C02139,Cybersecurity Analyst,Bachelor's,Business,3,8,1,0,3,3,6,51.42,3,57.33,32.21,52.01,73.69,55.2,53.24,54.48,44.09,Mid-Level,3,Not Ready,0
C02140,Cybersecurity Analyst,Bachelor's,Information Technology,1,2,5,2,8,3,6,49.73,8,47.3,30.16,98.62,68.16,60.79,51.29,56.39,54.78,Junior,3,Beginner,0
C02141,Product Designer,Master's,Information Technology,1,1,4,2,5,2,6,36.86,8,30.2,27.38,73.08,66.77,42.02,39.61,45.38,37.11,Junior,4,Not Ready,0
C02142,UI/UX Designer,Master's,Information Technology,6,4,5,1,4,4,6,61.91,8,56.8,49.72,76.82,89.82,79.7,66.03,74.23,59.16,Mid-Level,2,Beginner,0
C02143,DevOps Engineer,Diploma,Computer Science,0,3,1,3,6,3,6,52.12,3,46.76,26.87,74.77,51.88,59.49,55.96,54.15,48.37,Fresher,3,Not Ready,0
C02144,Product Designer,Diploma,Design,1,4,0,0,11,4,6,69.7,9,61.16,25.81,84.39,44.73,58.44,64.56,58.11,49.54,Junior,2,Not Ready,0
C02145,Mobile App Developer,Bachelor's,Other,0,3,1,0,6,1,6,16.05,10,25.83,14.18,30.14,58.39,28.61,25.89,33.53,23.69,Fresher,5,Not Ready,0
C02146,Cybersecurity Analyst,Bachelor's,Computer Science,6,5,2,0,10,4,6,62.59,3,60.82,56.17,92.08,65.45,61.18,61.05,62.56,59.14,Mid-Level,2,Beginner,1
C02147,UI/UX Designer,Bachelor's,Information Technology,2,2,3,2,9,3,6,52.47,7,37.34,28.54,68.95,60.07,49.21,52.08,51.93,50.21,Junior,3,Beginner,0
C02148,Backend Developer,Bachelor's,Software Engineering,5,10,0,0,5,4,6,69.89,5,72.12,52.66,95.69,76.43,66.64,68.21,71.84,66.39,Mid-Level,2,Beginner,1
C02149,Mobile App Developer,PhD,Computer Science,7,6,2,0,12,4,6,65.45,4,69.22,59.27,97.85,80.5,71.81,72.03,71.94,68.54,Mid-Level,2,Beginner,1
C02150,Cloud Engineer,Diploma,Software Engineering,5,5,1,1,9,4,6,63.42,6,62.45,47.97,82.06,50.63,64.84,63.17,58.75,57.89,Mid-Level,2,Beginner,0
C02151,DevOps Engineer,Bachelor's,Software Engineering,12,11,4,0,11,5,6,80.42,5,87.59,81.99,87.99,88.34,82.39,79.08,84.68,79.08,Senior,1,Intermediate,1
C02152,QA Engineer,Diploma,Software Engineering,3,8,2,1,7,4,6,67.52,7,63.86,44.73,76.54,62.96,70.29,69.14,67.09,57.12,Mid-Level,2,Beginner,0
C02153,Data Analyst,Master's,Computer Science,11,10,1,0,5,5,6,87.85,3,83.71,87.45,93.81,84.87,81.48,87.7,86.45,83.26,Senior,1,Intermediate,1
C02154,Data Scientist,Master's,Computer Science,8,6,0,1,10,5,6,80.42,3,73.83,67.52,98.58,80.96,77.16,75.87,77.28,73.6,Senior,1,Beginner,1
C02155,DevOps Engineer,Bachelor's,Software Engineering,1,3,5,2,10,3,6,49.75,10,42.96,25.15,94.47,65.93,54.07,54.68,56.84,54.2,Junior,3,Beginner,0
C02156,Mobile App Developer,Bachelor's,Information Technology,2,5,3,1,4,4,6,70.83,2,58.23,39.87,89.44,67.24,69.08,74.16,68.53,58.7,Junior,2,Beginner,0
C02157,Frontend Developer,Bachelor's,Electronics,5,3,3,0,9,3,6,52.74,6,44.25,47.8,45.1,69.23,61.46,57.1,57.42,54.19,Mid-Level,3,Beginner,0
C02158,Cybersecurity Analyst,Master's,Information Technology,10,7,1,0,12,5,6,85.09,7,69.33,80.18,97.85,78.17,85.98,81.1,83.97,74.11,Senior,1,Beginner,1
C02159,Backend Developer,Master's,Information Technology,2,1,5,2,4,3,6,53.25,7,35.01,30.41,100.0,68.46,60.06,53.55,61.93,47.75,Junior,3,Not Ready,0
C02160,Frontend Developer,Bachelor's,Software Engineering,3,4,2,0,7,4,6,64.26,9,64.8,39.41,99.53,70.67,67.22,61.24,65.36,55.79,Mid-Level,2,Beginner,0
C02161,UI/UX Designer,Bachelor's,Information Technology,3,9,2,1,6,3,6,51.53,2,48.87,32.48,67.85,80.32,68.5,59.08,59.15,46.43,Mid-Level,3,Not Ready,0
C02162,UI/UX Designer,Diploma,Design,1,4,5,1,7,3,6,47.74,2,41.55,25.32,85.76,56.75,51.9,48.41,52.88,44.01,Junior,3,Not Ready,0
C02163,UI/UX Designer,Bachelor's,Computer Science,11,9,0,0,6,4,6,61.97,2,72.4,74.7,68.26,85.66,72.49,65.68,71.67,67.43,Senior,2,Beginner,1
C02164,Java Developer,Bachelor's,Information Technology,4,9,5,0,13,5,6,85.47,5,76.7,49.38,91.0,76.61,86.85,79.93,78.8,73.51,Mid-Level,1,Beginner,1
C02165,DevOps Engineer,Bachelor's,Other,0,0,3,3,5,1,6,13.49,10,12.27,12.64,27.36,51.8,21.18,20.46,25.81,15.18,Fresher,5,Not Ready,0
C02166,Cybersecurity Analyst,Diploma,Other,6,9,1,1,4,3,6,45.28,5,60.91,47.44,18.08,62.05,55.64,48.49,47.46,40.4,Mid-Level,3,Not Ready,0
C02167,Python Developer,Bachelor's,Computer Science,12,9,2,1,9,5,6,86.36,9,76.63,87.2,87.76,78.87,85.23,89.41,86.52,75.02,Senior,1,Intermediate,0
C02168,Machine Learning Engineer,Diploma,Other,7,6,2,1,9,3,6,47.35,10,51.72,50.38,28.42,60.5,44.79,49.1,50.96,48.63,Mid-Level,3,Not Ready,0
C02169,Data Scientist,Bachelor's,Computer Science,12,8,5,0,6,5,6,84.45,8,78.89,78.97,85.92,91.64,95.2,81.77,88.38,79.79,Senior,1,Intermediate,0
C02170,Frontend Developer,Bachelor's,Software Engineering,8,7,5,0,9,5,6,82.23,4,77.43,73.97,90.11,83.65,87.86,80.17,80.61,75.82,Senior,1,Intermediate,1
C02171,Full Stack Developer,Bachelor's,Computer Science,3,10,3,1,10,4,7,55.25,2,53.32,34.4,90.11,78.81,58.92,59.26,63.0,48.92,Mid-Level,3,Not Ready,0
C02172,Frontend Developer,Bachelor's,Computer Science,4,6,5,1,12,4,6,67.55,5,64.42,43.1,86.59,75.35,71.32,68.72,67.66,66.77,Mid-Level,2,Beginner,0
C02173,QA Engineer,PhD,Computer Science,14,13,5,1,12,5,6,82.02,2,92.01,80.65,85.74,100.0,97.1,90.47,88.59,84.98,Senior,1,Intermediate,0
C02174,Cloud Engineer,Bachelor's,Computer Science,2,6,2,0,6,4,6,66.19,10,56.35,32.58,82.15,68.17,64.36,66.14,60.78,53.96,Junior,2,Beginner,0
C02175,Product Designer,Master's,Design,1,1,4,2,6,4,6,65.16,2,54.42,31.69,97.91,75.51,65.88,64.65,67.27,55.68,Junior,2,Beginner,0
C02176,Cybersecurity Analyst,Diploma,Electronics,4,10,3,1,10,4,6,62.81,3,70.72,41.13,59.47,67.65,64.62,59.69,63.63,58.97,Mid-Level,2,Beginner,0
C02177,Full Stack Developer,Master's,Information Technology,9,11,2,0,6,6,7,83.49,9,88.81,77.58,100.0,85.35,80.29,82.69,81.79,77.3,Senior,1,Intermediate,1
C02178,UI/UX Designer,Master's,Design,5,10,3,0,8,4,6,69.99,9,74.58,46.27,99.1,89.62,82.39,69.1,77.92,68.59,Mid-Level,2,Beginner,1
C02179,Backend Developer,Master's,Information Technology,7,5,1,0,4,4,6,66.84,9,56.81,62.43,100.0,83.58,71.62,65.83,77.8,65.04,Mid-Level,2,Beginner,0
C02180,Backend Developer,Diploma,Information Technology,1,2,2,0,8,3,6,53.36,8,49.09,24.47,80.01,44.53,51.24,51.65,50.12,45.0,Junior,3,Not Ready,0
C02181,Backend Developer,Diploma,Software Engineering,8,9,1,0,9,5,6,87.53,9,82.44,70.77,83.99,74.98,74.77,83.29,81.0,75.93,Senior,1,Intermediate,1
C02182,Data Analyst,Bachelor's,Business,11,13,5,1,9,4,6,64.15,5,67.9,78.4,66.58,96.63,79.35,75.19,76.83,64.73,Senior,2,Beginner,1
C02183,Full Stack Developer,Bachelor's,Information Technology,2,2,3,1,3,3,7,42.4,3,33.89,27.13,87.75,62.32,48.02,44.47,53.9,47.53,Junior,4,Not Ready,0
C02184,QA Engineer,PhD,Other,8,11,2,0,11,3,6,49.45,6,63.84,55.42,51.09,96.03,63.38,57.16,64.0,50.56,Senior,3,Beginner,0
C02185,UI/UX Designer,Master's,Design,2,4,5,2,3,3,6,45.87,3,46.9,27.08,100.0,72.59,55.57,51.85,56.34,48.57,Junior,3,Not Ready,0
C02186,Data Scientist,Bachelor's,Other,4,10,4,0,4,2,6,30.68,2,46.6,31.4,38.34,90.58,57.73,40.39,53.03,37.94,Mid-Level,4,Not Ready,0
C02187,Product Designer,Bachelor's,Information Technology,6,5,3,0,4,4,6,65.3,10,58.4,56.0,59.68,79.53,68.22,69.01,66.97,61.91,Mid-Level,2,Beginner,0
C02188,Mobile App Developer,Bachelor's,Information Technology,0,1,2,3,3,3,6,50.73,5,48.95,21.5,86.03,56.21,54.53,54.95,54.24,48.35,Fresher,3,Not Ready,0
C02189,Mobile App Developer,Master's,Information Technology,8,10,3,1,10,5,6,87.55,5,81.53,71.91,100.0,85.54,88.13,84.11,85.84,83.83,Senior,1,Intermediate,1
C02190,Data Analyst,Diploma,Information Technology,3,10,3,1,12,4,6,65.85,4,66.82,34.84,65.87,74.87,64.94,66.91,66.06,60.34,Mid-Level,2,Beginner,0
C02191,UI/UX Designer,Bachelor's,Information Technology,1,1,4,0,7,3,6,52.61,2,40.82,27.12,61.76,67.37,60.25,51.27,52.69,52.19,Junior,3,Beginner,0
C02192,Full Stack Developer,Bachelor's,Software Engineering,7,5,1,0,9,5,7,68.24,4,64.12,60.1,95.69,77.7,68.58,71.75,69.89,62.89,Mid-Level,2,Beginner,1
C02193,Data Scientist,Bachelor's,Information Technology,10,7,3,1,12,4,6,62.69,10,64.21,69.35,81.75,91.18,69.7,64.59,72.69,61.63,Senior,2,Beginner,0
C02194,Backend Developer,Master's,Software Engineering,11,13,1,1,11,5,6,87.84,8,84.1,82.27,96.67,83.82,86.21,84.95,86.57,81.71,Senior,1,Intermediate,0
C02195,DevOps Engineer,Master's,Computer Science,8,9,2,0,10,4,6,67.09,10,62.02,65.44,90.85,83.73,77.84,68.56,78.94,68.86,Senior,2,Beginner,0
C02196,QA Engineer,Bachelor's,Software Engineering,2,4,2,0,8,4,6,66.64,4,59.07,32.71,83.68,72.14,65.92,63.38,62.46,60.22,Junior,2,Beginner,1
C02197,Frontend Developer,Master's,Electronics,1,3,0,0,4,2,6,33.84,9,26.0,24.83,56.48,58.86,44.78,38.83,44.36,27.7,Junior,4,Not Ready,0
C02198,Cybersecurity Analyst,Master's,Computer Science,12,7,4,1,9,5,6,83.8,5,84.88,81.84,100.0,94.36,81.9,84.78,88.7,82.75,Senior,1,Intermediate,1
C02199,Mobile App Developer,Bachelor's,Electronics,10,7,2,1,11,3,6,53.2,3,52.29,64.35,48.73,77.22,69.04,61.19,64.84,54.57,Senior,3,Beginner,1
C02200,Machine Learning Engineer,Bachelor's,Information Technology,10,9,4,1,13,5,6,86.72,4,83.4,87.33,83.3,90.3,82.94,83.21,87.62,85.41,Senior,1,Intermediate,0
C02201,QA Engineer,Bachelor's,Computer Science,0,3,3,0,7,1,6,15.12,4,23.51,16.03,79.62,67.69,37.33,20.95,40.66,31.89,Fresher,5,Not Ready,0
C02202,QA Engineer,Master's,Information Technology,9,13,1,0,8,4,6,63.27,7,78.23,71.54,89.17,87.0,72.45,71.08,74.87,69.83,Senior,2,Beginner,0
C02203,Mobile App Developer,Bachelor's,Software Engineering,8,15,1,1,11,5,6,80.58,4,88.33,69.25,94.33,73.71,71.98,82.57,77.88,72.33,Senior,1,Beginner,1
C02204,Python Developer,Diploma,Software Engineering,7,6,2,1,10,5,6,86.72,5,73.63,66.49,87.45,70.94,80.9,86.21,75.83,75.14,Mid-Level,1,Intermediate,1
C02205,Data Scientist,Bachelor's,Information Technology,11,12,1,1,11,5,6,86.19,6,80.18,80.01,83.26,84.96,91.82,81.95,88.17,80.97,Senior,1,Intermediate,1
C02206,Data Scientist,Bachelor's,Computer Science,9,13,0,1,12,5,6,80.35,5,87.44,72.93,80.83,82.71,78.14,85.68,79.33,72.78,Senior,1,Beginner,1
C02207,Python Developer,PhD,Computer Science,12,12,5,1,12,5,6,82.29,7,83.32,83.65,100.0,99.47,89.15,88.63,89.94,79.95,Senior,1,Intermediate,0
C02208,Frontend Developer,Bachelor's,Computer Science,11,7,4,0,8,5,6,83.74,8,70.33,87.61,91.04,94.93,93.48,83.64,87.42,84.66,Senior,1,Intermediate,0
C02209,Data Scientist,Bachelor's,Information Technology,5,5,5,1,9,4,6,70.0,7,65.27,54.16,82.56,75.52,75.87,69.66,72.73,63.48,Mid-Level,2,Beginner,1
C02210,Machine Learning Engineer,PhD,Data Science,13,15,4,0,10,4,6,62.9,8,72.22,76.38,97.91,100.0,77.49,72.49,80.52,69.93,Senior,2,Beginner,1
C02211,Python Developer,Master's,Computer Science,14,7,2,0,10,4,6,63.8,9,61.46,75.39,97.91,91.75,70.05,70.02,76.71,66.79,Senior,2,Beginner,0
C02212,UI/UX Designer,Master's,Design,6,6,0,1,6,4,6,67.94,4,60.64,51.59,96.63,73.94,67.15,74.11,69.09,57.65,Mid-Level,2,Beginner,1
C02213,Cybersecurity Analyst,Bachelor's,Information Technology,9,5,5,0,12,5,6,82.87,2,78.9,80.85,92.17,90.66,83.32,81.23,84.23,78.91,Senior,1,Intermediate,1
C02214,Full Stack Developer,Diploma,Other,7,10,0,0,8,2,7,26.36,3,31.61,48.87,17.57,67.34,38.39,38.28,43.92,33.48,Mid-Level,5,Not Ready,0
C02215,UI/UX Designer,Bachelor's,Computer Science,7,6,2,1,7,3,6,47.24,10,49.92,53.95,73.89,82.21,58.94,56.18,63.47,53.38,Mid-Level,3,Beginner,0
C02216,Mobile App Developer,Bachelor's,Computer Science,5,10,4,0,6,5,6,78.79,7,81.15,52.24,89.25,89.01,86.8,84.88,79.78,73.84,Mid-Level,1,Beginner,1
C02217,Full Stack Developer,PhD,Other,4,5,2,0,5,3,7,39.29,6,34.16,41.02,48.25,83.44,53.43,49.52,53.92,40.46,Mid-Level,4,Not Ready,0
C02218,Machine Learning Engineer,Master's,Data Science,9,7,3,1,5,5,6,81.94,2,79.78,80.66,100.0,81.63,77.35,84.54,81.54,74.94,Senior,1,Beginner,1
C02219,Frontend Developer,Bachelor's,Computer Science,3,7,0,0,10,4,6,69.76,5,64.16,38.56,85.35,67.23,63.94,72.53,65.61,57.1,Mid-Level,2,Beginner,1
C02220,Data Scientist,Bachelor's,Data Science,12,13,2,1,6,5,6,84.07,9,83.53,81.81,93.44,82.66,86.87,85.3,84.66,78.46,Senior,1,Intermediate,1
C02221,Python Developer,Bachelor's,Computer Science,12,13,0,1,11,5,6,81.55,7,86.93,80.65,92.74,87.12,89.01,87.51,88.05,78.43,Senior,1,Intermediate,1
C02222,Java Developer,Diploma,Software Engineering,1,6,1,0,5,3,6,50.07,9,52.09,27.25,84.44,51.87,54.27,54.2,53.63,49.73,Junior,3,Not Ready,0
C02223,Backend Developer,Master's,Information Technology,6,3,4,1,8,5,6,80.3,7,70.2,60.9,100.0,79.15,82.7,80.56,78.33,75.67,Mid-Level,1,Intermediate,0
C02224,Cloud Engineer,Bachelor's,Computer Science,4,10,3,0,10,4,6,65.68,8,65.18,46.19,85.16,87.44,79.71,72.2,73.53,62.11,Mid-Level,2,Beginner,0
C02225,Full Stack Developer,Bachelor's,Software Engineering,9,8,2,1,7,6,7,85.33,7,76.92,73.46,92.74,83.32,83.7,85.99,83.66,79.65,Senior,1,Intermediate,0
C02226,UI/UX Designer,Master's,Computer Science,1,5,2,2,4,3,6,54.33,6,40.37,26.98,76.53,71.82,53.46,60.03,56.96,46.27,Junior,3,Not Ready,0
C02227,Backend Developer,Bachelor's,Computer Science,3,4,5,1,6,4,6,64.56,5,62.69,39.3,90.88,76.64,70.34,65.05,65.46,66.24,Mid-Level,2,Beginner,0
C02228,Mobile App Developer,Bachelor's,Information Technology,6,8,3,1,13,5,6,84.18,8,71.53,58.83,93.9,74.21,73.6,84.39,77.43,74.18,Mid-Level,1,Beginner,1
C02229,Cloud Engineer,Bachelor's,Information Technology,3,5,5,1,7,4,6,71.46,8,57.83,37.64,94.56,81.22,77.49,76.58,69.82,60.5,Mid-Level,2,Beginner,1
C02230,Frontend Developer,Bachelor's,Software Engineering,8,7,2,1,5,5,6,83.01,9,70.26,66.45,92.1,82.93,88.03,87.97,82.14,69.34,Senior,1,Beginner,0
C02231,Python Developer,Bachelor's,Other,9,10,4,1,5,3,6,46.22,3,58.23,58.92,31.67,95.51,59.99,60.33,60.64,47.36,Senior,3,Not Ready,0
C02232,Product Designer,Bachelor's,Information Technology,8,10,4,0,6,5,6,83.24,8,84.24,66.74,58.65,96.59,93.69,81.65,83.95,77.23,Senior,1,Intermediate,1
C02233,DevOps Engineer,Bachelor's,Software Engineering,3,7,1,1,7,4,6,63.08,2,67.98,36.58,88.23,71.81,70.35,62.59,67.85,59.69,Mid-Level,2,Beginner,0
C02234,Python Developer,Bachelor's,Data Science,4,3,0,0,5,4,6,66.35,7,60.29,46.0,85.39,61.24,59.5,64.43,62.4,59.41,Mid-Level,2,Beginner,0
C02235,Full Stack Developer,Bachelor's,Other,6,9,3,0,7,2,7,25.64,10,33.82,42.72,27.29,74.13,39.88,33.27,45.15,37.78,Mid-Level,5,Not Ready,0
C02236,Backend Developer,Bachelor's,Software Engineering,11,7,2,1,7,4,6,64.77,6,68.73,70.65,94.57,80.52,66.24,66.85,72.86,64.76,Senior,2,Beginner,1
C02237,Data Analyst,Bachelor's,Business,4,6,0,1,6,4,6,68.28,9,62.28,46.57,65.02,62.7,59.93,66.61,62.63,60.25,Mid-Level,2,Beginner,0
C02238,Mobile App Developer,Bachelor's,Electronics,5,9,4,1,6,2,6,29.76,2,36.68,35.52,53.99,80.27,49.39,43.33,53.21,38.6,Mid-Level,4,Not Ready,1
C02239,Data Scientist,Bachelor's,Data Science,2,3,1,1,11,4,6,66.76,5,52.81,37.85,94.88,65.73,72.17,67.25,68.53,57.94,Junior,2,Beginner,0
C02240,Machine Learning Engineer,Master's,Computer Science,3,3,0,1,7,4,6,65.17,2,59.82,36.12,96.92,60.69,55.89,66.71,59.1,51.07,Mid-Level,2,Beginner,0
C02241,Cloud Engineer,Master's,Computer Science,9,6,4,0,12,5,6,87.79,5,73.83,76.61,99.39,84.99,82.09,83.08,87.53,84.78,Senior,1,Intermediate,1
C02242,Frontend Developer,Master's,Electronics,2,3,0,2,5,2,6,36.6,4,26.5,30.09,58.88,68.5,51.92,46.37,49.5,37.82,Junior,4,Not Ready,0
C02243,Python Developer,Bachelor's,Other,6,7,3,0,9,3,6,51.43,4,56.55,49.16,29.1,78.93,54.74,56.9,55.31,53.14,Mid-Level,3,Beginner,0
C02244,Product Designer,Bachelor's,Other,0,1,3,1,9,1,6,18.68,6,16.26,19.17,27.81,53.94,37.36,23.97,34.16,22.84,Fresher,5,Not Ready,0
C02245,Python Developer,Bachelor's,Data Science,1,5,1,1,4,3,6,48.99,6,41.58,27.86,80.76,57.03,45.16,54.57,50.25,39.7,Junior,3,Not Ready,0
C02246,QA Engineer,Diploma,Software Engineering,4,3,2,0,10,4,6,68.08,5,52.14,44.43,76.33,55.94,68.04,63.98,60.2,61.71,Mid-Level,2,Beginner,0
C02247,UI/UX Designer,Bachelor's,Information Technology,12,11,1,0,7,5,6,86.34,7,78.11,80.11,63.52,83.66,81.95,87.69,78.36,69.88,Senior,1,Beginner,0
C02248,Product Designer,PhD,Business,2,1,0,2,4,4,6,65.83,6,47.58,36.58,83.06,58.66,59.77,59.96,59.71,49.56,Junior,2,Not Ready,0
C02249,Python Developer,Bachelor's,Information Technology,11,13,2,0,6,5,6,85.82,5,79.97,78.88,92.91,85.09,86.93,90.25,86.03,75.44,Senior,1,Intermediate,0
C02250,UI/UX Designer,Bachelor's,Computer Science,6,4,4,1,3,3,6,50.01,10,40.4,50.44,72.44,70.26,64.34,55.22,59.86,48.5,Mid-Level,3,Not Ready,0
C02251,Data Scientist,Bachelor's,Other,0,2,0,3,4,0,6,0.0,3,10.19,10.69,39.65,56.46,18.13,13.31,26.43,7.36,Fresher,6,Not Ready,0
C02252,Frontend Developer,Diploma,Computer Science,4,7,2,0,8,3,6,53.01,6,47.27,44.19,79.93,62.42,55.64,50.01,57.8,47.42,Mid-Level,3,Not Ready,1
C02253,Product Designer,Bachelor's,Information Technology,3,3,1,0,11,4,6,67.83,6,54.1,43.91,57.67,54.2,57.29,66.21,59.09,52.19,Mid-Level,2,Beginner,0
C02254,QA Engineer,Bachelor's,Computer Science,11,13,5,0,7,5,6,86.47,5,94.05,85.51,70.3,93.63,81.49,89.05,82.99,81.19,Senior,1,Intermediate,0
C02255,Backend Developer,Bachelor's,Information Technology,2,2,5,0,8,3,6,50.53,2,38.82,35.15,91.35,66.59,57.08,55.23,58.34,50.36,Junior,3,Beginner,0
C02256,Product Designer,Diploma,Computer Science,8,14,2,1,6,4,6,61.87,6,73.46,65.72,51.54,66.81,71.7,63.92,64.29,59.12,Senior,2,Beginner,1
C02257,UI/UX Designer,Master's,Computer Science,13,10,3,0,8,5,6,81.91,8,79.88,83.92,77.86,91.75,80.9,82.57,86.13,79.64,Senior,1,Intermediate,1
C02258,UI/UX Designer,Master's,Design,11,11,1,1,10,4,6,62.94,9,63.7,74.94,95.88,89.61,75.97,70.16,79.5,63.48,Senior,2,Beginner,1
C02259,Data Scientist,Bachelor's,Other,0,0,0,3,4,0,6,0.0,7,13.07,17.08,37.4,51.13,13.41,14.83,20.1,7.8,Fresher,6,Not Ready,0
C02260,Data Scientist,Bachelor's,Data Science,9,11,0,1,6,5,6,87.32,6,79.33,74.1,96.29,76.69,79.75,82.48,82.55,71.81,Senior,1,Beginner,1
C02261,Product Designer,Bachelor's,Business,9,14,2,1,13,5,6,87.76,8,87.49,77.21,69.95,87.95,88.45,92.12,83.05,76.26,Senior,1,Intermediate,1
C02262,Machine Learning Engineer,Master's,Data Science,5,7,2,1,11,4,6,65.94,4,57.0,49.92,99.11,72.04,68.54,71.75,71.9,61.83,Mid-Level,2,Beginner,0
C02263,Product Designer,Bachelor's,Other,12,9,2,1,3,3,6,49.53,10,45.55,63.0,28.49,88.4,66.05,58.03,62.01,53.2,Senior,3,Beginner,0
C02264,Mobile App Developer,Bachelor's,Software Engineering,7,8,3,0,8,5,6,80.68,8,79.32,68.79,95.38,74.31,76.92,76.23,74.96,71.41,Mid-Level,1,Beginner,1
C02265,DevOps Engineer,Bachelor's,Other,5,6,4,1,4,2,6,37.65,9,38.14,42.11,26.13,75.6,50.96,44.64,49.52,42.34,Mid-Level,4,Not Ready,0
C02266,UI/UX Designer,Bachelor's,Other,8,15,5,1,11,4,6,62.07,5,65.57,64.12,29.25,88.45,68.77,69.13,67.98,57.19,Senior,2,Beginner,1
C02267,Mobile App Developer,Bachelor's,Information Technology,9,14,3,1,8,5,6,79.46,3,86.16,70.79,86.69,84.91,76.05,81.89,80.44,71.48,Senior,1,Beginner,0
C02268,Full Stack Developer,Master's,Computer Science,3,5,3,1,6,5,7,71.37,10,69.74,43.38,100.0,71.96,75.13,68.96,69.41,66.29,Mid-Level,2,Beginner,1
C02269,Full Stack Developer,Diploma,Computer Science,3,10,3,1,8,5,7,75.02,7,73.81,45.46,79.29,72.16,75.15,72.65,68.52,65.06,Mid-Level,2,Beginner,1
C02270,Backend Developer,Bachelor's,Software Engineering,2,5,3,2,5,3,6,53.06,3,41.83,34.6,94.81,69.26,57.32,56.05,61.67,56.1,Junior,3,Beginner,0
C02271,QA Engineer,Master's,Computer Science,9,13,2,1,7,5,6,87.87,3,87.37,79.03,87.54,86.08,92.79,88.48,87.77,82.54,Senior,1,Intermediate,1
C02272,Data Scientist,Master's,Data Science,4,4,1,1,11,4,6,71.47,3,60.21,49.43,100.0,72.66,69.53,69.75,71.69,62.11,Mid-Level,2,Beginner,1
C02273,Product Designer,Master's,Computer Science,2,2,4,2,9,3,6,49.95,4,40.17,35.44,69.13,70.75,54.87,52.62,54.41,48.69,Junior,3,Not Ready,0
C02274,Cybersecurity Analyst,Master's,Computer Science,14,11,4,0,13,5,6,79.58,4,90.82,84.03,99.55,100.0,91.17,86.94,87.85,84.72,Senior,1,Intermediate,0
C02275,Mobile App Developer,Master's,Other,14,12,4,0,8,4,6,62.82,9,69.25,69.49,38.64,90.57,72.08,73.29,71.07,64.02,Senior,2,Beginner,1
C02276,Product Designer,Bachelor's,Other,7,8,0,1,3,3,6,45.65,10,51.89,51.31,34.93,74.0,50.7,47.73,56.02,41.84,Mid-Level,3,Not Ready,0
C02277,Cloud Engineer,Bachelor's,Other,0,1,0,3,1,0,6,3.19,9,0.0,34.79,33.49,49.08,15.61,8.81,27.09,11.06,Fresher,6,Not Ready,0
C02278,Machine Learning Engineer,Bachelor's,Computer Science,11,10,5,1,6,4,6,70.23,7,74.1,77.73,89.13,97.27,85.04,75.85,83.77,76.71,Senior,2,Intermediate,0
C02279,Java Developer,Bachelor's,Information Technology,12,10,3,0,11,5,6,83.82,10,79.43,81.78,90.4,94.39,81.22,86.66,86.62,77.48,Senior,1,Intermediate,1
C02280,Cloud Engineer,Master's,Computer Science,2,3,2,2,9,4,6,70.63,7,60.24,36.96,97.73,68.9,77.41,68.11,67.48,59.88,Junior,2,Beginner,1
C02281,Mobile App Developer,Bachelor's,Electronics,12,8,2,1,10,3,6,53.5,8,47.99,64.67,48.13,79.12,63.59,63.09,62.9,54.93,Senior,3,Beginner,0
C02282,Product Designer,Diploma,Information Technology,5,9,0,0,4,3,6,53.84,5,57.55,47.55,48.79,54.79,57.46,57.26,55.46,46.63,Mid-Level,3,Not Ready,0
C02283,DevOps Engineer,Bachelor's,Other,12,5,1,0,5,4,6,65.26,10,65.31,71.98,34.21,80.78,67.76,66.8,65.86,59.43,Senior,2,Beginner,1
C02284,UI/UX Designer,Bachelor's,Design,6,9,0,0,7,4,6,67.3,10,68.16,50.98,95.77,76.56,77.55,69.25,73.89,66.96,Mid-Level,2,Beginner,0
C02285,UI/UX Designer,Bachelor's,Information Technology,10,6,2,0,10,4,6,67.49,4,67.81,79.34,62.96,81.93,72.04,71.61,72.97,69.77,Senior,2,Beginner,1
C02286,Java Developer,Master's,Software Engineering,11,11,5,1,13,5,6,88.31,7,77.52,81.13,100.0,100.0,94.53,95.03,95.08,80.27,Senior,1,Intermediate,0
C02287,UI/UX Designer,Bachelor's,Computer Science,12,5,0,1,8,4,6,62.96,10,61.86,77.07,65.49,77.41,73.31,61.01,68.82,62.62,Senior,2,Beginner,1
C02288,Product Designer,Bachelor's,Computer Science,5,10,4,1,8,3,6,51.74,6,57.35,45.2,56.01,87.17,65.81,60.57,65.46,55.5,Mid-Level,3,Beginner,0
C02289,Full Stack Developer,Master's,Software Engineering,10,13,2,1,13,6,7,82.45,3,93.16,86.39,97.14,83.37,89.55,83.52,88.16,81.12,Senior,1,Intermediate,0
C02290,Cybersecurity Analyst,Bachelor's,Computer Science,2,2,2,2,7,3,6,54.4,5,42.3,34.3,91.75,67.99,62.48,57.74,61.8,53.58,Junior,3,Beginner,0
C02291,Python Developer,Diploma,Computer Science,8,12,3,1,12,5,6,83.31,6,86.52,69.8,84.58,80.17,82.56,79.89,81.13,81.45,Senior,1,Intermediate,0
C02292,Product Designer,Bachelor's,Design,8,9,2,0,11,5,6,84.54,5,85.62,71.6,97.3,88.05,82.79,87.78,84.16,81.66,Senior,1,Intermediate,1
C02293,Full Stack Developer,Master's,Computer Science,1,2,0,0,10,4,7,59.53,6,52.59,23.83,100.0,55.68,55.16,62.28,58.21,45.83,Junior,3,Not Ready,0
C02294,Frontend Developer,Bachelor's,Information Technology,1,1,4,0,9,3,6,53.6,7,45.49,29.47,88.54,59.95,54.26,53.64,53.65,54.55,Junior,3,Beginner,0
C02295,Full Stack Developer,Bachelor's,Computer Science,0,0,0,0,7,2,7,27.04,2,10.54,27.51,87.78,48.59,32.72,35.74,38.57,28.86,Fresher,5,Not Ready,0
C02296,Data Scientist,Bachelor's,Data Science,8,7,3,0,8,5,6,86.98,5,81.44,72.49,96.81,81.62,81.11,81.65,81.97,78.61,Senior,1,Intermediate,1
C02297,Full Stack Developer,Diploma,Computer Science,5,3,5,1,5,5,7,70.36,10,55.53,48.72,77.26,60.08,63.47,64.03,64.73,61.29,Mid-Level,2,Beginner,0
C02298,Full Stack Developer,Diploma,Computer Science,3,10,4,0,9,4,7,61.99,2,66.08,40.05,75.15,67.59,57.9,65.17,58.19,57.16,Mid-Level,3,Beginner,0
C02299,Data Scientist,Bachelor's,Other,1,6,3,2,2,2,6,36.08,8,33.36,26.84,30.08,77.5,51.14,49.21,46.06,33.84,Junior,4,Not Ready,0
C02300,Machine Learning Engineer,Bachelor's,Mathematics,5,7,2,1,9,4,6,70.73,3,64.55,54.09,79.65,67.62,73.87,67.54,67.82,64.76,Mid-Level,2,Beginner,1
C02301,Machine Learning Engineer,Bachelor's,Information Technology,11,9,1,0,13,5,6,80.93,5,85.4,78.17,84.18,79.1,76.13,77.85,77.88,71.37,Senior,1,Beginner,1
C02302,Cloud Engineer,Bachelor's,Software Engineering,3,6,5,0,10,4,6,69.36,10,56.41,38.4,90.71,78.94,70.37,74.18,71.85,65.0,Mid-Level,2,Beginner,0
C02303,Cloud Engineer,Bachelor's,Other,6,8,4,1,2,2,6,37.75,9,36.95,49.71,34.52,85.57,49.02,46.31,56.46,46.46,Mid-Level,4,Not Ready,0
C02304,Data Scientist,Bachelor's,Mathematics,8,9,1,1,10,4,6,70.14,5,72.06,62.53,79.07,72.82,64.54,75.03,69.01,59.59,Senior,2,Beginner,0
C02305,Backend Developer,Bachelor's,Data Science,9,13,3,0,5,5,6,85.23,10,78.52,74.95,64.11,89.56,79.95,81.91,78.4,75.4,Senior,1,Intermediate,1
C02306,UI/UX Designer,Diploma,Design,6,3,1,0,8,5,6,79.35,6,66.63,62.61,84.24,52.58,76.59,72.55,69.26,64.45,Mid-Level,1,Beginner,1
C02307,QA Engineer,Bachelor's,Software Engineering,6,3,4,0,12,4,6,65.55,5,63.54,51.18,87.39,77.22,72.27,63.79,69.97,61.62,Mid-Level,2,Beginner,0
C02308,Full Stack Developer,Master's,Computer Science,8,11,3,1,12,5,7,69.12,8,80.88,61.15,100.0,89.42,73.36,74.56,76.9,74.75,Senior,2,Beginner,1
C02309,UI/UX Designer,Bachelor's,Information Technology,5,9,3,1,5,4,6,65.74,3,69.82,49.08,63.03,86.33,81.17,72.04,71.22,65.69,Mid-Level,2,Beginner,1
C02310,Full Stack Developer,Diploma,Software Engineering,7,7,2,1,5,5,7,75.94,4,66.62,65.12,84.29,71.28,73.69,72.15,75.06,66.49,Mid-Level,2,Beginner,0
C02311,Mobile App Developer,Bachelor's,Computer Science,8,5,0,1,7,5,6,84.66,9,81.94,76.73,88.39,63.83,68.98,75.82,74.5,69.05,Senior,1,Beginner,0
C02312,Cloud Engineer,Bachelor's,Information Technology,8,9,4,0,13,5,6,79.96,6,84.43,74.34,90.82,85.34,89.84,81.8,86.86,74.35,Senior,1,Beginner,1
C02313,Data Scientist,Master's,Data Science,11,12,1,1,7,5,6,86.35,7,85.64,85.79,95.64,80.97,89.28,80.71,84.41,78.62,Senior,1,Intermediate,1
C02314,Mobile App Developer,PhD,Computer Science,5,9,0,0,12,4,6,65.36,3,72.21,47.82,99.67,81.98,68.17,67.69,70.01,64.24,Mid-Level,2,Beginner,0
C02315,UI/UX Designer,Master's,Computer Science,4,10,2,1,12,4,6,62.92,5,72.28,48.01,80.96,77.21,72.79,67.62,67.12,63.01,Mid-Level,2,Beginner,1
C02316,Machine Learning Engineer,Master's,Mathematics,9,9,1,1,10,4,6,70.39,7,69.36,68.44,88.1,78.86,66.58,74.62,71.45,61.25,Senior,2,Beginner,0
C02317,Full Stack Developer,Bachelor's,Computer Science,10,12,0,0,10,5,7,68.32,3,78.01,76.29,85.82,74.34,65.86,68.46,69.76,63.65,Senior,2,Beginner,1
C02318,Java Developer,Bachelor's,Software Engineering,12,15,4,0,8,4,6,70.27,7,78.39,74.72,97.66,97.17,75.95,71.89,79.09,78.34,Senior,2,Intermediate,1
C02319,UI/UX Designer,Master's,Design,8,15,2,1,10,5,6,87.37,7,93.45,76.73,99.96,95.21,87.7,88.13,90.39,79.73,Senior,1,Intermediate,1
C02320,Java Developer,Diploma,Software Engineering,5,9,2,1,12,4,6,64.6,9,62.97,46.32,88.39,71.94,72.24,66.06,66.38,58.03,Mid-Level,2,Beginner,0
C02321,Python Developer,Diploma,Software Engineering,7,9,4,1,11,5,6,79.88,2,81.34,68.36,89.62,81.61,85.72,78.32,83.36,81.07,Mid-Level,1,Intermediate,1
C02322,Cloud Engineer,Bachelor's,Information Technology,6,8,3,0,12,4,6,63.79,6,67.23,53.68,90.63,73.53,72.44,62.49,67.24,65.12,Mid-Level,2,Beginner,0
C02323,Product Designer,Diploma,Computer Science,8,5,1,0,11,5,6,84.49,9,71.97,73.27,46.92,68.7,80.51,84.46,74.24,71.74,Senior,1,Beginner,0
C02324,Data Analyst,Master's,Other,7,8,1,0,6,2,6,37.38,3,40.61,44.85,48.7,83.03,61.2,43.25,57.97,45.57,Mid-Level,4,Not Ready,0
C02325,Python Developer,Bachelor's,Software Engineering,12,5,5,1,13,5,6,78.73,2,67.75,78.05,91.0,83.43,84.48,80.39,84.05,72.86,Senior,1,Beginner,0
C02326,DevOps Engineer,Bachelor's,Electronics,7,7,0,1,8,3,6,53.69,6,43.24,55.73,52.21,76.2,62.81,58.6,59.07,51.07,Mid-Level,3,Beginner,0
C02327,Cybersecurity Analyst,Diploma,Computer Science,4,6,2,0,8,5,6,81.79,9,81.56,53.52,84.6,67.11,82.24,76.75,72.18,72.66,Mid-Level,1,Beginner,1
C02328,Data Analyst,Diploma,Information Technology,1,3,4,0,3,3,6,53.63,10,46.25,27.06,70.74,57.4,62.41,50.77,54.17,51.43,Junior,3,Beginner,0
C02329,UI/UX Designer,Bachelor's,Design,0,2,2,0,10,2,6,31.77,8,35.61,16.01,95.05,57.15,35.62,40.89,42.49,40.73,Fresher,4,Not Ready,0
C02330,Data Scientist,Master's,Data Science,10,8,2,1,5,4,6,61.98,7,67.03,72.33,98.12,93.1,70.4,66.29,79.1,66.41,Senior,2,Beginner,1
C02331,Cloud Engineer,Bachelor's,Information Technology,5,4,4,0,8,4,6,70.83,2,65.68,50.27,94.84,80.6,73.38,72.33,75.21,63.42,Mid-Level,2,Beginner,0
C02332,Frontend Developer,Bachelor's,Electronics,11,13,1,0,3,3,6,48.58,6,67.48,64.34,48.84,84.97,67.97,51.56,65.63,50.0,Senior,3,Beginner,0
C02333,Java Developer,Bachelor's,Information Technology,8,5,0,0,11,5,6,87.6,5,77.54,74.77,94.37,61.61,73.46,86.46,77.18,79.14,Senior,1,Intermediate,0
C02334,Cloud Engineer,Bachelor's,Information Technology,11,9,4,1,9,5,6,80.85,3,79.26,79.5,91.42,83.78,85.36,81.03,83.9,78.54,Senior,1,Intermediate,1
C02335,Python Developer,Bachelor's,Other,4,7,3,0,10,3,6,47.93,9,48.19,40.24,30.22,78.5,55.75,55.63,56.27,46.8,Mid-Level,3,Not Ready,0
C02336,Python Developer,PhD,Information Technology,13,13,4,1,4,4,6,69.88,7,68.23,73.24,100.0,94.27,74.19,73.53,78.21,68.95,Senior,2,Beginner,1
C02337,Backend Developer,Master's,Data Science,11,8,4,0,10,5,6,82.54,7,84.55,81.85,70.26,97.5,83.94,88.42,84.87,74.7,Senior,1,Beginner,1
C02338,DevOps Engineer,Bachelor's,Electronics,12,11,5,0,6,4,6,65.24,5,66.51,77.59,47.19,90.35,82.07,71.93,78.15,68.63,Senior,2,Beginner,1
C02339,Product Designer,Bachelor's,Business,0,3,1,1,4,3,6,50.9,4,46.62,33.25,74.22,60.13,46.71,48.79,53.99,41.19,Fresher,3,Not Ready,0
C02340,Java Developer,Bachelor's,Software Engineering,7,9,1,0,5,4,6,64.56,10,62.16,63.6,97.65,69.84,60.81,67.04,69.93,65.21,Mid-Level,2,Beginner,0
C02341,DevOps Engineer,Master's,Computer Science,3,6,4,0,9,4,6,67.82,7,67.49,44.91,95.82,85.23,78.0,66.9,71.73,68.58,Mid-Level,2,Beginner,1
C02342,Frontend Developer,Diploma,Electronics,8,15,1,0,9,4,6,63.85,6,77.82,61.75,35.48,71.98,71.31,60.58,63.55,56.57,Senior,2,Beginner,1
C02343,Data Analyst,Bachelor's,Computer Science,8,9,0,0,5,4,6,67.65,10,69.1,63.27,88.16,83.2,72.9,68.72,73.34,64.26,Senior,2,Beginner,1
C02344,Data Analyst,Master's,Information Technology,9,10,1,0,7,4,6,63.16,7,68.37,71.04,92.29,82.11,64.34,65.8,74.8,64.74,Senior,2,Beginner,1
C02345,Cybersecurity Analyst,Bachelor's,Computer Science,0,2,3,0,4,2,6,36.25,7,37.16,14.18,90.02,64.93,51.83,37.7,51.48,43.35,Fresher,4,Not Ready,0
C02346,Cybersecurity Analyst,Bachelor's,Electronics,7,9,4,1,8,4,6,61.83,2,60.79,60.82,66.63,85.04,71.84,69.2,69.51,64.76,Mid-Level,2,Beginner,0
C02347,Mobile App Developer,Bachelor's,Information Technology,5,10,0,0,12,5,6,86.05,10,73.99,58.57,94.57,66.89,71.61,80.3,75.13,70.99,Mid-Level,1,Beginner,0
C02348,DevOps Engineer,Bachelor's,Computer Science,5,9,1,1,4,3,6,50.17,5,51.05,49.52,85.43,68.29,49.45,49.56,57.73,52.64,Mid-Level,3,Beginner,0
C02349,Data Scientist,Bachelor's,Computer Science,6,4,5,1,7,4,6,65.43,7,61.12,57.31,81.68,81.2,68.05,68.6,73.21,59.84,Mid-Level,2,Beginner,0
C02350,DevOps Engineer,Bachelor's,Software Engineering,1,6,2,0,8,3,6,54.31,8,51.28,26.07,93.77,71.76,59.35,55.33,62.11,46.4,Junior,3,Not Ready,0
C02351,Cloud Engineer,Bachelor's,Other,9,6,1,1,3,3,6,52.57,4,41.11,66.46,29.97,80.03,58.08,57.25,60.15,44.98,Senior,3,Not Ready,0
C02352,DevOps Engineer,Master's,Information Technology,1,2,5,1,9,3,6,54.61,2,35.51,30.26,100.0,78.67,67.69,61.69,62.14,54.26,Junior,3,Beginner,0
C02353,Frontend Developer,Diploma,Computer Science,2,3,2,0,9,4,6,68.79,10,56.43,38.11,84.4,60.99,72.54,67.04,66.26,60.74,Junior,2,Beginner,1
C02354,QA Engineer,Master's,Computer Science,7,4,2,1,8,3,6,47.66,4,51.1,53.11,88.11,78.79,65.34,52.01,62.03,54.02,Mid-Level,3,Beginner,0
C02355,Mobile App Developer,Master's,Information Technology,13,9,0,1,11,4,6,68.04,10,72.19,74.87,100.0,77.47,78.38,67.68,75.55,72.13,Senior,2,Beginner,1
C02356,Data Analyst,Bachelor's,Information Technology,11,14,5,1,7,5,6,78.54,7,81.74,76.86,80.84,100.0,82.13,83.05,84.85,78.64,Senior,1,Intermediate,1
C02357,DevOps Engineer,Master's,Information Technology,4,6,5,1,7,4,6,68.03,4,56.21,45.87,100.0,91.38,83.46,69.21,75.09,64.48,Mid-Level,2,Beginner,0
C02358,Machine Learning Engineer,Diploma,Information Technology,2,5,2,2,9,3,6,51.47,5,42.99,31.11,72.27,50.03,44.09,47.06,48.73,43.93,Junior,3,Not Ready,0
C02359,Mobile App Developer,Bachelor's,Computer Science,6,7,0,0,10,4,6,63.7,7,67.0,58.5,86.24,62.94,70.49,66.88,67.76,65.18,Mid-Level,2,Beginner,0
C02360,Frontend Developer,Bachelor's,Computer Science,4,7,2,0,4,4,6,64.78,3,65.04,43.31,85.28,68.44,67.95,70.36,65.42,58.83,Mid-Level,2,Beginner,0
C02361,Python Developer,Master's,Computer Science,12,5,3,0,11,5,6,82.51,9,71.19,86.49,100.0,88.77,77.31,86.25,84.14,77.21,Senior,1,Intermediate,1
C02362,Product Designer,Bachelor's,Business,5,4,1,0,9,3,6,54.39,8,41.12,47.76,65.66,72.09,68.72,60.6,60.73,55.69,Mid-Level,3,Beginner,0
C02363,Backend Developer,Bachelor's,Software Engineering,7,10,1,1,8,4,6,66.09,6,76.08,61.07,90.6,73.78,69.61,70.43,69.07,63.89,Mid-Level,2,Beginner,1
C02364,QA Engineer,Master's,Software Engineering,2,3,3,0,10,3,6,49.25,3,48.88,28.79,98.21,74.09,52.71,49.45,58.44,46.84,Junior,3,Not Ready,0
C02365,Frontend Developer,Master's,Information Technology,14,12,0,0,13,5,6,84.97,7,88.34,80.87,98.07,86.61,80.83,88.46,85.18,75.12,Senior,1,Intermediate,1
C02366,Data Scientist,Master's,Data Science,3,4,2,0,7,4,6,70.11,2,53.09,39.3,95.39,70.97,71.56,70.35,71.07,62.82,Mid-Level,2,Beginner,1
C02367,Data Scientist,Bachelor's,Data Science,6,7,5,0,6,5,6,78.37,10,81.58,61.48,90.31,91.51,81.86,78.41,79.54,75.27,Mid-Level,1,Intermediate,0
C02368,Python Developer,Bachelor's,Information Technology,5,6,4,1,6,4,6,66.28,2,63.01,51.96,86.42,84.63,70.07,66.75,73.24,60.72,Mid-Level,2,Beginner,0
C02369,Python Developer,Bachelor's,Information Technology,10,12,4,1,5,4,6,71.48,10,68.0,73.95,94.03,97.1,81.76,72.39,84.48,77.02,Senior,2,Intermediate,0
C02370,Java Developer,Master's,Information Technology,6,7,1,0,8,5,6,85.47,2,69.59,60.92,96.79,84.44,82.53,86.55,79.0,74.43,Mid-Level,1,Beginner,1
C02371,DevOps Engineer,Master's,Electronics,4,3,0,1,8,2,6,30.95,10,39.1,37.56,56.56,69.1,49.14,35.85,46.88,38.35,Mid-Level,4,Not Ready,0
C02372,Python Developer,Bachelor's,Software Engineering,4,5,1,1,5,4,6,64.67,5,67.99,45.07,95.08,73.69,70.74,71.05,66.18,64.2,Mid-Level,2,Beginner,0
C02373,Frontend Developer,Master's,Electronics,13,9,0,1,11,3,6,49.09,10,57.12,69.65,55.99,77.27,66.99,52.49,64.84,50.04,Senior,3,Beginner,0
C02374,QA Engineer,Bachelor's,Software Engineering,8,9,0,0,9,4,6,70.55,9,58.96,66.22,87.74,75.88,68.02,72.69,72.54,59.87,Senior,2,Beginner,1
C02375,Frontend Developer,Diploma,Computer Science,5,9,0,1,10,3,6,47.2,6,56.37,42.59,78.16,55.11,51.57,47.21,53.73,50.1,Mid-Level,3,Beginner,0
C02376,Python Developer,Bachelor's,Software Engineering,1,1,4,0,9,3,6,54.03,3,45.76,32.38,94.93,65.75,55.97,52.33,58.55,56.04,Junior,3,Beginner,0
C02377,Python Developer,Bachelor's,Information Technology,8,11,3,0,7,5,6,85.95,8,81.75,74.33,89.76,92.03,93.04,82.39,85.63,83.37,Senior,1,Intermediate,0
C02378,Data Analyst,Bachelor's,Information Technology,4,9,4,0,10,5,6,87.45,5,84.7,52.91,77.1,75.12,88.82,81.47,79.47,76.66,Mid-Level,1,Intermediate,0
C02379,Data Scientist,Bachelor's,Data Science,0,0,2,0,3,3,6,48.83,10,6.41,24.76,99.92,59.37,53.47,53.64,55.64,43.15,Fresher,3,Not Ready,0
C02380,Mobile App Developer,Bachelor's,Software Engineering,9,15,5,1,10,5,6,82.09,10,85.98,71.8,99.69,90.86,85.38,78.86,87.72,78.52,Senior,1,Intermediate,1
C02381,Machine Learning Engineer,Master's,Computer Science,12,10,5,1,12,5,6,86.55,7,86.35,79.83,100.0,93.28,86.15,83.25,88.47,82.75,Senior,1,Intermediate,1
C02382,Backend Developer,Bachelor's,Information Technology,1,2,1,1,8,3,6,46.95,7,45.39,29.74,91.73,63.5,56.84,52.14,52.8,42.64,Junior,3,Not Ready,0
C02383,Java Developer,Bachelor's,Information Technology,3,3,2,1,4,4,6,63.62,2,62.24,38.76,87.62,59.43,64.79,65.06,60.7,60.5,Mid-Level,2,Beginner,0
C02384,Data Scientist,Bachelor's,Mathematics,6,6,1,1,8,4,6,63.99,5,55.83,50.35,72.63,65.72,62.03,63.47,65.17,53.16,Mid-Level,2,Beginner,0
C02385,Frontend Developer,Master's,Electronics,6,7,3,0,3,3,6,52.53,5,55.12,50.44,59.38,90.42,65.74,55.53,67.25,54.65,Mid-Level,3,Beginner,1
C02386,Product Designer,Diploma,Information Technology,3,10,4,0,7,3,6,54.03,8,48.76,32.85,53.43,63.9,53.74,54.34,53.95,44.82,Mid-Level,3,Not Ready,1
C02387,Backend Developer,Bachelor's,Data Science,3,9,4,1,3,3,6,48.56,6,55.6,39.33,64.13,86.32,56.67,59.52,61.88,54.71,Mid-Level,3,Beginner,0
C02388,Cloud Engineer,Master's,Information Technology,9,12,4,1,11,5,6,82.58,8,83.51,75.24,100.0,100.0,91.68,87.96,88.24,85.8,Senior,1,Intermediate,0
C02389,Data Analyst,Bachelor's,Business,10,8,0,1,11,4,6,62.3,6,65.77,69.92,70.54,74.57,74.34,62.61,68.28,66.67,Senior,2,Beginner,1
C02390,Data Scientist,Bachelor's,Data Science,2,6,5,0,8,3,6,48.86,3,56.39,32.1,94.33,84.12,70.79,51.93,67.2,54.41,Junior,3,Beginner,0
C02391,QA Engineer,Bachelor's,Information Technology,4,10,2,0,9,4,6,67.39,4,69.08,45.61,76.89,84.57,77.69,70.64,74.44,62.8,Mid-Level,2,Beginner,0
C02392,DevOps Engineer,Bachelor's,Computer Science,4,10,5,1,13,5,6,88.01,8,79.44,49.98,84.35,82.56,90.54,88.09,78.59,79.72,Mid-Level,1,Intermediate,1
C02393,Cybersecurity Analyst,PhD,Information Technology,2,4,1,0,6,3,6,45.78,8,43.51,30.39,100.0,78.47,60.06,56.6,63.53,46.89,Junior,3,Not Ready,0
C02394,Backend Developer,Master's,Computer Science,6,8,1,1,11,5,6,84.25,9,82.27,63.47,95.8,75.97,85.82,82.69,79.26,79.29,Mid-Level,1,Intermediate,1
C02395,Cloud Engineer,PhD,Information Technology,9,14,1,0,13,5,6,84.45,2,89.67,75.39,95.38,98.05,88.67,91.78,86.92,83.68,Senior,1,Intermediate,1
C02396,Frontend Developer,Master's,Information Technology,13,7,4,1,12,5,6,83.79,6,80.06,84.02,95.95,98.57,84.55,89.12,86.08,85.49,Senior,1,Intermediate,1
C02397,Data Analyst,Bachelor's,Data Science,2,1,0,0,6,3,6,45.3,2,41.22,30.25,92.72,46.79,38.72,40.76,47.23,42.5,Junior,3,Not Ready,0
C02398,Frontend Developer,Bachelor's,Electronics,3,10,0,0,9,2,6,36.65,8,44.27,31.55,45.34,69.62,53.55,41.12,52.12,39.36,Mid-Level,4,Not Ready,0
C02399,Frontend Developer,Diploma,Computer Science,2,5,0,0,10,3,6,49.95,7,51.78,28.5,82.26,52.02,43.11,49.35,50.35,43.14,Junior,3,Not Ready,0
C02400,Machine Learning Engineer,PhD,Information Technology,9,8,5,0,9,4,6,65.46,8,57.49,72.71,100.0,100.0,83.86,75.37,85.34,69.05,Senior,2,Beginner,1
C02401,Java Developer,Bachelor's,Information Technology,12,11,0,1,7,5,6,87.84,4,84.36,82.14,93.43,78.66,79.11,86.2,83.04,74.77,Senior,1,Beginner,1
C02402,Python Developer,Diploma,Computer Science,4,6,0,0,4,4,6,65.76,10,59.45,43.14,77.58,49.61,57.76,66.58,55.86,56.54,Mid-Level,2,Beginner,0
C02403,Cloud Engineer,Bachelor's,Information Technology,11,11,1,0,12,5,6,82.61,9,86.21,78.59,91.02,90.03,83.11,79.54,83.63,75.36,Senior,1,Intermediate,1
C02404,Cybersecurity Analyst,Bachelor's,Information Technology,6,10,2,1,11,4,6,61.73,10,76.05,54.97,91.71,83.45,65.17,62.19,67.92,60.33,Mid-Level,2,Beginner,0
C02405,Java Developer,Bachelor's,Information Technology,3,10,4,1,7,4,6,62.14,7,74.11,37.52,86.71,74.65,61.33,66.3,64.98,61.9,Mid-Level,2,Beginner,1
C02406,UI/UX Designer,PhD,Computer Science,14,14,0,0,11,4,6,64.14,2,66.91,72.01,85.48,90.38,69.94,72.77,78.46,61.95,Senior,2,Beginner,1
C02407,QA Engineer,Master's,Other,1,5,0,2,4,1,6,19.23,5,16.49,23.51,46.25,67.86,33.99,32.44,37.95,20.83,Junior,5,Not Ready,0
C02408,Python Developer,Master's,Other,11,15,5,0,8,4,6,61.72,4,67.49,68.79,35.76,98.13,73.7,65.14,74.58,64.18,Senior,2,Beginner,0
C02409,Full Stack Developer,Bachelor's,Information Technology,2,1,5,2,5,4,7,56.53,2,48.98,36.25,89.93,75.9,63.79,57.8,66.16,58.47,Junior,3,Beginner,0
C02410,UI/UX Designer,Master's,Design,2,2,1,1,3,3,6,46.53,9,37.36,27.35,99.21,69.67,57.04,49.84,54.75,46.42,Junior,3,Not Ready,0
C02411,Machine Learning Engineer,Master's,Mathematics,14,12,1,1,6,5,6,79.83,9,89.26,78.15,88.08,87.53,89.67,79.34,87.22,72.76,Senior,1,Beginner,1
C02412,Product Designer,Bachelor's,Design,5,10,3,1,6,4,6,63.03,7,65.65,51.27,92.8,84.73,78.99,69.62,74.83,66.08,Mid-Level,2,Beginner,1
C02413,Backend Developer,Bachelor's,Information Technology,5,10,0,0,8,5,6,80.62,2,88.26,52.19,90.35,76.92,76.14,84.51,78.18,70.99,Mid-Level,1,Beginner,0
C02414,Frontend Developer,Bachelor's,Software Engineering,3,9,0,1,10,5,6,80.18,9,73.84,43.31,90.74,74.16,70.45,76.1,72.93,67.69,Mid-Level,1,Beginner,0
C02415,Frontend Developer,Master's,Computer Science,12,14,2,1,9,5,6,88.18,7,94.49,86.77,100.0,98.22,91.4,86.56,93.48,89.29,Senior,1,Intermediate,1
C02416,Python Developer,Master's,Information Technology,3,9,0,1,4,4,6,63.36,10,74.56,34.33,99.93,80.29,70.09,70.1,68.87,54.58,Mid-Level,2,Beginner,0
C02417,Backend Developer,PhD,Computer Science,14,9,4,1,10,5,6,80.69,6,78.47,85.3,98.73,100.0,87.57,87.73,87.02,76.91,Senior,1,Intermediate,1
C02418,Product Designer,Bachelor's,Information Technology,12,9,0,0,7,5,6,83.32,9,75.72,80.44,63.05,85.47,80.19,80.43,80.57,67.28,Senior,1,Beginner,0
C02419,Cloud Engineer,Bachelor's,Computer Science,12,8,4,1,10,4,6,64.63,4,64.97,70.44,83.94,90.27,78.25,71.51,76.61,64.73,Senior,2,Beginner,0
C02420,DevOps Engineer,Master's,Information Technology,9,13,5,0,13,5,6,79.26,7,93.27,73.42,100.0,95.23,91.97,79.23,87.84,84.38,Senior,1,Intermediate,1
C02421,Cloud Engineer,Diploma,Computer Science,0,1,1,3,7,3,6,50.23,8,46.55,33.59,75.56,51.05,50.28,48.58,51.09,47.62,Fresher,3,Not Ready,0
C02422,Cloud Engineer,Master's,Computer Science,1,2,3,0,6,3,6,51.86,10,38.95,31.97,94.4,70.51,66.51,57.82,62.81,52.13,Junior,3,Beginner,0
C02423,Product Designer,Bachelor's,Design,1,4,0,2,9,4,6,64.34,4,55.02,29.69,96.24,49.84,52.61,64.55,55.68,48.47,Junior,2,Not Ready,0
C02424,Cybersecurity Analyst,Bachelor's,Computer Science,12,11,0,0,9,5,6,81.95,2,75.91,84.83,94.7,76.07,78.14,84.4,80.38,75.8,Senior,1,Intermediate,1
C02425,Frontend Developer,Bachelor's,Software Engineering,10,5,3,0,10,5,6,78.55,7,79.2,79.99,91.13,82.78,83.53,78.5,83.74,73.4,Senior,1,Beginner,1
C02426,Machine Learning Engineer,Master's,Mathematics,10,15,5,0,6,5,6,81.46,4,81.28,82.06,88.46,95.14,94.17,88.17,86.05,82.63,Senior,1,Intermediate,1
C02427,Machine Learning Engineer,Bachelor's,Information Technology,6,4,3,0,8,4,6,63.63,3,61.17,52.65,89.94,74.84,65.36,69.64,70.04,58.38,Mid-Level,2,Beginner,1
C02428,Data Analyst,Bachelor's,Data Science,9,11,5,1,11,5,6,82.19,9,83.66,72.05,96.53,90.19,84.76,81.46,82.04,75.85,Senior,1,Intermediate,1
C02429,Machine Learning Engineer,Master's,Data Science,3,9,4,0,5,4,6,68.19,3,74.1,43.92,98.0,85.1,82.26,67.93,78.11,66.9,Mid-Level,2,Beginner,1
C02430,Python Developer,Bachelor's,Software Engineering,4,5,3,1,9,5,6,85.56,5,76.08,53.03,94.17,79.67,75.36,85.26,79.71,73.94,Mid-Level,1,Beginner,1
C02431,Cloud Engineer,Master's,Software Engineering,6,3,2,1,10,4,6,71.31,4,63.65,52.4,100.0,70.32,71.83,73.21,70.05,61.13,Mid-Level,2,Beginner,1
C02432,Data Analyst,Master's,Business,3,3,1,1,6,4,6,65.46,8,55.79,38.47,79.07,69.66,64.87,61.5,63.31,52.58,Mid-Level,2,Beginner,0
C02433,Python Developer,Bachelor's,Computer Science,2,4,0,2,3,3,6,47.78,4,47.66,31.51,94.91,61.35,59.92,49.23,54.48,45.09,Junior,3,Not Ready,0
C02434,Python Developer,Bachelor's,Computer Science,9,5,0,1,12,5,6,79.09,5,80.58,80.12,94.49,75.95,72.11,80.53,76.48,77.08,Senior,1,Intermediate,1
C02435,Machine Learning Engineer,Bachelor's,Other,8,13,3,1,9,3,6,46.94,6,58.25,58.78,37.01,88.71,69.73,51.5,64.0,54.99,Senior,3,Beginner,0
C02436,Data Scientist,Bachelor's,Data Science,3,5,3,1,9,3,6,46.19,7,44.99,34.35,91.18,65.86,58.52,53.84,56.25,49.48,Mid-Level,3,Not Ready,0
C02437,Cybersecurity Analyst,Bachelor's,Other,7,9,1,1,5,2,6,36.96,10,40.12,54.03,25.23,84.44,54.08,50.99,52.34,42.35,Mid-Level,4,Not Ready,0
C02438,Cybersecurity Analyst,Bachelor's,Business,9,5,3,1,8,3,6,45.07,9,46.13,62.76,47.28,75.11,62.56,48.75,59.19,49.09,Senior,3,Not Ready,1
C02439,Python Developer,Diploma,Software Engineering,2,5,3,2,3,3,6,53.84,10,40.67,28.98,88.3,52.92,48.71,49.68,52.17,53.07,Junior,3,Beginner,0
C02440,Backend Developer,Bachelor's,Information Technology,3,8,5,0,10,4,6,64.99,4,71.65,42.35,85.19,77.55,68.14,66.7,66.37,59.39,Mid-Level,2,Beginner,0
C02441,Java Developer,Bachelor's,Electronics,3,8,0,0,9,2,6,35.76,10,35.29,31.87,53.83,61.25,53.73,37.62,48.25,37.53,Mid-Level,4,Not Ready,0
C02442,Python Developer,PhD,Data Science,7,4,5,1,9,5,6,88.07,7,71.98,70.36,95.97,89.59,83.73,88.21,88.05,76.16,Mid-Level,1,Intermediate,1
C02443,Full Stack Developer,Bachelor's,Computer Science,10,5,2,1,14,6,7,90.41,7,72.73,84.59,88.04,83.53,79.82,86.27,86.17,77.78,Senior,1,Intermediate,1
C02444,Python Developer,Master's,Data Science,5,3,0,1,9,5,6,81.06,2,77.77,50.86,97.37,68.76,68.56,80.68,73.36,70.07,Mid-Level,1,Beginner,0
C02445,Machine Learning Engineer,Bachelor's,Data Science,10,11,2,0,7,5,6,85.08,5,76.69,84.92,91.87,85.63,89.08,83.0,87.82,76.33,Senior,1,Intermediate,0
C02446,Data Scientist,PhD,Information Technology,8,12,0,1,6,4,6,71.55,10,65.84,67.23,97.18,83.71,71.25,70.76,78.58,69.92,Senior,2,Beginner,1
C02447,Java Developer,Diploma,Electronics,6,7,4,1,6,2,6,32.72,3,35.68,44.06,38.65,73.17,48.36,44.78,47.94,40.88,Mid-Level,4,Not Ready,0
C02448,Machine Learning Engineer,Master's,Data Science,12,5,1,0,7,5,6,86.35,8,69.1,88.56,100.0,80.87,79.15,83.46,86.82,76.37,Senior,1,Intermediate,1
C02449,Frontend Developer,Master's,Information Technology,10,14,0,0,6,5,6,81.5,5,86.93,78.36,100.0,81.38,83.89,83.03,83.4,79.7,Senior,1,Intermediate,0
C02450,Java Developer,Master's,Software Engineering,3,10,1,0,11,4,6,65.62,10,71.02,36.54,100.0,77.73,64.37,65.84,68.53,55.08,Mid-Level,2,Beginner,0
C02451,Full Stack Developer,Master's,Other,3,7,3,1,10,2,7,31.06,3,40.18,30.59,35.91,85.71,48.17,46.33,49.58,32.28,Mid-Level,5,Not Ready,0
C02452,Backend Developer,Bachelor's,Information Technology,6,7,2,0,11,4,6,66.5,9,63.54,57.97,85.88,75.2,75.12,71.49,70.39,58.98,Mid-Level,2,Beginner,1
C02453,Frontend Developer,Master's,Computer Science,7,8,2,0,4,4,6,61.87,10,57.78,54.23,100.0,90.93,79.79,69.18,73.66,61.29,Mid-Level,2,Beginner,0
C02454,Full Stack Developer,Bachelor's,Computer Science,0,1,0,1,4,3,7,42.21,3,42.94,24.14,94.36,53.81,41.06,41.77,49.73,42.52,Fresher,4,Not Ready,0
C02455,Java Developer,Bachelor's,Other,5,5,3,0,9,2,6,30.19,5,41.24,38.23,29.61,70.28,52.49,41.67,46.36,33.03,Mid-Level,4,Not Ready,0
C02456,Frontend Developer,Bachelor's,Computer Science,8,9,3,0,5,5,6,79.32,2,87.49,68.95,85.48,79.1,82.26,75.07,79.34,78.33,Senior,1,Intermediate,0
C02457,UI/UX Designer,Bachelor's,Design,1,1,3,0,5,3,6,52.32,5,36.95,32.18,94.47,67.12,63.78,58.88,60.8,53.13,Junior,3,Beginner,0
C02458,Product Designer,PhD,Design,15,10,4,1,10,5,6,81.15,3,75.46,80.05,100.0,100.0,89.63,85.35,87.44,79.52,Senior,1,Intermediate,1
C02459,Python Developer,Bachelor's,Information Technology,6,3,3,0,6,4,6,70.29,3,60.32,59.85,86.0,77.81,77.36,71.46,75.49,66.1,Mid-Level,2,Beginner,0
C02460,Data Analyst,Master's,Business,13,9,5,1,5,4,6,70.26,4,60.46,77.1,76.02,100.0,76.6,75.93,78.45,71.68,Senior,2,Beginner,0
C02461,Backend Developer,Master's,Information Technology,10,13,3,0,5,5,6,84.96,9,91.21,88.13,100.0,99.14,90.95,86.47,93.07,85.34,Senior,1,Intermediate,0
C02462,Backend Developer,Bachelor's,Information Technology,9,10,2,0,9,5,6,86.73,2,85.87,75.88,86.19,76.93,74.93,82.01,81.44,80.98,Senior,1,Intermediate,0
C02463,Product Designer,Bachelor's,Business,6,5,3,0,10,4,6,70.8,4,53.75,51.85,67.48,77.36,76.79,70.19,72.89,61.47,Mid-Level,2,Beginner,1
C02464,UI/UX Designer,Diploma,Design,8,13,0,1,11,5,6,78.59,3,90.68,72.14,80.53,59.84,67.13,78.25,72.97,69.87,Senior,1,Beginner,1
C02465,Data Analyst,Bachelor's,Computer Science,9,9,2,0,7,5,6,81.29,10,76.42,75.05,86.57,77.17,72.71,83.34,78.76,72.54,Senior,1,Beginner,1
C02466,Product Designer,Bachelor's,Business,3,10,4,1,7,4,6,70.07,5,68.51,39.95,71.81,83.86,71.71,72.18,67.84,57.61,Mid-Level,2,Beginner,0
C02467,Full Stack Developer,Master's,Computer Science,14,8,2,1,5,5,7,71.03,5,71.8,72.53,96.71,88.3,83.04,69.84,80.24,73.35,Senior,2,Beginner,0
C02468,Product Designer,Bachelor's,Information Technology,6,9,4,1,4,4,6,64.54,7,66.63,58.27,59.0,77.65,70.84,70.62,70.83,64.53,Mid-Level,2,Beginner,0
C02469,Backend Developer,Bachelor's,Information Technology,5,9,5,0,6,4,6,69.06,5,71.94,52.89,89.17,92.66,85.23,75.82,79.41,70.1,Mid-Level,2,Beginner,1
C02470,UI/UX Designer,Diploma,Computer Science,4,3,2,0,11,3,6,50.77,3,46.83,36.07,60.26,49.42,44.04,47.04,50.44,43.55,Mid-Level,3,Not Ready,0
C02471,DevOps Engineer,Diploma,Software Engineering,0,0,2,1,4,3,6,46.75,8,18.38,15.76,83.0,45.77,45.7,45.04,47.13,34.18,Fresher,3,Not Ready,0
C02472,UI/UX Designer,Bachelor's,Computer Science,7,7,0,1,8,4,6,63.85,4,57.48,55.72,71.18,64.2,62.81,61.11,62.36,54.06,Mid-Level,2,Beginner,0
C02473,QA Engineer,Bachelor's,Computer Science,6,8,1,1,10,4,6,65.08,4,68.46,52.27,78.1,77.98,75.56,65.07,73.26,56.6,Mid-Level,2,Beginner,1
C02474,Data Analyst,Master's,Data Science,11,10,2,0,8,5,6,86.89,3,89.01,88.81,99.74,89.59,83.46,87.57,89.18,82.25,Senior,1,Intermediate,1
C02475,Backend Developer,Bachelor's,Software Engineering,10,7,3,0,7,5,6,83.33,8,73.22,80.88,97.59,89.56,78.73,82.9,82.36,73.58,Senior,1,Beginner,0
C02476,Frontend Developer,Bachelor's,Electronics,2,1,5,0,10,2,6,31.29,5,31.7,30.57,51.24,71.8,42.16,41.09,45.37,37.33,Junior,4,Not Ready,0
C02477,DevOps Engineer,Bachelor's,Software Engineering,1,6,4,1,11,3,6,45.95,10,48.26,25.35,90.97,70.75,60.99,46.2,56.1,52.46,Junior,3,Beginner,0
C02478,Data Scientist,Bachelor's,Mathematics,12,14,3,1,7,4,6,63.88,6,78.87,70.97,79.03,81.95,64.55,65.11,72.71,66.88,Senior,2,Beginner,0
C02479,Full Stack Developer,Bachelor's,Software Engineering,0,3,2,1,2,2,7,30.52,5,34.19,30.94,92.13,63.67,36.01,34.46,47.04,38.11,Fresher,5,Not Ready,0
C02480,Frontend Developer,Bachelor's,Software Engineering,2,4,4,1,10,3,6,48.89,4,43.9,27.17,96.72,66.29,51.06,48.46,53.55,50.09,Junior,3,Beginner,0
C02481,Frontend Developer,Bachelor's,Information Technology,6,5,2,1,8,3,6,54.59,5,42.19,55.14,91.68,75.66,58.51,56.96,61.81,55.81,Mid-Level,3,Beginner,1
C02482,UI/UX Designer,Master's,Design,2,2,5,2,12,4,6,69.05,5,50.59,36.89,98.48,75.93,65.65,66.3,69.73,57.94,Junior,2,Beginner,1
C02483,DevOps Engineer,Master's,Software Engineering,13,13,3,1,8,5,6,83.13,5,87.27,87.09,100.0,89.57,81.14,79.99,87.47,82.11,Senior,1,Intermediate,0
C02484,Machine Learning Engineer,Bachelor's,Data Science,9,7,5,1,12,5,6,87.85,3,80.1,76.42,90.08,81.17,88.61,86.2,87.84,84.29,Senior,1,Intermediate,1
C02485,UI/UX Designer,Master's,Information Technology,6,10,3,1,4,3,6,50.3,8,55.9,46.39,74.51,83.57,60.11,52.06,65.41,55.08,Mid-Level,3,Beginner,1
C02486,Product Designer,Bachelor's,Business,9,12,2,0,6,5,6,82.18,6,88.07,80.06,68.6,90.23,91.84,78.85,83.72,73.85,Senior,1,Beginner,1
C02487,Cloud Engineer,Bachelor's,Computer Science,9,13,5,1,13,5,6,81.03,6,91.83,74.71,81.78,95.46,88.49,79.7,87.7,81.46,Senior,1,Intermediate,1
C02488,QA Engineer,Master's,Software Engineering,8,6,5,0,9,5,6,86.82,10,83.0,76.07,98.5,90.51,83.69,91.66,87.85,79.93,Senior,1,Intermediate,1
C02489,Machine Learning Engineer,Bachelor's,Computer Science,9,9,0,1,9,4,6,63.08,6,70.76,68.57,88.29,81.27,74.37,63.39,71.38,65.15,Senior,2,Beginner,1
C02490,Frontend Developer,Diploma,Information Technology,2,4,0,1,11,4,6,71.11,8,58.6,33.51,75.8,44.73,56.38,65.77,56.16,50.09,Junior,2,Beginner,1
C02491,Machine Learning Engineer,Bachelor's,Information Technology,12,12,1,1,10,5,6,84.61,8,91.53,80.48,82.86,83.26,84.21,81.61,84.58,73.42,Senior,1,Beginner,1
C02492,Cybersecurity Analyst,Bachelor's,Electronics,4,10,4,0,11,4,6,71.44,8,65.69,41.94,74.83,85.94,76.51,77.56,73.98,66.63,Mid-Level,2,Beginner,0
C02493,Full Stack Developer,Master's,Computer Science,12,6,0,1,13,5,7,68.61,5,65.81,73.06,100.0,72.81,72.62,74.29,75.07,68.87,Senior,2,Beginner,1
C02494,Machine Learning Engineer,Master's,Other,3,6,5,1,11,3,6,49.17,7,54.77,32.09,49.7,84.75,68.08,56.62,59.74,52.12,Mid-Level,3,Beginner,0
C02495,Cloud Engineer,Bachelor's,Other,9,8,5,0,7,4,6,70.4,9,70.26,74.97,31.52,87.09,79.27,74.64,74.32,64.38,Senior,2,Beginner,1
C02496,Product Designer,Bachelor's,Information Technology,9,9,4,0,8,5,6,87.87,10,75.8,74.27,58.05,87.38,93.03,91.93,82.44,75.0,Senior,1,Intermediate,1
C02497,Data Scientist,Bachelor's,Mathematics,11,6,4,0,12,5,6,86.19,10,77.0,81.07,72.58,78.14,87.47,88.05,83.98,74.74,Senior,1,Beginner,1
C02498,Python Developer,Diploma,Computer Science,4,6,3,0,12,4,6,66.43,10,67.39,41.47,81.8,59.62,60.28,61.3,59.71,61.84,Mid-Level,2,Beginner,1
C02499,Data Scientist,Master's,Computer Science,3,9,3,0,8,4,6,65.79,6,70.19,34.86,95.17,88.76,68.03,74.77,67.56,63.67,Mid-Level,2,Beginner,1
C02500,Cloud Engineer,Bachelor's,Computer Science,2,3,0,2,11,3,6,52.78,2,50.76,30.62,85.29,50.46,54.76,50.1,49.95,48.97,Junior,3,Not Ready,0
C02501,Java Developer,Diploma,Computer Science,1,1,0,0,9,4,6,62.3,6,60.69,25.1,78.11,47.16,56.64,57.34,52.54,45.34,Junior,2,Not Ready,0
C02502,Frontend Developer,Bachelor's,Software Engineering,5,4,3,1,6,4,6,68.18,6,64.02,49.64,96.31,70.74,63.12,71.49,69.15,60.55,Mid-Level,2,Beginner,0
C02503,Machine Learning Engineer,Bachelor's,Computer Science,6,9,0,1,4,3,6,48.83,5,55.75,48.71,85.9,80.39,64.92,55.61,64.63,47.52,Mid-Level,3,Not Ready,0
C02504,Frontend Developer,Master's,Software Engineering,12,8,3,1,11,4,6,63.75,9,60.28,70.76,100.0,94.13,76.62,65.0,80.7,64.7,Senior,2,Beginner,1
C02505,Frontend Developer,Bachelor's,Information Technology,8,12,2,0,12,4,6,71.54,6,73.13,62.87,89.23,86.19,73.92,79.36,78.97,70.37,Senior,2,Beginner,1
C02506,UI/UX Designer,Diploma,Design,3,5,3,1,4,4,6,62.39,7,68.39,42.54,80.6,65.29,61.56,58.16,58.79,55.82,Mid-Level,2,Beginner,1
C02507,UI/UX Designer,Bachelor's,Computer Science,3,3,4,0,11,4,6,65.44,3,52.4,38.03,73.0,67.59,70.53,70.21,66.38,54.35,Mid-Level,2,Beginner,0
C02508,Java Developer,Diploma,Other,8,15,4,1,9,3,6,46.97,7,66.22,59.3,24.68,72.94,57.13,55.33,56.06,48.25,Senior,3,Not Ready,0
C02509,Data Scientist,Master's,Information Technology,6,10,2,1,4,4,6,65.4,2,68.85,52.88,94.77,87.8,69.12,66.09,74.69,66.81,Mid-Level,2,Beginner,0
C02510,Cloud Engineer,Bachelor's,Computer Science,5,6,3,0,9,5,6,81.22,8,80.77,58.76,82.86,82.13,74.28,84.11,74.52,68.81,Mid-Level,1,Beginner,1
C02511,Mobile App Developer,Bachelor's,Information Technology,10,10,1,1,10,5,6,80.04,6,74.02,81.19,90.71,86.03,84.83,85.21,83.73,70.23,Senior,1,Beginner,0
C02512,UI/UX Designer,Bachelor's,Computer Science,9,11,4,0,11,5,6,81.57,5,77.55,73.71,71.65,89.8,84.73,82.99,82.84,71.01,Senior,1,Beginner,1
C02513,Cloud Engineer,Master's,Information Technology,4,10,5,0,6,4,6,62.47,7,71.09,41.16,98.17,89.08,74.6,69.51,73.4,68.28,Mid-Level,2,Beginner,1
C02514,QA Engineer,Bachelor's,Computer Science,4,8,4,1,5,4,6,67.51,10,60.79,48.5,73.92,74.37,69.21,73.21,67.46,64.09,Mid-Level,2,Beginner,1
C02515,Java Developer,Bachelor's,Computer Science,6,5,0,0,10,5,6,85.87,7,67.13,60.32,88.22,71.76,78.98,87.31,80.0,72.37,Mid-Level,1,Beginner,0
C02516,Backend Developer,Bachelor's,Computer Science,3,8,2,0,5,4,6,65.28,9,62.95,39.3,91.88,76.53,68.15,64.04,67.34,63.81,Mid-Level,2,Beginner,1
C02517,QA Engineer,Bachelor's,Information Technology,8,10,1,1,11,5,6,79.57,10,77.73,70.74,77.62,78.57,72.45,80.66,73.62,71.37,Senior,1,Beginner,1
C02518,Java Developer,Bachelor's,Computer Science,11,14,2,1,8,5,6,82.65,5,85.24,83.25,90.96,78.24,74.89,79.13,81.6,78.33,Senior,1,Intermediate,1
C02519,Machine Learning Engineer,Master's,Mathematics,4,9,2,0,6,4,6,65.12,6,72.13,44.19,87.38,75.61,75.94,66.29,67.81,64.24,Mid-Level,2,Beginner,0
C02520,Cloud Engineer,Master's,Information Technology,13,6,1,0,10,5,6,81.79,8,80.58,84.68,100.0,87.58,77.73,87.18,85.22,80.91,Senior,1,Intermediate,1
C02521,Backend Developer,Bachelor's,Software Engineering,7,9,1,1,5,4,6,68.62,3,65.38,65.5,91.52,83.42,80.84,74.47,78.35,68.32,Mid-Level,2,Beginner,0
C02522,QA Engineer,Master's,Business,4,7,1,1,12,4,6,70.94,6,64.68,50.83,69.48,73.93,74.4,70.27,70.21,63.46,Mid-Level,2,Beginner,0
C02523,QA Engineer,Bachelor's,Information Technology,6,9,0,1,5,4,6,70.75,2,58.94,52.55,76.34,79.27,76.76,76.97,72.71,60.34,Mid-Level,2,Beginner,1
C02524,Backend Developer,Bachelor's,Information Technology,2,5,3,0,10,3,6,47.98,6,45.44,28.06,85.78,66.87,60.27,48.59,55.65,44.09,Junior,3,Not Ready,0
C02525,UI/UX Designer,Bachelor's,Information Technology,11,14,1,0,10,5,6,81.19,8,80.86,86.22,61.56,85.77,75.7,78.47,79.67,70.32,Senior,1,Beginner,1
C02526,Data Analyst,Bachelor's,Information Technology,10,10,0,0,10,5,6,80.89,4,83.1,80.11,82.17,80.08,86.0,77.22,82.25,73.36,Senior,1,Beginner,1
C02527,Full Stack Developer,Diploma,Software Engineering,0,0,0,2,10,2,7,24.22,10,14.49,32.37,86.4,40.31,31.14,29.51,36.35,25.59,Fresher,5,Not Ready,0
C02528,Machine Learning Engineer,Bachelor's,Computer Science,3,3,4,1,10,5,6,86.38,5,78.14,44.07,94.99,66.63,79.44,86.24,74.02,72.92,Mid-Level,1,Beginner,0
C02529,Python Developer,Bachelor's,Information Technology,11,10,4,0,10,5,6,87.21,10,74.62,79.33,94.72,99.13,92.74,91.62,89.26,83.15,Senior,1,Intermediate,0
C02530,Data Analyst,Diploma,Data Science,1,4,2,2,3,3,6,46.62,8,39.77,23.53,86.78,56.17,56.23,50.05,49.68,45.51,Junior,3,Not Ready,0
C02531,Cloud Engineer,Bachelor's,Information Technology,5,3,5,1,13,5,6,85.76,6,65.31,53.91,89.76,84.65,92.96,83.73,82.02,76.22,Mid-Level,1,Intermediate,0
C02532,Data Scientist,Bachelor's,Information Technology,1,1,3,0,3,3,6,51.54,4,39.64,28.95,82.0,62.14,59.05,53.27,53.42,45.08,Junior,3,Not Ready,0
C02533,Full Stack Developer,Diploma,Software Engineering,6,7,4,0,11,5,7,67.36,4,72.76,54.75,86.84,67.46,61.83,66.97,68.37,61.92,Mid-Level,2,Beginner,1
C02534,Cybersecurity Analyst,PhD,Electronics,9,6,0,1,9,4,6,68.83,3,67.53,74.63,85.91,82.73,79.67,76.13,77.6,68.29,Senior,2,Beginner,1
C02535,Java Developer,Master's,Electronics,1,4,4,1,6,1,6,19.0,4,23.87,23.56,62.0,67.16,37.34,31.81,43.21,28.09,Junior,5,Not Ready,0
C02536,Python Developer,Master's,Data Science,3,4,0,0,4,4,6,61.85,9,62.92,41.07,97.73,69.75,63.91,68.37,66.44,57.35,Mid-Level,2,Beginner,1
C02537,Mobile App Developer,Master's,Electronics,14,10,0,0,5,4,6,66.94,3,65.59,75.25,57.51,86.24,70.57,75.03,73.32,62.57,Senior,2,Beginner,1
C02538,Full Stack Developer,Diploma,Software Engineering,7,5,3,0,13,5,7,72.85,8,66.36,62.48,85.84,61.9,64.96,70.91,69.62,65.96,Mid-Level,2,Beginner,1
C02539,QA Engineer,Diploma,Software Engineering,2,1,2,0,3,3,6,46.25,6,44.29,30.8,72.08,47.4,53.62,43.77,48.17,49.53,Junior,3,Not Ready,0
C02540,Cloud Engineer,Bachelor's,Information Technology,4,3,1,0,7,4,6,67.94,7,64.49,46.61,89.53,65.24,65.5,68.55,64.17,58.94,Mid-Level,2,Beginner,0
C02541,Machine Learning Engineer,Master's,Computer Science,14,11,1,1,13,5,6,80.47,5,79.21,83.83,100.0,87.39,80.6,85.96,82.51,79.09,Senior,1,Intermediate,1
C02542,Machine Learning Engineer,Bachelor's,Other,2,1,1,0,10,2,6,31.35,8,25.82,22.89,33.91,64.12,37.63,39.9,41.48,32.33,Junior,4,Not Ready,0
C02543,Mobile App Developer,Master's,Information Technology,10,14,2,0,5,5,6,81.77,3,93.11,79.95,96.63,90.98,89.87,86.1,85.57,77.07,Senior,1,Intermediate,0
C02544,Data Analyst,Bachelor's,Information Technology,8,5,2,0,5,5,6,84.96,10,73.01,69.75,84.46,77.54,83.78,81.29,79.95,73.06,Senior,1,Beginner,0
C02545,Mobile App Developer,Bachelor's,Information Technology,4,3,0,0,8,4,6,66.17,9,56.58,41.18,86.31,62.86,68.15,69.92,61.62,52.6,Mid-Level,2,Beginner,0
C02546,QA Engineer,Bachelor's,Software Engineering,12,8,2,0,13,5,6,86.31,6,81.65,80.22,89.86,75.93,78.56,79.43,83.82,75.99,Senior,1,Intermediate,1
C02547,Data Analyst,Bachelor's,Data Science,11,5,5,0,7,4,6,64.87,5,62.68,74.77,99.72,88.02,66.7,72.9,73.35,73.86,Senior,2,Beginner,1
C02548,Mobile App Developer,Bachelor's,Information Technology,6,10,1,0,13,5,6,81.38,9,77.98,60.83,86.18,70.43,81.26,83.39,78.6,67.16,Mid-Level,1,Beginner,0
C02549,Cloud Engineer,Diploma,Information Technology,3,7,4,0,12,5,6,83.71,5,83.12,41.86,83.02,69.08,69.98,79.75,68.7,74.12,Mid-Level,1,Beginner,1
C02550,Mobile App Developer,Bachelor's,Software Engineering,7,6,2,0,7,5,6,85.69,6,72.29,67.34,96.86,77.06,74.25,81.55,81.62,71.74,Mid-Level,1,Beginner,1
C02551,Data Analyst,Bachelor's,Data Science,7,8,4,1,11,4,6,67.2,5,72.04,58.43,93.26,85.53,72.24,74.97,73.6,67.72,Mid-Level,2,Beginner,1
C02552,QA Engineer,Master's,Software Engineering,13,9,4,0,7,5,6,79.57,10,87.17,76.04,98.02,100.0,89.19,83.85,85.47,83.14,Senior,1,Intermediate,1
C02553,DevOps Engineer,Master's,Computer Science,7,4,4,0,7,5,6,78.56,9,68.44,60.86,92.68,83.2,76.96,84.42,78.56,72.48,Mid-Level,1,Beginner,0
C02554,Cloud Engineer,Bachelor's,Computer Science,9,9,2,1,13,5,6,81.64,4,84.2,81.18,83.72,77.74,72.11,81.81,81.14,77.02,Senior,1,Intermediate,1
C02555,Data Scientist,Bachelor's,Other,10,11,2,0,10,3,6,46.67,2,61.53,68.07,38.94,93.86,58.99,56.57,65.1,54.61,Senior,3,Beginner,0
C02556,Machine Learning Engineer,Master's,Computer Science,4,8,2,1,8,3,6,48.62,3,54.75,43.23,97.13,74.52,51.14,53.88,61.13,50.33,Mid-Level,3,Beginner,1
C02557,Machine Learning Engineer,Bachelor's,Data Science,6,3,0,1,10,4,6,68.77,9,56.0,56.1,99.13,61.07,63.28,63.55,67.17,61.48,Mid-Level,2,Beginner,1
C02558,Full Stack Developer,Bachelor's,Computer Science,12,13,4,0,13,5,7,69.38,3,75.49,77.75,94.64,96.53,77.45,71.26,80.51,71.33,Senior,2,Beginner,1
C02559,Mobile App Developer,Bachelor's,Electronics,1,2,3,1,6,2,6,31.77,3,32.95,20.66,51.57,70.19,42.33,41.82,43.41,32.78,Junior,4,Not Ready,0
C02560,Frontend Developer,Master's,Computer Science,2,2,0,0,4,3,6,49.02,9,35.89,33.9,100.0,66.68,59.98,56.71,60.49,51.23,Junior,3,Beginner,0
C02561,Backend Developer,Bachelor's,Other,6,8,3,1,11,3,6,53.79,5,44.49,52.73,33.72,74.73,54.58,55.57,59.55,50.59,Mid-Level,3,Beginner,0
C02562,Data Analyst,Bachelor's,Other,5,5,4,1,8,2,6,30.38,8,28.59,37.45,39.94,71.56,38.98,36.47,47.18,36.07,Mid-Level,4,Not Ready,0
C02563,Cloud Engineer,Master's,Information Technology,10,8,3,0,12,5,6,81.57,9,86.3,83.96,95.79,93.57,81.44,82.86,85.19,75.95,Senior,1,Intermediate,1
C02564,Product Designer,PhD,Information Technology,11,15,5,1,7,4,6,62.07,5,67.56,77.78,75.13,100.0,74.69,70.09,78.69,70.88,Senior,2,Beginner,1
C02565,UI/UX Designer,Master's,Design,3,7,3,0,5,5,6,79.03,9,76.79,42.84,100.0,72.02,71.9,78.42,69.69,67.82,Mid-Level,1,Beginner,1
C02566,Product Designer,Master's,Design,10,12,1,0,13,5,6,82.4,5,86.07,83.18,97.06,90.78,78.88,87.32,87.36,73.44,Senior,1,Beginner,1
C02567,Cloud Engineer,Bachelor's,Computer Science,8,15,1,0,10,5,6,88.02,2,87.55,75.09,89.33,72.45,75.04,87.13,79.4,73.02,Senior,1,Beginner,1
C02568,Mobile App Developer,Master's,Software Engineering,11,5,2,0,5,5,6,80.92,7,81.65,79.6,100.0,88.68,78.61,79.44,82.08,73.11,Senior,1,Beginner,1
C02569,Java Developer,Bachelor's,Information Technology,5,10,2,0,9,5,6,86.36,5,75.28,58.13,91.44,81.95,88.17,82.17,80.87,77.64,Mid-Level,1,Intermediate,1
C02570,Mobile App Developer,Bachelor's,Computer Science,12,8,2,1,10,5,6,82.1,10,75.94,81.1,88.47,81.05,82.75,77.68,85.32,80.87,Senior,1,Intermediate,1
C02571,Cloud Engineer,Master's,Software Engineering,4,9,2,0,5,4,6,62.16,10,60.42,43.82,98.24,88.39,71.62,67.65,73.11,56.85,Mid-Level,2,Beginner,1
C02572,Mobile App Developer,Bachelor's,Information Technology,5,8,1,0,12,5,6,84.59,2,78.41,57.86,90.8,66.97,83.38,85.66,76.9,74.12,Mid-Level,1,Beginner,0
C02573,Product Designer,Bachelor's,Other,1,1,4,2,7,2,6,32.57,5,31.0,19.98,30.22,69.73,48.47,42.96,41.64,34.09,Junior,4,Not Ready,0
C02574,Java Developer,PhD,Electronics,7,7,4,0,6,3,6,47.47,5,55.91,50.07,61.69,86.76,68.91,51.41,62.3,51.61,Mid-Level,3,Beginner,1
C02575,UI/UX Designer,Master's,Computer Science,8,15,4,0,10,4,6,63.33,7,69.59,62.8,76.34,95.45,72.72,73.21,77.82,61.74,Senior,2,Beginner,0
C02576,UI/UX Designer,Master's,Design,7,10,3,1,9,4,6,65.61,6,75.0,55.03,100.0,81.74,67.25,67.02,71.81,69.4,Mid-Level,2,Beginner,0
C02577,Full Stack Developer,Bachelor's,Information Technology,6,3,5,1,6,4,7,61.69,8,44.44,49.65,87.88,78.35,75.27,61.03,69.71,56.41,Mid-Level,3,Beginner,1
C02578,Data Scientist,Bachelor's,Information Technology,3,10,3,1,5,4,6,70.74,3,66.89,42.93,80.14,78.83,69.01,70.53,66.65,61.53,Mid-Level,2,Beginner,0
C02579,UI/UX Designer,Diploma,Computer Science,1,1,5,1,9,4,6,65.04,8,50.39,31.63,63.93,51.69,58.23,64.11,55.32,55.71,Junior,2,Beginner,0
C02580,Data Scientist,Master's,Computer Science,12,13,3,1,11,5,6,88.24,9,84.41,82.17,97.91,90.51,96.11,83.96,89.14,83.6,Senior,1,Intermediate,1
C02581,Cybersecurity Analyst,Bachelor's,Computer Science,1,5,5,0,8,3,6,48.69,5,47.89,27.78,90.62,74.78,55.06,56.56,55.39,47.65,Junior,3,Not Ready,0
C02582,QA Engineer,Bachelor's,Software Engineering,3,7,4,0,6,4,6,66.74,5,61.38,38.59,89.94,79.03,77.87,70.58,71.09,63.31,Mid-Level,2,Beginner,0
C02583,Machine Learning Engineer,Master's,Data Science,6,5,5,0,5,5,6,84.2,7,79.75,64.48,95.1,80.42,86.23,82.61,82.98,79.84,Mid-Level,1,Intermediate,1
C02584,Data Analyst,Bachelor's,Computer Science,1,3,4,1,6,3,6,52.38,10,37.8,28.6,85.16,64.73,64.57,55.05,56.32,46.38,Junior,3,Not Ready,1
C02585,Frontend Developer,Bachelor's,Computer Science,10,9,2,1,5,4,6,67.33,6,68.41,76.32,86.42,91.73,84.74,76.1,82.88,67.17,Senior,2,Beginner,0
C02586,Backend Developer,Bachelor's,Software Engineering,3,10,0,0,12,5,6,80.65,5,81.34,42.81,96.47,68.77,71.5,83.14,71.15,66.66,Mid-Level,1,Beginner,0
C02587,Product Designer,Bachelor's,Design,3,3,0,1,12,4,6,64.42,7,49.88,38.34,95.7,65.38,57.46,60.05,64.45,49.93,Mid-Level,2,Not Ready,0
C02588,Full Stack Developer,Bachelor's,Software Engineering,12,11,2,1,9,6,7,84.12,3,87.76,86.9,95.07,78.9,87.04,79.78,84.41,78.26,Senior,1,Intermediate,1
C02589,DevOps Engineer,Bachelor's,Software Engineering,10,15,1,1,5,5,6,84.73,4,91.09,82.42,87.39,77.43,80.68,85.29,82.96,80.5,Senior,1,Intermediate,1
C02590,Java Developer,Bachelor's,Information Technology,8,6,5,1,6,5,6,81.77,9,77.31,74.95,92.5,85.01,80.83,81.72,81.34,80.03,Senior,1,Intermediate,0
C02591,Full Stack Developer,Diploma,Information Technology,7,3,4,0,9,6,7,81.72,3,72.97,69.42,83.65,67.23,68.32,74.87,73.62,69.2,Mid-Level,1,Beginner,1
C02592,Python Developer,Master's,Data Science,9,15,3,1,8,5,6,79.39,7,81.84,77.55,98.33,97.4,94.43,86.64,89.39,77.71,Senior,1,Intermediate,0
C02593,UI/UX Designer,Bachelor's,Design,9,14,5,0,7,5,6,79.26,4,91.14,75.27,90.32,99.28,80.65,83.44,83.08,83.58,Senior,1,Intermediate,1
C02594,Frontend Developer,Master's,Electronics,1,2,3,1,7,2,6,30.18,8,26.51,24.32,59.97,73.01,42.95,35.03,46.08,30.91,Junior,4,Not Ready,0
C02595,Frontend Developer,Bachelor's,Software Engineering,7,4,2,0,8,3,6,54.65,5,38.0,57.47,93.25,65.22,52.21,52.53,61.45,57.7,Mid-Level,3,Beginner,0
C02596,QA Engineer,Bachelor's,Information Technology,9,15,3,0,10,4,6,61.88,2,79.55,72.99,76.03,82.13,72.78,70.42,71.92,69.96,Senior,2,Beginner,0
C02597,Product Designer,Bachelor's,Design,4,9,0,0,7,5,6,80.91,4,76.7,47.12,99.99,68.26,83.69,77.07,74.48,72.03,Mid-Level,1,Beginner,1
C02598,Product Designer,Bachelor's,Computer Science,0,2,3,1,8,2,6,28.77,2,27.65,16.12,58.46,64.47,39.69,36.97,41.52,28.97,Fresher,4,Not Ready,0
C02599,Cybersecurity Analyst,Bachelor's,Computer Science,8,7,0,0,11,5,6,85.06,5,71.82,76.99,91.15,65.69,77.16,83.52,74.92,76.16,Senior,1,Intermediate,0
C02600,Full Stack Developer,Diploma,Software Engineering,2,5,4,2,5,4,7,53.58,3,53.11,32.47,80.72,54.81,57.73,53.71,54.23,49.23,Junior,3,Not Ready,0
C02601,Cloud Engineer,Bachelor's,Software Engineering,7,5,5,0,7,4,6,67.83,6,57.31,60.82,91.57,81.78,76.18,69.78,76.66,69.99,Mid-Level,2,Beginner,1
C02602,DevOps Engineer,Master's,Electronics,5,5,1,1,7,3,6,45.68,7,48.56,44.11,58.55,75.35,59.87,53.35,58.77,42.74,Mid-Level,3,Not Ready,0
C02603,Cloud Engineer,Bachelor's,Information Technology,6,10,5,0,9,5,6,79.58,10,76.73,59.27,90.58,85.26,80.39,76.07,76.48,70.3,Mid-Level,1,Beginner,1
C02604,Python Developer,Master's,Information Technology,2,1,4,0,8,3,6,52.09,5,47.19,30.8,96.38,66.04,51.37,56.36,59.44,52.99,Junior,3,Beginner,1
C02605,Cybersecurity Analyst,Bachelor's,Business,7,9,4,0,5,2,6,29.51,8,43.41,44.8,48.71,88.74,50.54,42.08,52.59,44.61,Mid-Level,4,Not Ready,0
C02606,DevOps Engineer,Bachelor's,Computer Science,2,3,1,0,8,4,6,67.87,10,52.91,32.88,82.15,61.72,66.18,64.38,63.26,58.91,Junior,2,Beginner,0
C02607,Machine Learning Engineer,Bachelor's,Information Technology,0,1,0,2,7,3,6,45.2,10,36.87,24.22,80.62,53.83,43.2,45.25,46.23,42.67,Fresher,3,Not Ready,0
C02608,UI/UX Designer,Bachelor's,Information Technology,6,6,1,1,4,4,6,68.33,5,59.13,57.97,68.23,74.27,63.79,64.95,68.29,63.8,Mid-Level,2,Beginner,0
C02609,Java Developer,Master's,Software Engineering,7,5,1,0,11,4,6,68.44,6,64.22,65.11,100.0,73.87,63.25,73.61,69.12,66.65,Mid-Level,2,Beginner,0
C02610,Frontend Developer,Bachelor's,Electronics,10,7,5,0,5,3,6,52.94,3,43.62,70.6,51.55,90.36,70.9,64.66,70.7,62.95,Senior,3,Beginner,0
C02611,Machine Learning Engineer,Bachelor's,Computer Science,7,8,3,0,13,5,6,78.88,6,76.4,63.26,87.98,88.18,80.49,84.91,79.72,76.2,Mid-Level,1,Intermediate,0
C02612,DevOps Engineer,Bachelor's,Information Technology,12,14,1,1,11,5,6,80.93,6,83.3,79.78,86.86,84.99,80.74,83.87,85.24,74.3,Senior,1,Beginner,0
C02613,QA Engineer,Bachelor's,Information Technology,2,3,2,2,4,4,6,63.84,9,52.75,37.59,78.76,65.48,71.82,68.21,61.71,51.66,Junior,2,Beginner,0
C02614,QA Engineer,Bachelor's,Software Engineering,4,7,1,1,10,4,6,62.91,3,56.58,48.46,88.51,63.35,58.5,58.9,64.58,61.27,Mid-Level,2,Beginner,0
C02615,Full Stack Developer,Bachelor's,Information Technology,4,7,0,1,7,5,7,73.25,3,67.71,42.78,94.51,71.28,69.81,71.63,70.71,65.91,Mid-Level,2,Beginner,0
C02616,Full Stack Developer,Master's,Software Engineering,12,10,4,0,7,6,7,88.28,4,88.12,85.1,100.0,100.0,98.04,89.0,96.16,89.57,Senior,1,Intermediate,1
C02617,Product Designer,Master's,Design,4,4,2,1,10,4,6,67.41,10,65.87,48.47,95.35,73.1,75.46,71.99,73.05,66.34,Mid-Level,2,Beginner,1
C02618,Python Developer,Bachelor's,Information Technology,2,4,1,0,11,3,6,52.42,4,40.46,35.8,86.82,65.29,63.58,51.39,58.77,47.01,Junior,3,Not Ready,0
C02619,Product Designer,Bachelor's,Computer Science,11,9,1,0,7,4,6,67.33,10,64.96,77.34,55.46,85.17,79.82,70.75,78.04,69.07,Senior,2,Beginner,1
C02620,Data Scientist,Bachelor's,Data Science,7,9,4,1,7,4,6,67.32,6,73.83,65.16,95.94,91.66,84.31,70.46,78.09,74.51,Mid-Level,2,Beginner,1
C02621,QA Engineer,Bachelor's,Business,2,3,4,0,11,3,6,46.1,10,44.53,30.74,64.31,74.12,49.77,53.98,56.22,45.55,Junior,3,Not Ready,0
C02622,Data Scientist,Bachelor's,Other,4,9,3,0,10,2,6,32.37,10,34.67,36.14,34.97,85.61,52.27,43.69,53.79,35.69,Mid-Level,4,Not Ready,1
C02623,Cloud Engineer,Master's,Information Technology,11,6,2,0,5,4,6,66.7,3,60.04,79.75,97.66,85.03,79.73,67.32,82.23,72.64,Senior,2,Beginner,1
C02624,Mobile App Developer,Bachelor's,Information Technology,12,13,5,0,10,5,6,86.23,5,91.75,87.84,85.78,100.0,93.22,85.85,93.53,86.25,Senior,1,Intermediate,0
C02625,Cybersecurity Analyst,Master's,Computer Science,2,2,2,1,11,3,6,49.83,2,50.14,28.52,97.97,73.35,53.62,56.4,57.08,49.69,Junior,3,Not Ready,0
C02626,Cloud Engineer,Bachelor's,Other,6,3,1,1,8,2,6,32.25,6,30.05,42.71,31.31,60.05,50.53,36.97,44.3,34.9,Mid-Level,4,Not Ready,0
C02627,Java Developer,Diploma,Computer Science,8,13,2,1,4,4,6,63.64,6,71.55,65.11,81.24,65.0,70.92,67.14,70.57,63.21,Senior,2,Beginner,0
C02628,Full Stack Developer,Bachelor's,Software Engineering,3,7,2,0,9,4,7,55.4,2,56.07,37.89,95.95,64.63,57.84,61.48,61.98,54.79,Mid-Level,3,Beginner,0
C02629,Full Stack Developer,Diploma,Computer Science,0,1,3,2,2,2,7,28.45,3,28.06,13.15,79.61,49.53,31.49,35.18,35.3,31.88,Fresher,5,Not Ready,0
C02630,Data Analyst,Bachelor's,Data Science,5,9,1,1,7,4,6,62.21,4,68.24,46.96,97.53,73.81,73.71,64.24,72.21,57.67,Mid-Level,2,Beginner,1
C02631,DevOps Engineer,Bachelor's,Electronics,11,11,4,1,5,3,6,47.8,3,50.61,65.78,54.33,98.56,64.82,54.22,66.87,56.22,Senior,3,Beginner,0
C02632,DevOps Engineer,Bachelor's,Other,7,4,2,1,7,2,6,35.27,6,36.44,43.97,27.74,70.34,42.02,46.29,49.0,39.27,Mid-Level,4,Not Ready,0
C02633,Cloud Engineer,Bachelor's,Computer Science,0,2,1,2,10,3,6,50.59,8,45.91,20.24,87.8,50.31,55.2,50.07,52.8,44.55,Fresher,3,Not Ready,0
C02634,Full Stack Developer,Bachelor's,Software Engineering,2,6,3,1,12,4,7,56.19,9,54.59,30.19,95.5,69.05,58.01,57.65,59.9,50.07,Junior,3,Beginner,0
C02635,DevOps Engineer,Bachelor's,Information Technology,7,8,4,1,6,5,6,79.07,9,80.95,67.86,86.74,91.13,82.32,84.72,80.48,71.86,Mid-Level,1,Beginner,1
C02636,Machine Learning Engineer,Bachelor's,Computer Science,12,15,1,1,7,5,6,82.44,6,90.03,77.29,87.46,82.83,81.77,78.12,79.9,76.81,Senior,1,Intermediate,0
C02637,Backend Developer,Master's,Computer Science,9,9,4,0,10,4,6,66.14,2,74.61,68.32,100.0,86.27,73.95,67.23,77.73,71.62,Senior,2,Beginner,1
C02638,Mobile App Developer,Diploma,Software Engineering,6,10,5,0,6,4,6,70.09,5,64.49,52.32,86.53,75.67,74.82,74.46,70.57,70.03,Mid-Level,2,Beginner,1
C02639,Machine Learning Engineer,Bachelor's,Mathematics,8,7,5,0,8,5,6,84.82,2,77.1,75.56,79.53,84.22,77.16,88.49,82.78,76.31,Senior,1,Intermediate,0
C02640,Data Analyst,Bachelor's,Data Science,6,6,0,0,9,4,6,62.53,6,63.9,54.93,90.27,70.77,65.62,60.92,64.6,57.33,Mid-Level,2,Beginner,1
C02641,Cloud Engineer,Bachelor's,Computer Science,10,9,2,0,5,5,6,85.46,8,79.28,86.88,83.43,89.05,94.63,84.9,91.1,76.32,Senior,1,Intermediate,0
C02642,Java Developer,Bachelor's,Information Technology,6,9,0,0,5,4,6,63.37,8,72.7,57.95,90.52,64.54,65.92,62.73,66.23,63.88,Mid-Level,2,Beginner,0
C02643,Mobile App Developer,Bachelor's,Software Engineering,11,14,1,1,5,5,6,80.67,6,86.41,83.22,94.6,75.04,79.81,80.6,82.29,81.13,Senior,1,Intermediate,0
C02644,Frontend Developer,Bachelor's,Computer Science,11,12,2,1,10,5,6,79.02,6,89.51,79.73,93.07,82.15,74.16,83.16,82.36,74.17,Senior,1,Beginner,0
C02645,Backend Developer,Bachelor's,Computer Science,1,3,5,1,4,3,6,50.77,6,38.9,23.19,85.12,68.02,60.38,51.25,59.11,47.16,Junior,3,Not Ready,0
C02646,Cybersecurity Analyst,Bachelor's,Computer Science,7,7,1,0,5,4,6,64.61,9,69.59,63.01,91.88,67.68,65.13,62.52,69.32,68.09,Mid-Level,2,Beginner,1
C02647,Java Developer,Diploma,Information Technology,6,3,2,1,8,3,6,45.4,9,37.77,46.02,77.76,57.91,48.88,50.62,50.58,43.18,Mid-Level,3,Not Ready,0
C02648,Data Scientist,Bachelor's,Data Science,12,5,1,0,10,5,6,81.62,5,72.04,79.96,94.2,76.42,77.76,78.18,82.79,72.45,Senior,1,Beginner,1
C02649,Product Designer,Bachelor's,Computer Science,11,11,5,0,9,4,6,69.19,5,73.63,71.74,55.22,100.0,87.74,75.41,80.47,73.96,Senior,2,Beginner,1
C02650,Machine Learning Engineer,Bachelor's,Computer Science,3,10,1,1,12,5,6,78.63,3,83.15,46.28,90.57,75.33,83.39,81.85,74.79,65.26,Mid-Level,1,Beginner,1
C02651,QA Engineer,Master's,Computer Science,9,12,5,0,5,4,6,62.82,7,63.77,70.2,86.8,100.0,83.44,66.06,78.4,73.29,Senior,2,Beginner,1
C02652,QA Engineer,Bachelor's,Business,7,5,3,0,6,4,6,68.56,3,65.5,58.57,57.82,82.83,76.11,68.76,71.59,65.17,Mid-Level,2,Beginner,0
C02653,Full Stack Developer,Bachelor's,Computer Science,12,10,4,0,8,5,7,73.17,3,66.53,81.72,87.22,94.79,81.8,74.6,82.47,75.01,Senior,2,Intermediate,1
C02654,DevOps Engineer,Bachelor's,Information Technology,5,3,5,1,9,4,6,62.72,6,51.54,53.61,94.64,75.82,72.58,66.9,67.99,61.59,Mid-Level,2,Beginner,0
C02655,Data Scientist,Bachelor's,Information Technology,1,1,5,0,8,4,6,69.57,5,60.54,33.53,83.91,65.33,63.31,69.44,64.11,59.41,Junior,2,Beginner,0
C02656,Backend Developer,PhD,Software Engineering,11,7,3,0,5,5,6,86.76,5,69.55,87.5,96.29,98.21,90.0,92.94,90.61,82.43,Senior,1,Intermediate,0
C02657,Product Designer,Bachelor's,Design,5,3,4,0,5,5,6,80.17,6,65.94,49.97,94.8,80.31,73.83,81.36,74.59,72.53,Mid-Level,1,Beginner,0
C02658,Data Analyst,Bachelor's,Other,3,6,3,1,2,2,6,34.11,9,43.5,34.58,36.91,65.01,38.81,35.65,46.31,41.98,Mid-Level,4,Not Ready,0
C02659,Data Analyst,Bachelor's,Data Science,3,7,2,1,12,4,6,65.37,9,67.81,42.16,98.66,73.34,72.81,69.35,68.93,60.36,Mid-Level,2,Beginner,1
C02660,Data Scientist,Bachelor's,Other,10,13,3,0,12,4,6,70.79,7,65.06,80.39,37.94,91.1,85.86,75.75,76.23,64.91,Senior,2,Beginner,0
C02661,QA Engineer,Master's,Computer Science,9,5,1,0,9,4,6,69.36,7,54.68,69.79,81.17,75.38,66.94,67.56,69.29,64.24,Senior,2,Beginner,0
C02662,Data Scientist,Master's,Information Technology,8,8,3,1,12,5,6,87.14,6,85.99,76.76,88.89,92.21,86.61,84.22,87.99,76.64,Senior,1,Intermediate,0
C02663,DevOps Engineer,Bachelor's,Software Engineering,0,2,3,2,10,3,6,50.93,4,45.74,27.18,88.1,61.0,60.67,51.87,55.85,48.81,Fresher,3,Not Ready,0
C02664,Product Designer,PhD,Computer Science,10,12,5,0,9,4,6,68.73,8,77.66,72.02,74.94,100.0,82.04,74.16,79.11,67.84,Senior,2,Beginner,1
C02665,Java Developer,PhD,Other,3,6,3,0,9,3,6,53.42,10,45.09,32.43,46.22,85.81,73.89,63.5,62.97,51.87,Mid-Level,3,Beginner,0
C02666,Backend Developer,Bachelor's,Data Science,4,10,4,0,9,3,6,53.77,7,48.57,43.72,56.78,77.8,57.91,59.13,61.62,49.21,Mid-Level,3,Not Ready,0
C02667,QA Engineer,Master's,Software Engineering,12,13,4,0,11,5,6,78.74,9,84.04,76.93,92.63,95.23,83.01,84.33,85.64,82.46,Senior,1,Intermediate,0
C02668,Full Stack Developer,Diploma,Information Technology,3,3,1,1,7,4,7,60.02,5,50.31,37.03,79.88,50.0,54.91,53.18,52.28,51.23,Mid-Level,3,Beginner,0
C02669,Machine Learning Engineer,Master's,Computer Science,10,7,1,0,10,4,6,64.02,6,61.55,70.23,95.35,80.68,67.65,70.36,75.22,61.1,Senior,2,Beginner,0
C02670,Python Developer,Bachelor's,Data Science,12,9,3,1,8,5,6,78.4,2,78.79,83.57,87.34,80.5,82.13,76.71,78.97,77.0,Senior,1,Intermediate,1
C02671,Java Developer,Master's,Software Engineering,4,5,0,1,10,5,6,82.11,7,66.38,48.85,97.6,71.6,76.02,80.37,74.67,63.17,Mid-Level,1,Beginner,1
C02672,QA Engineer,Bachelor's,Business,4,5,4,1,8,4,6,62.78,9,60.65,39.82,62.02,80.18,65.29,66.29,66.88,57.61,Mid-Level,2,Beginner,1
C02673,Python Developer,Diploma,Computer Science,1,1,5,0,9,3,6,49.94,3,39.32,25.31,84.23,58.59,54.5,51.94,52.84,46.91,Junior,3,Not Ready,0
C02674,Cloud Engineer,Bachelor's,Information Technology,0,3,2,0,7,3,6,45.68,2,49.0,26.43,90.13,64.85,59.33,48.43,57.31,44.84,Fresher,3,Not Ready,0
C02675,Frontend Developer,Diploma,Computer Science,0,0,3,2,5,2,6,31.53,3,0.62,17.91,81.3,52.78,32.76,32.95,39.53,29.01,Fresher,4,Not Ready,0
C02676,Java Developer,PhD,Information Technology,7,3,5,0,11,4,6,63.87,9,63.88,63.0,98.88,87.47,65.45,68.76,73.68,63.25,Mid-Level,2,Beginner,1
C02677,Data Analyst,Master's,Data Science,5,7,2,0,7,4,6,66.97,9,66.85,50.95,95.37,71.05,64.85,67.78,70.36,58.84,Mid-Level,2,Beginner,1
C02678,Backend Developer,Bachelor's,Information Technology,4,4,5,1,9,4,6,71.64,6,67.12,46.38,88.54,83.48,69.85,73.53,71.32,64.12,Mid-Level,2,Beginner,1
C02679,Cloud Engineer,Master's,Information Technology,1,2,4,1,8,4,6,66.56,10,62.3,27.22,97.66,67.46,67.54,64.66,62.12,64.6,Junior,2,Beginner,0
C02680,Java Developer,Bachelor's,Electronics,1,5,2,0,6,2,6,35.09,3,34.47,24.99,53.82,59.03,42.54,39.34,45.91,37.05,Junior,4,Not Ready,0
C02681,Full Stack Developer,Master's,Information Technology,11,8,3,1,9,6,7,82.67,2,79.1,83.32,100.0,96.21,84.16,87.87,86.47,80.41,Senior,1,Intermediate,0
C02682,Mobile App Developer,Bachelor's,Computer Science,10,7,1,0,6,5,6,85.0,6,78.1,83.36,90.49,85.6,92.2,83.72,86.36,79.32,Senior,1,Intermediate,0
C02683,UI/UX Designer,Bachelor's,Design,2,6,3,0,4,3,6,51.39,2,47.15,35.67,91.71,76.99,67.42,55.41,60.81,48.97,Junior,3,Not Ready,0
C02684,UI/UX Designer,Bachelor's,Information Technology,12,5,1,1,8,5,6,86.5,7,77.84,86.62,65.89,82.65,86.58,82.28,81.5,77.37,Senior,1,Intermediate,1
C02685,Mobile App Developer,Master's,Software Engineering,8,15,1,1,9,5,6,78.39,5,86.65,71.63,99.31,83.12,87.91,81.04,83.99,80.15,Senior,1,Intermediate,0
C02686,Backend Developer,Bachelor's,Data Science,3,9,4,1,5,3,6,49.57,3,47.1,35.58,61.23,82.06,65.41,57.26,59.49,53.36,Mid-Level,3,Beginner,0
C02687,Java Developer,Bachelor's,Other,12,13,0,0,8,3,6,50.28,10,62.42,66.17,26.25,84.83,59.89,57.12,62.08,52.0,Senior,3,Beginner,1
C02688,Machine Learning Engineer,Master's,Computer Science,1,2,2,0,8,4,6,68.99,3,53.14,34.07,100.0,62.14,69.05,69.8,64.74,62.48,Junior,2,Beginner,1
C02689,Machine Learning Engineer,Bachelor's,Data Science,0,0,2,0,4,2,6,32.67,7,14.67,12.15,96.18,52.92,40.34,39.09,44.39,33.01,Fresher,4,Not Ready,0
C02690,Full Stack Developer,Bachelor's,Computer Science,7,10,5,0,13,5,7,68.23,2,71.58,65.21,91.71,98.49,87.58,76.46,84.0,75.15,Mid-Level,2,Intermediate,1
C02691,UI/UX Designer,PhD,Computer Science,6,4,1,1,4,3,6,49.6,5,48.56,53.07,87.75,77.3,58.5,59.98,61.48,49.55,Mid-Level,3,Not Ready,1
C02692,Python Developer,Bachelor's,Information Technology,0,0,1,1,4,2,6,30.02,6,11.59,21.56,88.74,48.13,41.55,31.79,41.09,29.68,Fresher,4,Not Ready,0
C02693,Frontend Developer,Bachelor's,Software Engineering,8,14,2,1,11,5,6,87.38,4,88.42,74.2,90.39,76.43,86.37,84.09,84.74,83.74,Senior,1,Intermediate,0
C02694,Machine Learning Engineer,Bachelor's,Information Technology,2,2,3,0,10,3,6,54.27,2,41.93,35.02,81.67,60.51,51.06,56.15,55.91,50.1,Junior,3,Beginner,0
C02695,QA Engineer,Diploma,Software Engineering,8,8,5,1,10,5,6,88.07,4,71.46,77.76,72.98,86.74,92.73,83.56,86.22,78.9,Senior,1,Intermediate,1
C02696,Cloud Engineer,Diploma,Computer Science,6,9,2,0,6,4,6,63.24,4,69.92,55.92,78.21,67.54,71.02,60.48,65.22,62.01,Mid-Level,2,Beginner,0
C02697,Frontend Developer,Diploma,Information Technology,5,6,3,1,9,5,6,87.42,10,75.12,53.01,76.42,63.54,73.23,78.47,72.68,71.54,Mid-Level,1,Beginner,0
C02698,Product Designer,Master's,Business,14,14,4,1,4,4,6,62.63,9,80.03,70.65,81.69,98.77,75.57,71.21,77.85,69.28,Senior,2,Beginner,1
C02699,Mobile App Developer,Bachelor's,Computer Science,6,8,3,1,8,3,6,48.05,10,50.88,50.37,87.75,75.12,62.15,56.2,60.41,55.73,Mid-Level,3,Beginner,0
C02700,QA Engineer,Bachelor's,Other,10,14,1,0,12,4,6,67.58,6,66.16,75.19,37.48,86.54,80.11,71.61,72.16,59.42,Senior,2,Beginner,0
C02701,UI/UX Designer,Master's,Design,2,3,1,1,6,3,6,48.34,7,50.35,36.12,99.78,69.29,62.34,48.52,58.91,46.96,Junior,3,Not Ready,0
C02702,DevOps Engineer,Master's,Computer Science,2,5,3,0,4,3,6,51.15,10,43.19,27.25,94.79,77.39,62.3,57.87,59.93,47.88,Junior,3,Not Ready,0
C02703,Mobile App Developer,Master's,Software Engineering,8,14,2,0,6,5,6,79.27,4,92.37,70.82,100.0,94.7,80.14,84.23,86.93,74.92,Senior,1,Beginner,1
C02704,DevOps Engineer,Master's,Computer Science,4,7,1,1,5,5,6,78.9,5,79.61,45.34,93.77,80.87,83.63,77.7,75.73,70.96,Mid-Level,1,Beginner,1
C02705,Cloud Engineer,Master's,Software Engineering,3,7,1,1,6,4,6,70.19,9,67.83,40.96,100.0,74.11,77.01,73.4,73.61,63.05,Mid-Level,2,Beginner,0
C02706,UI/UX Designer,Master's,Design,14,11,0,1,7,5,6,84.54,7,89.81,80.17,95.16,80.75,80.25,81.6,83.47,81.28,Senior,1,Intermediate,0
C02707,DevOps Engineer,Bachelor's,Electronics,11,8,0,0,4,4,6,63.86,8,63.12,76.12,52.9,78.23,63.92,69.76,67.05,62.44,Senior,2,Beginner,0
C02708,DevOps Engineer,Bachelor's,Computer Science,6,9,0,0,11,4,6,64.09,6,61.36,55.14,86.17,73.88,70.27,69.19,71.43,56.92,Mid-Level,2,Beginner,0
C02709,Cloud Engineer,Diploma,Computer Science,3,3,5,1,7,4,6,66.53,5,61.97,36.24,74.26,69.95,61.23,64.11,60.95,64.07,Mid-Level,2,Beginner,0
C02710,Mobile App Developer,Bachelor's,Software Engineering,12,9,1,0,9,5,6,86.75,6,79.95,87.0,99.72,79.92,82.12,89.68,86.33,80.92,Senior,1,Intermediate,1
C02711,Full Stack Developer,Bachelor's,Computer Science,6,9,1,0,8,5,7,72.01,8,62.93,59.32,89.37,70.13,64.29,74.99,70.15,60.25,Mid-Level,2,Beginner,0
C02712,Mobile App Developer,Bachelor's,Information Technology,3,10,4,1,7,4,6,63.23,10,73.7,39.74,90.09,87.64,65.24,63.78,66.97,57.07,Mid-Level,2,Beginner,0
C02713,Cybersecurity Analyst,Bachelor's,Computer Science,6,4,0,0,5,4,6,63.12,7,66.59,54.69,91.94,62.16,61.67,58.82,67.12,61.86,Mid-Level,2,Beginner,1
C02714,Cybersecurity Analyst,Bachelor's,Information Technology,8,8,0,0,13,5,6,80.6,7,79.46,66.18,90.7,74.97,85.06,83.62,76.22,68.24,Senior,1,Beginner,1
C02715,Cloud Engineer,Master's,Other,6,5,5,1,4,3,6,51.78,4,42.71,45.56,35.73,88.29,58.96,61.47,61.44,45.26,Mid-Level,3,Not Ready,0
C02716,DevOps Engineer,Bachelor's,Electronics,11,10,2,1,6,4,6,63.64,3,66.42,76.39,46.35,86.07,79.47,65.2,74.52,68.78,Senior,2,Beginner,1
C02717,Cybersecurity Analyst,Diploma,Electronics,3,10,3,0,8,3,6,45.31,2,52.36,37.76,57.66,66.48,57.5,44.7,50.84,42.68,Mid-Level,3,Not Ready,0
C02718,QA Engineer,Bachelor's,Software Engineering,5,5,0,1,7,5,6,81.88,3,67.06,58.54,81.95,68.19,81.05,75.38,72.56,63.8,Mid-Level,1,Beginner,1
C02719,Mobile App Developer,Bachelor's,Software Engineering,3,6,1,0,9,4,6,67.11,7,57.46,35.54,96.35,74.4,62.45,64.07,64.9,60.18,Mid-Level,2,Beginner,0
C02720,Machine Learning Engineer,Bachelor's,Data Science,12,15,5,0,6,4,6,67.75,4,68.44,78.34,96.94,100.0,74.79,73.75,84.76,75.89,Senior,2,Intermediate,1
C02721,QA Engineer,Bachelor's,Other,11,6,3,0,6,3,6,53.37,2,48.93,65.5,31.07,75.75,57.45,61.78,60.47,54.56,Senior,3,Beginner,0
C02722,QA Engineer,Bachelor's,Computer Science,4,7,1,0,8,4,6,66.81,10,63.53,43.88,79.96,75.17,75.95,65.81,66.63,64.5,Mid-Level,2,Beginner,0
C02723,Mobile App Developer,Diploma,Information Technology,6,4,4,0,11,4,6,69.43,8,66.42,60.31,84.15,59.51,68.85,64.7,65.04,69.6,Mid-Level,2,Beginner,0
C02724,UI/UX Designer,Master's,Design,4,6,1,1,5,5,6,79.7,3,70.49,47.48,99.77,72.78,83.97,79.89,74.95,65.28,Mid-Level,1,Beginner,0
C02725,QA Engineer,Bachelor's,Software Engineering,10,5,1,0,9,5,6,86.01,5,67.74,84.94,85.6,70.81,85.14,84.12,82.67,76.26,Senior,1,Intermediate,1
C02726,Full Stack Developer,Bachelor's,Information Technology,3,3,3,1,10,4,7,52.85,3,44.86,35.75,94.93,74.38,56.19,56.41,63.47,47.57,Mid-Level,3,Not Ready,0
C02727,Data Analyst,Master's,Other,8,14,4,1,9,4,6,70.23,5,75.77,68.69,42.2,100.0,82.55,73.79,78.16,69.68,Senior,2,Beginner,1
C02728,DevOps Engineer,Master's,Software Engineering,9,11,2,1,11,5,6,81.39,8,77.65,77.05,100.0,86.91,80.33,80.97,83.66,81.27,Senior,1,Intermediate,1
C02729,Cloud Engineer,Master's,Information Technology,4,6,5,1,4,4,6,63.71,3,65.87,46.63,99.22,83.54,65.38,64.41,71.94,61.63,Mid-Level,2,Beginner,1
C02730,DevOps Engineer,Master's,Software Engineering,13,6,0,0,9,4,6,63.1,7,58.69,75.92,100.0,75.39,73.95,61.65,72.75,69.72,Senior,2,Beginner,1
C02731,Java Developer,Master's,Software Engineering,10,7,2,1,4,4,6,66.5,5,64.14,74.14,100.0,85.65,67.96,71.72,74.41,63.37,Senior,2,Beginner,0
C02732,Full Stack Developer,Bachelor's,Computer Science,11,10,3,0,6,6,7,88.93,6,76.6,80.92,86.05,81.75,88.61,88.38,86.54,80.31,Senior,1,Intermediate,0
C02733,Cloud Engineer,Bachelor's,Other,0,1,2,2,7,1,6,19.57,7,13.35,31.22,29.35,51.22,33.27,28.17,35.14,25.96,Fresher,5,Not Ready,0
C02734,Machine Learning Engineer,Bachelor's,Other,4,7,0,1,10,2,6,36.32,7,29.67,35.26,32.32,69.25,46.6,38.32,44.61,31.21,Mid-Level,4,Not Ready,0
C02735,Java Developer,Bachelor's,Software Engineering,0,1,0,3,4,2,6,32.39,3,35.63,33.19,94.47,48.29,37.16,34.53,44.16,38.56,Fresher,4,Not Ready,0
C02736,DevOps Engineer,Master's,Information Technology,5,10,2,1,4,3,6,50.91,8,59.77,40.65,97.5,88.41,73.53,54.18,71.69,54.74,Mid-Level,3,Beginner,1
C02737,Cloud Engineer,Bachelor's,Software Engineering,5,3,0,1,8,5,6,78.61,7,64.21,49.88,90.26,61.38,78.99,73.11,71.19,63.91,Mid-Level,1,Beginner,1
C02738,Data Scientist,Bachelor's,Computer Science,4,10,5,1,7,5,6,86.45,10,86.29,49.93,87.71,89.66,85.93,83.1,81.13,73.11,Mid-Level,1,Beginner,0
C02739,Mobile App Developer,Bachelor's,Software Engineering,5,9,0,1,12,4,6,68.72,8,67.03,46.53,99.19,74.0,73.59,74.28,70.21,59.99,Mid-Level,2,Beginner,0
C02740,Cloud Engineer,Bachelor's,Information Technology,7,10,2,0,10,5,6,81.18,3,76.19,61.23,87.72,88.33,90.0,80.69,81.31,77.35,Mid-Level,1,Intermediate,0
C02741,Cybersecurity Analyst,Bachelor's,Other,0,1,3,1,5,1,6,11.7,6,10.34,10.43,34.22,58.82,35.18,24.5,31.28,17.17,Fresher,5,Not Ready,0
C02742,Mobile App Developer,Bachelor's,Information Technology,11,5,0,0,5,5,6,79.88,6,66.26,80.85,88.37,75.78,82.74,80.69,81.32,73.98,Senior,1,Beginner,1
C02743,Machine Learning Engineer,Bachelor's,Information Technology,4,10,2,0,6,3,6,47.95,10,53.5,39.81,85.33,80.49,60.54,58.5,61.03,51.24,Mid-Level,3,Beginner,0
C02744,Frontend Developer,Bachelor's,Electronics,6,6,1,1,8,2,6,30.87,3,36.36,43.5,45.79,67.86,43.79,41.18,47.7,36.02,Mid-Level,4,Not Ready,0
C02745,Java Developer,Master's,Software Engineering,11,11,4,0,12,5,6,81.34,2,80.74,76.73,96.88,91.78,90.45,83.89,86.14,81.2,Senior,1,Intermediate,1
C02746,Python Developer,Bachelor's,Software Engineering,8,10,4,0,10,4,6,67.64,8,66.04,64.6,94.34,91.12,78.19,71.55,75.46,70.49,Senior,2,Beginner,1
C02747,Data Analyst,Master's,Other,2,6,0,0,3,1,6,13.89,5,22.96,19.26,42.36,65.44,31.11,21.84,37.45,18.75,Junior,5,Not Ready,0
C02748,Java Developer,Diploma,Electronics,3,5,2,1,10,3,6,46.29,2,43.02,32.86,42.47,65.7,54.71,47.1,53.01,40.56,Mid-Level,3,Not Ready,0
C02749,Data Analyst,Bachelor's,Business,1,3,5,0,6,2,6,32.15,9,23.66,22.19,73.27,66.97,47.36,41.17,49.15,36.54,Junior,4,Not Ready,0
C02750,Data Analyst,Bachelor's,Data Science,7,9,1,1,7,5,6,83.81,10,81.81,66.76,99.37,69.09,83.85,78.71,79.15,72.33,Mid-Level,1,Beginner,1
C02751,Cloud Engineer,Bachelor's,Information Technology,4,5,1,0,11,4,6,69.9,4,58.29,48.65,90.68,69.94,70.56,68.74,68.41,60.43,Mid-Level,2,Beginner,1
C02752,Product Designer,Bachelor's,Design,10,5,5,0,9,5,6,86.12,8,70.94,85.87,90.43,91.25,95.59,84.69,87.66,87.18,Senior,1,Intermediate,1
C02753,Frontend Developer,Master's,Computer Science,9,5,0,1,13,5,6,79.6,6,77.3,79.99,100.0,68.59,71.87,73.1,79.29,74.19,Senior,1,Beginner,1
C02754,Full Stack Developer,Diploma,Information Technology,3,8,1,1,6,5,7,69.59,6,73.5,42.17,75.61,64.67,74.14,71.06,64.68,62.02,Mid-Level,2,Beginner,0
C02755,Product Designer,Diploma,Information Technology,5,10,5,0,4,4,6,62.34,8,62.03,45.88,50.66,79.29,64.55,61.89,63.77,61.55,Mid-Level,2,Beginner,0
C02756,Full Stack Developer,Master's,Computer Science,2,2,4,1,8,5,7,70.2,2,65.78,33.42,99.71,69.16,70.87,65.78,70.12,60.93,Junior,2,Beginner,0
C02757,DevOps Engineer,Bachelor's,Computer Science,9,13,3,1,12,5,6,84.24,7,91.12,81.67,80.41,84.79,91.07,80.42,86.78,81.77,Senior,1,Intermediate,1
C02758,Full Stack Developer,Diploma,Software Engineering,3,4,0,1,12,4,7,57.16,6,53.38,42.63,87.33,46.66,50.12,53.47,55.0,55.25,Mid-Level,3,Beginner,0
C02759,Data Analyst,Master's,Business,10,7,2,0,12,5,6,82.09,6,84.34,78.63,82.61,79.23,76.38,84.31,80.27,72.97,Senior,1,Beginner,0
C02760,Frontend Developer,Diploma,Electronics,3,10,1,1,11,3,6,54.73,6,49.4,35.55,44.07,61.16,56.79,57.28,55.88,46.86,Mid-Level,3,Not Ready,0
C02761,Machine Learning Engineer,Bachelor's,Computer Science,8,7,1,0,11,5,6,81.56,5,84.8,70.6,92.26,79.52,80.22,76.33,80.4,75.82,Senior,1,Intermediate,1
C02762,Full Stack Developer,Diploma,Information Technology,5,10,2,0,5,4,7,53.63,4,62.48,48.58,77.32,68.73,55.16,56.59,56.4,57.81,Mid-Level,3,Beginner,0
C02763,UI/UX Designer,Diploma,Computer Science,8,10,4,1,10,5,6,86.89,6,77.7,74.15,56.97,84.16,83.59,85.67,78.17,72.32,Senior,1,Beginner,0
C02764,Mobile App Developer,Diploma,Computer Science,4,6,1,0,9,4,6,66.11,2,55.06,49.14,80.0,50.39,61.92,66.32,58.85,53.52,Mid-Level,2,Beginner,0
C02765,Product Designer,Bachelor's,Information Technology,2,4,5,0,8,2,6,36.65,2,36.43,31.23,57.76,69.92,52.76,39.49,51.45,39.78,Junior,4,Not Ready,0
C02766,Machine Learning Engineer,Bachelor's,Mathematics,1,6,0,2,11,3,6,46.65,9,43.95,28.85,75.41,68.2,59.72,54.57,52.55,40.04,Junior,3,Not Ready,0
C02767,Data Analyst,PhD,Information Technology,8,6,0,1,7,5,6,79.79,7,70.11,72.26,93.63,73.51,82.92,82.95,81.59,75.84,Senior,1,Intermediate,0
C02768,Machine Learning Engineer,PhD,Computer Science,10,15,5,0,9,5,6,80.2,8,85.81,76.49,95.44,100.0,93.09,84.46,89.49,84.23,Senior,1,Intermediate,1
C02769,Data Scientist,Master's,Computer Science,10,15,3,1,6,5,6,87.98,2,86.21,88.65,94.18,100.0,100.0,90.89,93.78,82.88,Senior,1,Intermediate,1
C02770,Python Developer,Master's,Information Technology,3,3,1,1,7,4,6,70.83,8,65.04,39.17,95.04,72.4,72.04,74.22,71.32,60.58,Mid-Level,2,Beginner,0
C02771,Frontend Developer,Bachelor's,Software Engineering,11,10,1,1,12,5,6,86.08,4,88.13,88.39,92.82,84.96,91.69,81.9,86.73,79.97,Senior,1,Intermediate,1
C02772,Data Analyst,Bachelor's,Business,4,3,5,1,3,3,6,54.63,6,45.84,42.21,66.38,83.4,67.18,55.4,66.87,51.77,Mid-Level,3,Beginner,0
C02773,Frontend Developer,Bachelor's,Information Technology,4,4,5,1,10,4,6,70.95,10,65.92,43.74,90.13,70.64,65.33,71.11,66.15,60.16,Mid-Level,2,Beginner,0
C02774,Full Stack Developer,Master's,Software Engineering,7,8,2,0,12,5,7,73.66,10,66.97,64.81,99.96,87.14,77.85,76.79,81.92,71.1,Mid-Level,2,Beginner,0
C02775,Mobile App Developer,Master's,Computer Science,8,9,0,1,5,5,6,87.93,4,77.95,74.3,97.95,76.04,84.07,82.11,83.43,77.36,Senior,1,Intermediate,0
C02776,Frontend Developer,Bachelor's,Computer Science,8,12,1,0,6,5,6,83.32,7,80.63,73.58,92.83,76.31,74.07,76.92,79.33,71.31,Senior,1,Beginner,0
C02777,Product Designer,Bachelor's,Other,0,3,2,2,4,1,6,20.24,10,12.15,10.29,25.73,67.79,36.07,29.35,34.51,23.24,Fresher,5,Not Ready,0
C02778,Cybersecurity Analyst,Bachelor's,Other,10,6,0,0,8,3,6,50.51,4,49.04,65.4,33.03,68.73,61.86,53.31,60.87,50.61,Senior,3,Beginner,0
C02779,Java Developer,Diploma,Software Engineering,0,3,3,1,10,3,6,51.4,5,40.79,18.04,89.47,47.94,57.81,53.17,50.43,51.12,Fresher,3,Beginner,0
C02780,Product Designer,Diploma,Information Technology,6,9,5,0,11,3,6,54.17,7,58.95,54.76,48.06,70.19,61.36,61.73,61.58,54.62,Mid-Level,3,Beginner,1
C02781,Mobile App Developer,Bachelor's,Software Engineering,11,14,4,0,5,5,6,78.66,7,85.28,79.84,98.3,86.71,89.16,77.93,87.23,77.5,Senior,1,Intermediate,0
C02782,Frontend Developer,Bachelor's,Information Technology,10,11,5,1,7,5,6,80.58,8,83.42,78.35,89.82,100.0,94.2,88.34,90.54,78.07,Senior,1,Intermediate,0
C02783,Product Designer,Master's,Design,13,14,0,1,9,5,6,82.29,2,82.06,86.87,98.78,88.57,81.6,84.6,84.5,78.6,Senior,1,Intermediate,1
C02784,Cloud Engineer,Bachelor's,Software Engineering,1,6,3,2,7,3,6,50.24,7,52.12,28.64,93.12,77.14,66.12,58.39,64.05,49.66,Junior,3,Not Ready,0
C02785,UI/UX Designer,Bachelor's,Computer Science,6,5,5,0,6,4,6,61.94,6,56.18,49.03,73.82,77.13,65.64,67.48,66.27,64.59,Mid-Level,2,Beginner,0
C02786,Data Scientist,Master's,Computer Science,13,6,2,0,8,5,6,83.32,4,68.81,81.05,93.84,79.56,87.59,81.42,87.05,81.05,Senior,1,Intermediate,1
C02787,Mobile App Developer,Bachelor's,Software Engineering,12,5,1,1,13,5,6,87.19,9,76.15,84.05,90.35,81.66,88.4,89.78,87.0,74.12,Senior,1,Beginner,1
C02788,Frontend Developer,Master's,Computer Science,7,10,0,1,10,4,6,67.06,8,72.45,56.5,98.82,80.67,69.9,68.3,73.64,67.51,Mid-Level,2,Beginner,1
C02789,Frontend Developer,Bachelor's,Software Engineering,5,10,2,1,6,4,6,64.77,5,66.38,53.61,93.16,83.73,73.62,72.69,75.21,67.75,Mid-Level,2,Beginner,0
C02790,Cloud Engineer,Master's,Software Engineering,9,12,0,1,11,5,6,80.97,7,87.78,79.35,99.1,88.23,79.25,79.26,85.23,76.63,Senior,1,Intermediate,0
C02791,DevOps Engineer,Master's,Electronics,6,8,2,1,2,2,6,33.89,2,43.93,42.06,63.73,75.67,46.32,46.7,51.43,40.67,Mid-Level,4,Not Ready,0
C02792,Backend Developer,Diploma,Software Engineering,6,9,3,1,12,4,6,67.42,3,60.6,58.37,83.52,66.3,73.1,63.41,66.83,64.08,Mid-Level,2,Beginner,0
C02793,Data Scientist,Bachelor's,Information Technology,11,15,4,0,12,5,6,79.83,5,82.64,77.77,84.3,95.12,93.38,79.08,86.57,76.58,Senior,1,Intermediate,1
C02794,Machine Learning Engineer,Diploma,Information Technology,6,10,1,0,7,5,6,85.1,3,88.46,59.28,71.46,64.51,72.58,77.41,71.51,74.03,Mid-Level,1,Beginner,1
C02795,Mobile App Developer,Diploma,Electronics,6,9,3,1,4,3,6,48.89,6,47.26,50.69,44.9,79.22,60.76,53.91,57.79,54.33,Mid-Level,3,Beginner,0
C02796,Java Developer,Diploma,Software Engineering,3,9,5,1,7,4,6,64.28,5,68.99,38.45,83.64,65.37,66.14,60.72,61.36,63.78,Mid-Level,2,Beginner,0
C02797,Full Stack Developer,Bachelor's,Information Technology,9,14,4,0,6,5,7,69.14,9,79.08,73.43,92.4,90.22,76.84,76.23,77.46,69.58,Senior,2,Beginner,1
C02798,DevOps Engineer,Bachelor's,Software Engineering,2,2,0,0,7,3,6,48.25,9,49.35,32.04,89.22,49.71,43.69,43.9,48.69,49.65,Junior,3,Not Ready,0
C02799,Python Developer,Bachelor's,Data Science,2,5,3,1,9,3,6,48.69,4,42.28,28.15,86.53,68.18,61.7,48.88,55.29,45.73,Junior,3,Not Ready,0
C02800,Product Designer,Bachelor's,Information Technology,5,5,1,0,7,3,6,50.06,5,43.94,44.95,64.8,71.9,62.01,54.34,57.65,48.49,Mid-Level,3,Not Ready,0
C02801,DevOps Engineer,Bachelor's,Computer Science,8,12,3,1,4,4,6,64.95,2,65.74,61.09,89.06,84.31,76.08,71.97,74.27,62.69,Senior,2,Beginner,0
C02802,Frontend Developer,Bachelor's,Information Technology,5,5,3,1,12,4,6,62.99,5,67.45,48.3,85.3,81.69,73.02,65.28,68.07,66.79,Mid-Level,2,Beginner,0
C02803,Cloud Engineer,Bachelor's,Software Engineering,4,4,3,0,11,3,6,52.25,9,53.98,40.25,91.4,76.99,63.01,59.69,63.77,49.8,Mid-Level,3,Not Ready,0
C02804,UI/UX Designer,Diploma,Design,1,2,1,1,9,3,6,49.21,8,37.86,29.36,88.56,48.67,48.82,46.66,49.78,45.9,Junior,3,Not Ready,0
C02805,Data Analyst,Diploma,Information Technology,3,3,1,1,6,5,6,83.92,7,66.6,44.17,70.39,51.61,70.37,73.57,63.24,59.57,Mid-Level,1,Beginner,0
C02806,UI/UX Designer,Bachelor's,Design,8,10,0,0,5,5,6,85.69,3,86.76,70.47,93.27,82.5,86.4,82.99,84.83,74.55,Senior,1,Beginner,0
C02807,Java Developer,PhD,Information Technology,9,14,0,0,5,5,6,81.54,8,87.31,79.08,99.6,81.48,83.55,84.13,83.3,72.92,Senior,1,Beginner,0
C02808,Backend Developer,Bachelor's,Data Science,5,7,1,0,5,3,6,50.6,5,46.15,43.55,59.12,73.49,67.51,58.31,58.5,49.63,Mid-Level,3,Not Ready,0
C02809,Python Developer,Bachelor's,Computer Science,0,1,2,2,9,2,6,35.12,3,28.16,15.32,94.33,55.33,40.48,36.52,47.42,35.2,Fresher,4,Not Ready,0
C02810,UI/UX Designer,Bachelor's,Design,10,7,2,0,10,4,6,70.22,7,56.35,75.78,99.64,77.46,75.0,68.0,74.43,72.17,Senior,2,Beginner,1
C02811,Python Developer,Bachelor's,Computer Science,7,4,5,1,8,3,6,48.68,3,46.1,53.53,92.65,86.02,57.46,51.79,63.29,58.83,Mid-Level,3,Beginner,1
C02812,Cybersecurity Analyst,Diploma,Computer Science,0,1,0,0,3,3,6,53.55,5,45.57,24.59,77.03,45.62,46.47,52.24,46.69,40.75,Fresher,3,Not Ready,0
C02813,DevOps Engineer,Master's,Information Technology,4,3,3,1,8,4,6,68.95,3,53.92,44.43,96.69,74.98,64.92,70.87,65.64,64.98,Mid-Level,2,Beginner,0
C02814,Data Analyst,Master's,Computer Science,4,3,0,0,7,4,6,69.11,6,64.74,45.32,91.59,62.54,64.19,66.85,67.63,56.88,Mid-Level,2,Beginner,0
C02815,Cloud Engineer,PhD,Information Technology,11,6,3,1,7,5,6,78.92,5,82.92,85.31,96.88,87.81,81.59,78.78,84.16,76.61,Senior,1,Intermediate,0
C02816,Full Stack Developer,Bachelor's,Software Engineering,4,9,2,0,11,4,7,60.39,6,59.89,42.54,99.79,70.63,62.02,64.8,65.57,60.67,Mid-Level,3,Beginner,1
C02817,Frontend Developer,Bachelor's,Other,6,10,4,0,6,2,6,29.28,6,45.13,44.25,28.15,86.73,60.03,44.66,54.53,38.84,Mid-Level,4,Not Ready,0
C02818,Machine Learning Engineer,Master's,Information Technology,4,3,4,0,7,5,6,82.83,5,64.82,45.98,93.33,82.01,85.71,78.55,79.6,74.7,Mid-Level,1,Beginner,1
C02819,Machine Learning Engineer,Bachelor's,Computer Science,2,3,5,2,9,4,6,65.89,5,63.52,38.0,92.83,80.34,75.65,64.12,68.69,58.88,Junior,2,Beginner,0
C02820,QA Engineer,Diploma,Software Engineering,5,5,2,1,10,3,6,49.73,2,53.88,49.36,77.49,56.63,52.98,49.29,54.95,52.14,Mid-Level,3,Beginner,0
C02821,Data Analyst,Bachelor's,Information Technology,5,9,1,1,12,5,6,84.03,8,76.5,51.17,79.05,81.25,88.82,79.13,77.1,70.96,Mid-Level,1,Beginner,0
C02822,Frontend Developer,Master's,Software Engineering,6,3,1,1,7,4,6,61.73,2,62.62,54.79,99.24,68.09,58.56,64.75,64.94,56.93,Mid-Level,2,Beginner,0
C02823,Cybersecurity Analyst,Bachelor's,Electronics,9,5,2,1,5,4,6,69.02,4,55.76,73.44,68.38,79.56,69.56,67.35,69.64,67.41,Senior,2,Beginner,0
C02824,Product Designer,Diploma,Design,6,10,2,1,5,4,6,69.56,9,64.29,51.86,85.44,69.43,64.35,66.65,66.36,64.7,Mid-Level,2,Beginner,0
C02825,QA Engineer,Bachelor's,Computer Science,5,4,2,1,11,3,6,50.05,2,51.91,46.39,79.68,67.11,59.97,51.83,59.96,49.48,Mid-Level,3,Not Ready,0
C02826,Cybersecurity Analyst,Diploma,Information Technology,1,3,4,1,9,3,6,52.89,10,49.47,23.4,89.92,57.89,55.23,56.93,52.6,45.94,Junior,3,Not Ready,0
C02827,Python Developer,PhD,Data Science,8,15,5,1,9,5,6,87.1,8,79.19,75.24,98.14,97.54,86.45,92.8,89.57,86.73,Senior,1,Intermediate,1
C02828,Java Developer,Bachelor's,Information Technology,5,5,0,1,5,5,6,80.89,8,71.82,57.02,86.43,60.8,65.95,76.22,68.45,62.75,Mid-Level,1,Beginner,1
C02829,UI/UX Designer,Master's,Design,12,6,1,1,7,4,6,64.12,6,69.58,77.01,95.85,88.27,71.83,66.89,78.26,69.46,Senior,2,Beginner,1
C02830,Java Developer,Master's,Information Technology,10,6,1,1,6,5,6,79.68,7,75.84,77.47,100.0,75.22,73.02,78.0,80.93,74.05,Senior,1,Beginner,1
C02831,UI/UX Designer,Bachelor's,Design,1,6,2,2,4,3,6,48.14,3,49.77,25.93,98.81,66.8,47.68,47.2,51.93,49.12,Junior,3,Not Ready,0
C02832,Frontend Developer,Bachelor's,Software Engineering,0,3,2,2,3,3,6,45.89,8,46.75,17.16,97.67,63.5,48.13,51.98,54.19,43.62,Fresher,3,Not Ready,0
C02833,DevOps Engineer,Bachelor's,Information Technology,11,13,2,1,8,4,6,68.17,4,65.51,77.9,87.1,88.65,69.54,73.87,79.57,63.74,Senior,2,Beginner,0
C02834,Python Developer,Master's,Software Engineering,12,15,4,1,11,5,6,79.96,3,91.21,83.66,100.0,100.0,89.66,88.26,91.1,86.94,Senior,1,Intermediate,1
C02835,UI/UX Designer,Master's,Design,13,7,1,0,4,4,6,66.84,3,60.93,79.88,95.44,86.16,81.0,75.7,79.38,66.41,Senior,2,Beginner,0
C02836,Java Developer,Bachelor's,Software Engineering,6,6,1,0,11,4,6,65.54,9,57.03,50.48,94.42,76.84,62.81,66.61,65.91,61.92,Mid-Level,2,Beginner,0
C02837,QA Engineer,Diploma,Software Engineering,6,7,1,1,9,5,6,87.42,6,73.16,57.15,77.2,56.61,75.09,78.55,72.86,73.92,Mid-Level,1,Beginner,0
C02838,Product Designer,Bachelor's,Computer Science,4,5,5,0,11,4,6,70.83,6,67.1,43.7,61.37,83.03,70.95,77.92,65.93,63.53,Mid-Level,2,Beginner,0
C02839,Data Analyst,Bachelor's,Information Technology,5,6,5,1,5,4,6,69.52,2,63.83,54.75,77.51,86.48,70.87,76.18,75.52,67.13,Mid-Level,2,Beginner,0
C02840,DevOps Engineer,Bachelor's,Information Technology,0,3,1,0,6,3,6,50.45,10,51.37,15.35,91.18,61.1,51.52,50.3,51.54,39.88,Fresher,3,Not Ready,0
C02841,Machine Learning Engineer,Bachelor's,Mathematics,6,5,5,1,7,4,6,69.13,5,61.91,60.52,79.24,81.4,76.56,66.74,72.58,71.43,Mid-Level,2,Beginner,0
C02842,Machine Learning Engineer,Bachelor's,Mathematics,9,13,4,0,9,5,6,84.0,7,84.28,75.47,81.2,88.67,93.33,81.05,83.57,75.49,Senior,1,Intermediate,0
C02843,Frontend Developer,Bachelor's,Computer Science,1,4,1,1,6,3,6,50.83,5,50.02,28.34,94.76,54.29,45.63,54.3,52.32,43.36,Junior,3,Not Ready,0
C02844,Frontend Developer,Master's,Software Engineering,11,9,1,0,12,5,6,80.43,4,82.23,85.05,100.0,90.29,85.6,84.14,86.75,75.58,Senior,1,Intermediate,1
C02845,UI/UX Designer,Bachelor's,Computer Science,9,15,3,0,13,5,6,88.18,2,88.05,78.0,65.34,94.5,87.32,94.44,83.24,79.58,Senior,1,Intermediate,1
C02846,DevOps Engineer,Bachelor's,Other,5,9,0,0,7,3,6,47.3,2,51.64,42.17,32.21,77.07,53.86,50.9,51.98,38.71,Mid-Level,3,Not Ready,0
C02847,Full Stack Developer,PhD,Computer Science,14,9,1,0,10,5,7,69.14,5,72.55,78.63,100.0,83.64,77.37,73.35,79.44,69.75,Senior,2,Beginner,1
C02848,DevOps Engineer,Bachelor's,Computer Science,6,6,3,0,7,4,6,66.06,4,57.76,58.64,86.08,78.53,70.2,71.52,72.59,62.02,Mid-Level,2,Beginner,1
C02849,Mobile App Developer,Master's,Computer Science,3,8,2,1,5,4,6,62.72,9,73.14,35.74,95.86,77.18,74.35,64.17,70.12,62.43,Mid-Level,2,Beginner,1
C02850,Full Stack Developer,Master's,Computer Science,5,6,1,0,12,6,7,89.01,9,84.58,60.49,100.0,69.75,78.41,83.31,76.02,77.54,Mid-Level,1,Intermediate,1
C02851,Machine Learning Engineer,Diploma,Mathematics,8,15,5,0,7,5,6,85.97,5,91.87,76.41,70.96,81.95,92.18,81.2,85.44,83.19,Senior,1,Intermediate,0
C02852,DevOps Engineer,Master's,Electronics,4,4,0,1,9,3,6,46.75,9,41.15,35.94,55.16,63.22,56.88,49.81,54.17,42.3,Mid-Level,3,Not Ready,0
C02853,Cloud Engineer,Diploma,Software Engineering,5,7,3,1,13,5,6,81.41,4,74.42,57.56,77.2,70.95,78.97,76.71,72.22,66.17,Mid-Level,1,Beginner,1
C02854,Machine Learning Engineer,Bachelor's,Data Science,4,7,0,1,11,4,6,65.25,8,62.95,46.21,95.94,68.87,62.87,69.07,68.28,56.44,Mid-Level,2,Beginner,0
C02855,Product Designer,Master's,Other,9,5,3,0,4,3,6,45.05,9,52.56,65.07,38.01,80.47,65.0,47.82,59.75,56.69,Senior,3,Beginner,0
C02856,Mobile App Developer,Diploma,Electronics,6,8,1,0,6,2,6,29.31,10,35.84,44.78,41.35,70.1,46.28,36.4,46.43,39.67,Mid-Level,4,Not Ready,0
C02857,DevOps Engineer,Master's,Other,5,4,3,0,6,2,6,33.63,8,34.78,35.62,36.64,83.38,54.1,44.29,52.12,40.76,Mid-Level,4,Not Ready,0
C02858,Backend Developer,Bachelor's,Information Technology,3,7,3,1,7,5,6,83.53,4,84.25,48.72,88.53,80.0,83.47,81.36,77.17,75.54,Mid-Level,1,Intermediate,0
C02859,Data Analyst,Bachelor's,Information Technology,5,6,0,1,11,4,6,61.9,6,55.77,45.89,75.94,65.33,68.13,61.09,60.42,54.76,Mid-Level,2,Beginner,0
C02860,Cybersecurity Analyst,Bachelor's,Other,7,10,4,0,9,2,6,30.06,8,45.25,49.47,30.01,93.32,51.38,44.54,54.76,45.03,Mid-Level,4,Not Ready,0
C02861,Machine Learning Engineer,Diploma,Information Technology,0,3,2,0,6,3,6,45.15,3,40.34,29.15,73.16,47.67,41.98,47.14,42.67,38.74,Fresher,3,Not Ready,0
C02862,Cloud Engineer,Bachelor's,Information Technology,12,5,2,1,6,4,6,65.28,2,65.6,75.24,89.14,73.12,61.53,70.64,69.17,64.12,Senior,2,Beginner,1
C02863,UI/UX Designer,Master's,Information Technology,6,8,2,1,11,4,6,62.72,4,72.66,51.06,79.09,86.86,70.93,69.39,68.69,61.86,Mid-Level,2,Beginner,1
C02864,Cloud Engineer,Bachelor's,Computer Science,6,7,2,0,5,4,6,68.35,10,69.87,59.49,81.65,73.74,76.0,69.55,73.78,67.08,Mid-Level,2,Beginner,1
C02865,DevOps Engineer,Bachelor's,Other,2,2,4,2,10,2,6,32.15,6,24.33,32.65,32.8,64.46,51.73,34.86,47.97,38.32,Junior,4,Not Ready,0
C02866,Frontend Developer,Bachelor's,Software Engineering,11,5,5,1,11,5,6,87.52,3,78.43,88.66,95.4,88.98,93.7,91.22,92.91,81.02,Senior,1,Intermediate,1
C02867,Product Designer,Bachelor's,Computer Science,12,6,2,1,11,4,6,70.04,10,59.43,73.53,59.63,76.03,75.0,67.41,70.39,65.13,Senior,2,Beginner,0
C02868,UI/UX Designer,Diploma,Information Technology,3,6,4,0,10,4,6,65.14,10,59.9,34.89,59.37,66.78,67.36,68.35,63.7,55.11,Mid-Level,2,Beginner,0
C02869,Data Scientist,Bachelor's,Other,11,13,1,1,8,4,6,68.34,10,78.54,74.52,30.85,75.21,65.93,71.02,68.95,63.49,Senior,2,Beginner,1
C02870,Data Scientist,Diploma,Information Technology,1,4,4,1,5,3,6,51.51,10,43.22,26.51,70.81,60.44,49.44,52.26,50.65,49.1,Junior,3,Not Ready,0
C02871,Frontend Developer,Master's,Software Engineering,13,13,2,1,13,5,6,86.17,5,86.12,86.25,96.93,85.12,80.6,88.54,87.22,83.71,Senior,1,Intermediate,1
C02872,UI/UX Designer,Master's,Information Technology,6,8,2,1,9,4,6,68.75,10,66.61,57.8,71.09,85.05,72.27,74.37,72.6,63.72,Mid-Level,2,Beginner,0
C02873,Cybersecurity Analyst,Diploma,Computer Science,1,5,4,2,6,4,6,64.38,6,52.87,26.7,84.97,63.49,70.85,65.2,63.98,61.47,Junior,2,Beginner,1
C02874,Data Scientist,Bachelor's,Computer Science,6,9,2,0,5,4,6,70.08,4,72.49,57.1,88.46,78.13,70.28,66.73,73.62,63.48,Mid-Level,2,Beginner,0
C02875,Full Stack Developer,Master's,Computer Science,11,9,3,1,11,6,7,80.73,3,89.1,77.35,99.55,95.29,92.89,83.02,89.93,85.73,Senior,1,Intermediate,0
C02876,Backend Developer,Master's,Information Technology,10,15,3,0,5,5,6,81.15,2,85.8,79.55,95.05,93.12,88.06,84.92,87.52,77.77,Senior,1,Intermediate,1
C02877,Mobile App Developer,Bachelor's,Computer Science,10,12,4,1,9,5,6,85.82,2,76.86,86.87,87.76,92.11,86.87,91.39,85.55,82.61,Senior,1,Intermediate,1
C02878,Cybersecurity Analyst,Diploma,Computer Science,0,2,3,0,6,3,6,45.28,7,44.48,29.88,84.57,49.53,41.19,45.78,46.3,49.58,Fresher,3,Not Ready,0
C02879,Cybersecurity Analyst,Bachelor's,Computer Science,7,4,2,1,8,5,6,86.27,5,72.85,66.54,88.65,78.93,78.29,87.87,76.83,77.93,Mid-Level,1,Intermediate,0
C02880,Java Developer,Bachelor's,Computer Science,6,6,4,0,11,4,6,64.11,2,64.43,50.04,87.81,80.08,71.53,66.83,69.97,64.31,Mid-Level,2,Beginner,0
C02881,Full Stack Developer,Diploma,Computer Science,6,4,1,1,8,4,7,59.08,8,52.17,55.48,79.3,55.21,58.62,54.05,60.95,57.32,Mid-Level,3,Beginner,1
C02882,Python Developer,Master's,Data Science,14,7,4,1,6,5,6,81.79,2,74.66,85.95,99.44,93.28,84.25,87.75,86.61,77.04,Senior,1,Intermediate,1
C02883,Full Stack Developer,Diploma,Information Technology,4,8,0,1,5,5,7,69.38,2,76.04,48.89,84.56,65.8,68.44,69.36,68.71,61.65,Mid-Level,2,Beginner,0
C02884,Machine Learning Engineer,Bachelor's,Information Technology,8,8,1,1,7,5,6,85.02,2,82.6,71.96,86.75,71.16,84.04,77.55,82.48,78.85,Senior,1,Intermediate,1
C02885,Mobile App Developer,PhD,Software Engineering,12,11,1,1,11,4,6,67.26,6,66.27,74.86,98.69,97.39,79.36,73.03,80.91,69.26,Senior,2,Beginner,1
C02886,UI/UX Designer,Bachelor's,Information Technology,6,10,0,0,11,3,6,45.51,2,52.5,51.16,66.39,81.39,63.8,51.98,60.78,45.27,Mid-Level,3,Not Ready,0
C02887,Full Stack Developer,Bachelor's,Software Engineering,12,13,5,0,9,5,7,69.67,5,73.32,73.06,97.98,96.74,73.31,75.57,78.07,70.06,Senior,2,Beginner,1
C02888,Data Analyst,Bachelor's,Computer Science,0,2,1,0,7,3,6,47.26,8,36.38,27.19,86.04,52.72,51.09,51.11,49.53,43.59,Fresher,3,Not Ready,0
C02889,UI/UX Designer,Diploma,Other,5,8,3,0,7,2,6,31.12,2,46.24,40.19,22.28,71.69,50.71,41.87,44.04,37.27,Mid-Level,4,Not Ready,0
C02890,Full Stack Developer,Diploma,Information Technology,5,3,4,1,10,5,7,68.21,4,58.52,51.26,81.39,69.9,73.55,73.21,69.33,65.65,Mid-Level,2,Beginner,0
C02891,Backend Developer,Master's,Software Engineering,4,3,3,1,11,4,6,64.4,3,63.87,47.77,100.0,68.75,63.18,64.52,68.28,65.86,Mid-Level,2,Beginner,0
C02892,DevOps Engineer,Bachelor's,Computer Science,7,5,5,1,10,4,6,66.53,3,65.08,58.32,88.92,83.44,75.66,68.2,76.96,71.39,Mid-Level,2,Beginner,1
C02893,QA Engineer,Bachelor's,Information Technology,9,12,3,0,13,5,6,85.17,5,78.04,78.71,83.7,95.33,81.64,90.52,87.46,73.94,Senior,1,Beginner,1
C02894,Backend Developer,Master's,Software Engineering,9,6,1,0,6,5,6,87.39,3,69.16,80.23,99.73,82.24,81.56,86.99,86.05,77.69,Senior,1,Intermediate,0
C02895,Product Designer,Bachelor's,Business,2,4,1,1,10,3,6,54.87,3,38.37,29.33,68.8,62.89,53.97,58.85,56.5,42.17,Junior,3,Not Ready,0
C02896,Data Scientist,Master's,Computer Science,11,5,4,0,10,5,6,80.54,8,72.97,82.9,92.31,89.48,88.73,80.46,86.39,76.83,Senior,1,Intermediate,0
C02897,Java Developer,Bachelor's,Computer Science,1,4,2,1,11,3,6,45.83,9,38.45,24.62,90.26,70.92,50.61,53.79,53.45,41.29,Junior,3,Not Ready,0
C02898,Backend Developer,Master's,Software Engineering,7,5,3,1,7,4,6,71.58,7,62.32,57.42,96.02,84.67,79.34,76.68,74.76,72.26,Mid-Level,2,Beginner,1
C02899,Mobile App Developer,Bachelor's,Computer Science,10,7,1,1,6,5,6,83.96,10,78.18,87.08,94.44,74.02,86.88,84.34,80.84,76.2,Senior,1,Intermediate,0
C02900,Python Developer,Bachelor's,Software Engineering,9,14,1,1,8,5,6,86.7,2,92.2,82.63,96.35,86.51,82.17,89.65,88.59,76.7,Senior,1,Intermediate,0
C02901,Product Designer,Diploma,Information Technology,3,7,4,1,12,4,6,69.57,10,67.59,42.21,50.29,70.2,69.73,70.65,65.81,58.07,Mid-Level,2,Beginner,0
C02902,Data Scientist,Diploma,Information Technology,2,3,4,2,10,3,6,49.81,7,39.86,31.29,65.24,58.3,52.01,48.6,53.93,41.54,Junior,3,Not Ready,0
C02903,Data Analyst,Master's,Data Science,3,10,0,1,6,4,6,71.56,7,70.63,40.75,96.27,73.99,77.37,76.2,68.96,60.58,Mid-Level,2,Beginner,1
C02904,Cloud Engineer,PhD,Information Technology,10,10,4,0,5,5,6,82.59,9,85.23,86.29,97.87,100.0,94.42,83.63,93.14,82.82,Senior,1,Intermediate,1
C02905,Cloud Engineer,Bachelor's,Information Technology,10,15,4,0,11,4,6,63.51,10,72.77,72.99,88.43,91.37,68.89,65.89,77.82,65.37,Senior,2,Beginner,1
C02906,DevOps Engineer,Bachelor's,Other,7,8,0,1,6,2,6,36.64,6,38.53,46.83,25.05,71.02,47.42,42.14,50.8,35.36,Mid-Level,4,Not Ready,0
C02907,QA Engineer,Master's,Business,5,6,3,1,7,3,6,52.04,3,48.72,43.26,66.34,73.22,58.28,53.83,58.3,51.75,Mid-Level,3,Beginner,1
C02908,Product Designer,Bachelor's,Information Technology,11,11,3,0,12,5,6,87.07,8,88.94,81.69,56.53,89.04,85.6,83.78,82.06,83.05,Senior,1,Intermediate,1
C02909,Machine Learning Engineer,Bachelor's,Data Science,3,8,5,1,7,4,6,65.8,8,58.98,42.57,99.69,85.12,80.85,68.74,75.61,62.26,Mid-Level,2,Beginner,1
C02910,Java Developer,Diploma,Computer Science,0,1,0,2,9,2,6,28.45,4,27.56,25.54,80.23,35.11,26.01,30.92,35.2,25.96,Fresher,4,Not Ready,0
C02911,Machine Learning Engineer,Master's,Data Science,14,12,3,1,8,5,6,81.6,7,91.29,79.9,96.86,100.0,86.25,85.59,85.83,85.63,Senior,1,Intermediate,0
C02912,Cybersecurity Analyst,Bachelor's,Computer Science,4,5,4,0,9,4,6,67.12,6,57.39,46.1,91.23,80.92,69.14,70.66,72.0,62.37,Mid-Level,2,Beginner,1
C02913,Data Scientist,Diploma,Mathematics,3,9,3,1,12,4,6,64.99,2,64.69,41.01,60.84,67.84,58.77,68.08,62.11,60.37,Mid-Level,2,Beginner,0
C02914,DevOps Engineer,Bachelor's,Electronics,2,3,1,0,3,1,6,18.22,10,19.68,20.7,48.72,52.84,30.92,24.96,35.41,23.21,Junior,5,Not Ready,0
C02915,Backend Developer,Bachelor's,Computer Science,6,5,1,0,4,4,6,62.8,4,57.94,50.93,85.13,74.1,63.07,61.17,68.84,58.91,Mid-Level,2,Beginner,0
C02916,Mobile App Developer,Diploma,Software Engineering,2,3,2,0,6,3,6,45.68,4,40.09,31.31,89.29,52.55,44.43,43.39,48.71,48.8,Junior,3,Not Ready,0
C02917,Frontend Developer,PhD,Computer Science,11,6,1,0,9,5,6,78.78,7,77.02,82.12,99.84,87.68,80.71,82.94,81.25,76.11,Senior,1,Intermediate,0
C02918,Data Analyst,Bachelor's,Business,7,8,2,0,7,3,6,54.36,6,58.22,50.63,69.15,83.14,71.96,56.86,69.37,60.02,Mid-Level,3,Beginner,1
C02919,Data Scientist,Master's,Computer Science,5,10,5,1,7,4,6,64.87,9,62.88,44.47,97.47,93.77,82.26,67.86,75.64,66.75,Mid-Level,2,Beginner,0
C02920,DevOps Engineer,Master's,Information Technology,8,12,3,1,7,5,6,80.59,8,77.33,65.89,96.74,90.5,85.94,78.02,81.36,75.38,Senior,1,Intermediate,1
C02921,Frontend Developer,Bachelor's,Computer Science,10,11,2,1,13,5,6,87.51,8,80.37,84.3,91.16,93.07,89.87,93.22,87.57,79.22,Senior,1,Intermediate,0
C02922,Python Developer,Master's,Data Science,13,12,3,1,7,5,6,85.36,10,86.84,83.08,94.59,92.5,90.14,85.85,86.81,78.3,Senior,1,Intermediate,1
C02923,Machine Learning Engineer,Diploma,Data Science,2,4,1,0,11,3,6,47.63,2,44.49,27.31,81.17,56.81,55.45,45.51,53.19,45.95,Junior,3,Not Ready,0
C02924,Java Developer,Bachelor's,Information Technology,3,10,0,1,10,4,6,65.38,5,63.84,42.32,89.09,69.11,63.67,69.45,67.09,56.45,Mid-Level,2,Beginner,0
C02925,Mobile App Developer,Bachelor's,Computer Science,11,13,1,0,9,5,6,86.16,7,84.53,79.06,86.75,85.2,82.08,85.6,83.21,74.07,Senior,1,Beginner,1
C02926,Python Developer,Bachelor's,Software Engineering,3,7,3,0,10,4,6,63.81,7,68.86,42.04,97.02,67.97,61.06,65.4,66.36,64.66,Mid-Level,2,Beginner,0
C02927,Backend Developer,Diploma,Data Science,3,3,3,0,5,4,6,62.23,9,56.49,36.26,50.37,58.27,66.82,65.11,59.95,53.3,Mid-Level,2,Beginner,0
C02928,Java Developer,Bachelor's,Information Technology,7,3,4,0,4,3,6,52.2,5,41.0,50.0,85.49,83.9,60.91,58.02,68.01,54.17,Mid-Level,3,Beginner,0
C02929,Data Scientist,Bachelor's,Data Science,9,10,4,1,12,4,6,70.18,3,64.96,71.57,96.79,86.06,76.82,69.05,77.76,71.54,Senior,2,Beginner,0
C02930,Product Designer,Bachelor's,Design,6,8,5,1,4,4,6,68.82,7,64.21,57.03,98.75,93.34,75.17,78.11,78.4,71.29,Mid-Level,2,Beginner,0
C02931,Data Analyst,Bachelor's,Business,5,9,3,1,7,4,6,67.66,5,65.95,50.83,66.46,87.64,80.25,74.13,74.02,61.52,Mid-Level,2,Beginner,0
C02932,Full Stack Developer,Bachelor's,Computer Science,2,1,0,0,4,4,7,60.26,6,43.52,32.01,85.92,51.17,55.84,56.08,54.25,53.05,Junior,3,Beginner,0
C02933,Java Developer,Master's,Software Engineering,3,7,0,1,6,4,6,69.84,5,65.35,36.45,95.09,74.04,70.67,69.74,66.49,55.73,Mid-Level,2,Beginner,0
C02934,Mobile App Developer,Master's,Software Engineering,2,3,2,2,6,3,6,54.33,10,46.48,27.44,100.0,67.71,65.61,55.38,62.39,53.18,Junior,3,Beginner,0
C02935,UI/UX Designer,Master's,Design,14,8,0,0,11,5,6,88.24,7,85.99,85.05,100.0,84.8,90.51,82.64,86.26,81.93,Senior,1,Intermediate,1
C02936,QA Engineer,Master's,Software Engineering,6,8,5,1,4,4,6,65.6,10,70.95,50.81,99.27,95.45,78.79,72.43,79.19,65.46,Mid-Level,2,Beginner,1
C02937,Cloud Engineer,Bachelor's,Computer Science,5,3,5,0,7,4,6,63.03,8,59.67,49.61,81.06,78.41,75.65,67.37,72.73,58.54,Mid-Level,2,Beginner,0
C02938,Data Scientist,Diploma,Mathematics,5,6,4,1,6,3,6,51.11,8,45.95,47.57,61.59,74.97,55.59,60.09,56.56,53.6,Mid-Level,3,Beginner,1
C02939,QA Engineer,Diploma,Information Technology,7,5,5,0,6,4,6,65.55,8,64.88,64.29,71.61,67.97,67.21,65.53,69.5,60.6,Mid-Level,2,Beginner,1
C02940,Product Designer,Bachelor's,Information Technology,6,10,2,0,6,3,6,53.53,6,55.99,52.15,61.63,77.82,56.46,61.46,59.68,56.01,Mid-Level,3,Beginner,1
C02941,QA Engineer,Bachelor's,Software Engineering,7,7,1,1,7,4,6,68.73,7,68.99,65.19,81.6,72.57,76.04,66.71,69.45,66.3,Mid-Level,2,Beginner,0
C02942,Java Developer,PhD,Computer Science,4,10,0,0,8,3,6,45.45,8,50.47,39.33,100.0,78.6,52.13,49.42,58.05,50.35,Mid-Level,3,Beginner,0
C02943,Backend Developer,Master's,Other,12,6,5,0,9,4,6,66.64,8,60.97,76.1,44.16,90.71,77.3,76.38,76.59,64.18,Senior,2,Beginner,0
C02944,QA Engineer,PhD,Information Technology,2,3,0,0,11,4,6,70.5,6,50.47,33.86,96.7,70.29,77.03,70.45,68.69,61.93,Junior,2,Beginner,1
C02945,Full Stack Developer,Diploma,Other,3,4,2,0,4,2,7,26.94,2,33.06,32.72,22.77,49.13,29.94,35.74,31.18,25.14,Mid-Level,5,Not Ready,0
C02946,Mobile App Developer,Bachelor's,Information Technology,3,10,0,0,10,4,6,70.51,3,76.15,41.46,85.5,65.68,73.9,68.0,68.58,61.9,Mid-Level,2,Beginner,1
C02947,Mobile App Developer,Master's,Information Technology,14,13,1,0,8,5,6,81.97,4,80.96,81.87,99.55,87.65,89.18,83.75,89.27,78.58,Senior,1,Intermediate,1
C02948,Java Developer,Diploma,Electronics,6,7,2,0,6,2,6,29.51,7,30.19,43.06,39.24,57.82,41.08,34.11,44.13,38.38,Mid-Level,4,Not Ready,0
C02949,Product Designer,Bachelor's,Design,11,6,4,1,7,5,6,81.75,4,73.37,86.54,99.16,92.37,93.97,87.56,91.15,79.79,Senior,1,Intermediate,0
C02950,Java Developer,Master's,Computer Science,9,9,5,1,6,5,6,79.03,10,87.42,72.65,100.0,93.68,92.58,83.12,86.74,81.24,Senior,1,Intermediate,0
C02951,Data Analyst,Diploma,Information Technology,0,0,0,2,9,3,6,48.59,6,11.32,33.6,65.73,36.7,36.98,42.91,39.75,32.9,Fresher,3,Not Ready,0
C02952,QA Engineer,Master's,Information Technology,6,4,3,1,11,4,6,70.95,6,56.07,52.99,92.95,73.85,71.41,68.88,73.72,59.81,Mid-Level,2,Beginner,0
C02953,Full Stack Developer,Bachelor's,Computer Science,10,5,5,0,10,6,7,85.4,2,79.64,81.66,93.27,87.25,82.31,82.79,82.32,86.21,Senior,1,Intermediate,1
C02954,Product Designer,Diploma,Design,2,5,0,0,4,3,6,45.14,8,45.49,25.87,80.63,53.21,54.88,45.85,52.27,38.13,Junior,3,Not Ready,0
C02955,Mobile App Developer,Diploma,Electronics,0,2,1,0,3,1,6,19.53,10,21.47,16.62,40.61,48.29,30.07,20.33,30.89,24.49,Fresher,5,Not Ready,0
C02956,Frontend Developer,Bachelor's,Software Engineering,12,15,0,1,4,4,6,65.98,8,80.76,73.8,98.84,77.6,64.61,63.65,71.79,71.65,Senior,2,Beginner,1
C02957,Data Scientist,Master's,Computer Science,2,5,0,1,6,3,6,50.96,10,49.84,33.62,94.25,69.45,62.88,54.68,62.04,44.6,Junior,3,Not Ready,0
C02958,Backend Developer,Bachelor's,Information Technology,4,6,3,0,12,4,6,63.59,4,70.21,48.45,89.15,68.61,60.86,65.17,63.54,62.78,Mid-Level,2,Beginner,0
C02959,Data Scientist,Master's,Computer Science,1,1,2,0,4,3,6,48.21,7,44.76,25.65,96.55,60.42,54.92,55.08,52.18,50.19,Junior,3,Beginner,0
C02960,QA Engineer,Bachelor's,Other,10,6,1,0,6,4,6,69.97,3,62.56,78.43,32.5,83.77,80.95,69.72,72.59,63.62,Senior,2,Beginner,0
C02961,Data Analyst,Bachelor's,Data Science,11,10,1,1,11,5,6,85.64,4,87.09,81.62,99.33,88.75,89.54,90.84,86.79,78.14,Senior,1,Intermediate,1
C02962,Product Designer,Master's,Business,14,7,0,0,13,5,6,82.21,4,80.65,84.53,83.01,83.33,75.41,84.03,81.09,78.89,Senior,1,Intermediate,0
C02963,Backend Developer,Bachelor's,Other,11,12,0,1,11,3,6,47.76,2,60.5,64.95,28.15,86.28,64.44,51.5,61.05,45.64,Senior,3,Not Ready,0
C02964,Cybersecurity Analyst,Bachelor's,Business,7,4,4,0,3,3,6,45.59,4,42.81,50.77,51.16,78.71,65.39,50.72,59.17,53.38,Mid-Level,3,Beginner,0
C02965,Cybersecurity Analyst,Diploma,Computer Science,8,14,5,0,12,5,6,87.67,6,82.26,69.56,80.54,84.79,81.48,82.59,83.92,77.08,Senior,1,Intermediate,0
C02966,Mobile App Developer,Master's,Software Engineering,6,3,5,1,10,4,6,70.78,5,57.66,51.97,96.28,80.6,68.09,73.1,69.38,65.56,Mid-Level,2,Beginner,0
C02967,Mobile App Developer,Bachelor's,Software Engineering,1,2,3,0,11,3,6,48.41,5,50.85,26.85,97.19,64.77,56.88,46.93,53.74,51.26,Junior,3,Beginner,0
C02968,Machine Learning Engineer,Diploma,Computer Science,1,2,1,2,10,3,6,54.16,10,38.25,29.01,76.44,47.85,52.85,52.26,50.52,48.15,Junior,3,Not Ready,0
C02969,UI/UX Designer,Bachelor's,Other,6,3,3,1,9,2,6,31.27,5,26.23,41.02,25.2,65.24,39.33,36.69,39.76,36.47,Mid-Level,4,Not Ready,0
C02970,Mobile App Developer,Bachelor's,Other,4,8,1,1,3,3,6,52.44,7,47.08,45.61,33.37,66.78,61.16,57.78,54.1,46.18,Mid-Level,3,Not Ready,0
C02971,Machine Learning Engineer,Bachelor's,Data Science,0,3,2,2,6,3,6,51.25,7,51.16,16.52,95.42,53.45,58.29,51.48,54.19,42.78,Fresher,3,Not Ready,0
C02972,Data Scientist,Bachelor's,Data Science,0,2,2,0,8,3,6,50.13,3,40.33,21.17,98.06,51.06,57.61,47.87,54.66,49.93,Fresher,3,Not Ready,0
C02973,Frontend Developer,Bachelor's,Computer Science,0,2,2,1,6,2,6,35.64,3,25.46,22.68,86.17,59.59,48.04,43.02,49.01,41.32,Fresher,4,Not Ready,0
C02974,Full Stack Developer,Bachelor's,Information Technology,10,15,5,1,14,6,7,85.12,9,95.93,85.49,92.69,94.87,88.11,87.33,87.88,89.55,Senior,1,Intermediate,1
C02975,Backend Developer,Master's,Information Technology,11,14,2,1,10,4,6,68.5,7,71.32,78.63,100.0,85.33,76.86,73.79,79.87,71.64,Senior,2,Beginner,0
C02976,Data Scientist,Bachelor's,Mathematics,6,3,0,1,5,3,6,52.79,8,44.93,55.39,79.36,66.12,56.72,55.21,58.38,47.09,Mid-Level,3,Not Ready,0
C02977,Data Analyst,Master's,Computer Science,5,8,4,0,7,4,6,67.21,3,71.86,47.53,91.39,93.2,70.24,73.97,74.77,63.96,Mid-Level,2,Beginner,0
C02978,UI/UX Designer,Master's,Design,13,6,1,1,9,5,6,83.46,4,74.22,86.76,100.0,88.67,81.22,82.52,84.33,81.98,Senior,1,Intermediate,1
C02979,QA Engineer,Bachelor's,Business,2,3,5,1,6,3,6,46.2,10,43.51,32.89,61.31,74.83,51.56,49.97,55.61,50.63,Junior,3,Beginner,0
C02980,Backend Developer,Diploma,Software Engineering,0,0,3,3,6,3,6,46.55,7,10.97,25.77,89.74,48.19,52.45,44.01,49.12,41.88,Fresher,3,Not Ready,0
C02981,Cybersecurity Analyst,Master's,Information Technology,8,6,1,0,8,4,6,70.83,6,57.81,66.93,98.79,86.61,77.71,73.46,79.21,71.55,Senior,2,Beginner,1
C02982,Frontend Developer,Bachelor's,Electronics,4,8,2,0,11,3,6,51.91,8,54.52,42.43,49.41,77.8,56.23,54.66,55.95,52.02,Mid-Level,3,Beginner,1
C02983,QA Engineer,Bachelor's,Business,0,1,2,0,5,2,6,37.47,9,21.4,27.67,60.09,52.82,40.84,39.73,44.71,35.06,Fresher,4,Not Ready,0
C02984,DevOps Engineer,Bachelor's,Computer Science,10,13,2,0,11,5,6,81.51,4,87.25,81.02,81.49,92.46,93.82,82.32,85.17,77.11,Senior,1,Intermediate,1
C02985,Mobile App Developer,Bachelor's,Information Technology,4,9,2,0,5,5,6,85.35,7,76.19,53.52,92.84,77.07,88.88,86.52,80.71,77.41,Mid-Level,1,Intermediate,0
C02986,Data Scientist,Bachelor's,Computer Science,12,6,3,0,7,5,6,79.56,10,75.24,81.35,85.37,85.43,82.0,78.3,84.63,77.84,Senior,1,Intermediate,1
C02987,Data Analyst,Bachelor's,Information Technology,5,8,4,1,7,4,6,65.5,8,70.33,50.6,75.03,83.32,73.17,70.36,68.59,65.65,Mid-Level,2,Beginner,1
C02988,Machine Learning Engineer,Bachelor's,Computer Science,1,3,5,0,5,3,6,51.22,5,49.91,25.45,89.83,70.81,62.07,53.6,58.31,52.86,Junior,3,Beginner,0
C02989,Cybersecurity Analyst,Bachelor's,Computer Science,9,7,2,1,7,5,6,78.82,6,78.5,73.88,86.76,76.31,79.9,81.82,79.31,74.28,Senior,1,Beginner,1
C02990,Cybersecurity Analyst,Diploma,Computer Science,7,9,5,0,11,4,6,62.65,8,63.0,54.7,80.32,85.96,77.64,72.03,70.06,68.38,Mid-Level,2,Beginner,1
C02991,QA Engineer,Master's,Software Engineering,13,8,4,0,11,5,6,78.85,4,71.88,84.63,91.19,86.98,75.7,84.78,79.84,80.53,Senior,1,Intermediate,0
C02992,Product Designer,Diploma,Design,0,1,3,3,6,3,6,54.97,5,47.56,19.66,83.1,48.71,56.21,52.13,49.12,50.77,Fresher,3,Beginner,0
C02993,Cybersecurity Analyst,Diploma,Business,2,4,3,0,3,2,6,33.23,7,35.44,29.46,40.05,63.88,47.3,40.95,45.21,36.59,Junior,4,Not Ready,0
C02994,Data Scientist,Bachelor's,Information Technology,1,1,1,1,3,3,6,49.06,5,45.65,28.62,75.06,55.83,49.8,48.82,48.51,42.61,Junior,3,Not Ready,0
C02995,Data Scientist,Bachelor's,Information Technology,8,11,1,0,9,5,6,86.3,4,85.4,70.43,76.9,73.27,88.22,87.56,77.71,76.45,Senior,1,Intermediate,0
C02996,Mobile App Developer,Master's,Information Technology,14,8,5,1,8,5,6,81.12,5,82.45,81.79,100.0,90.94,91.99,86.53,86.12,78.43,Senior,1,Intermediate,0
C02997,Backend Developer,Bachelor's,Information Technology,11,12,3,0,4,4,6,71.2,2,76.62,80.81,86.14,91.93,76.7,79.06,81.28,76.62,Senior,2,Intermediate,0
C02998,UI/UX Designer,Bachelor's,Design,11,12,4,1,11,5,6,84.01,4,91.82,79.28,96.0,84.11,89.67,82.67,84.83,85.89,Senior,1,Intermediate,0
C02999,Mobile App Developer,Master's,Computer Science,2,1,4,2,9,3,6,52.59,6,48.01,32.16,100.0,76.66,54.97,55.27,60.11,57.41,Junior,3,Beginner,0
C03000,Python Developer,Bachelor's,Other,12,13,3,1,10,3,6,47.25,9,63.18,65.98,32.45,96.15,62.05,61.16,66.04,52.08,Senior,3,Beginner,1
C03001,Cloud Engineer,Diploma,Computer Science,1,1,4,2,12,4,6,62.61,7,46.9,25.31,73.89,60.81,68.66,62.08,58.76,53.96,Junior,2,Beginner,0
C03002,Backend Developer,Bachelor's,Computer Science,4,4,4,0,6,4,6,67.78,5,66.22,47.53,92.39,70.93,75.25,72.88,72.45,60.69,Mid-Level,2,Beginner,0
C03003,Backend Developer,Bachelor's,Information Technology,3,3,3,0,7,5,6,81.25,10,66.63,41.73,89.84,74.78,77.7,79.05,74.43,63.17,Mid-Level,1,Beginner,1
C03004,Mobile App Developer,Master's,Information Technology,12,9,0,0,10,5,6,84.13,7,83.29,84.52,100.0,82.41,75.84,86.07,86.06,76.71,Senior,1,Intermediate,0
C03005,UI/UX Designer,Bachelor's,Information Technology,5,5,1,1,11,3,6,53.87,4,53.68,42.39,65.41,70.75,54.83,57.32,55.32,50.35,Mid-Level,3,Beginner,0
C03006,Python Developer,Master's,Data Science,8,10,5,0,9,5,6,80.91,7,74.66,66.39,94.43,91.86,86.84,84.02,81.56,76.65,Senior,1,Intermediate,1
C03007,QA Engineer,Bachelor's,Business,3,9,1,0,7,3,6,47.54,10,48.01,39.2,56.17,67.45,59.06,50.8,55.82,50.06,Mid-Level,3,Beginner,0
C03008,Mobile App Developer,Diploma,Electronics,3,6,2,0,5,2,6,31.83,7,38.42,27.58,44.5,63.79,39.87,37.03,44.7,34.72,Mid-Level,4,Not Ready,0
C03009,QA Engineer,Bachelor's,Business,8,15,5,1,7,4,6,63.34,4,72.45,65.28,64.24,95.68,80.85,65.71,76.67,66.24,Senior,2,Beginner,1
C03010,Java Developer,Bachelor's,Electronics,3,5,1,1,10,2,6,31.46,6,30.72,31.17,45.49,69.25,38.93,35.14,45.46,33.6,Mid-Level,4,Not Ready,0
C03011,QA Engineer,Bachelor's,Business,3,6,2,1,7,4,6,67.77,10,55.81,43.0,57.05,65.08,60.18,68.2,60.7,56.11,Mid-Level,2,Beginner,0
C03012,Data Analyst,Bachelor's,Information Technology,4,4,1,1,10,5,6,83.67,2,74.54,53.3,77.67,57.39,74.07,77.25,70.17,66.42,Mid-Level,1,Beginner,0
C03013,Cloud Engineer,Diploma,Information Technology,6,7,4,1,8,5,6,80.84,5,70.01,64.44,79.97,64.53,67.43,78.52,69.36,69.85,Mid-Level,1,Beginner,1
C03014,Cybersecurity Analyst,Bachelor's,Electronics,9,15,0,0,12,4,6,70.72,8,80.9,72.55,69.85,82.43,72.5,70.33,77.07,66.05,Senior,2,Beginner,1
C03015,Data Scientist,Master's,Information Technology,4,4,3,1,7,4,6,61.97,4,56.0,48.07,94.28,72.98,71.75,63.59,69.24,59.14,Mid-Level,2,Beginner,0
C03016,Product Designer,Bachelor's,Design,10,7,5,0,4,4,6,64.57,3,71.45,77.33,99.66,86.22,72.3,68.3,76.66,67.82,Senior,2,Beginner,1
C03017,Data Scientist,Diploma,Mathematics,2,5,4,0,11,3,6,48.53,4,49.85,28.84,62.33,59.53,57.68,47.83,52.37,44.69,Junior,3,Not Ready,0
C03018,UI/UX Designer,Bachelor's,Information Technology,4,9,3,0,12,4,6,68.88,5,62.35,47.4,60.09,72.34,66.2,67.63,66.46,60.7,Mid-Level,2,Beginner,0
C03019,Data Analyst,Bachelor's,Information Technology,1,1,5,0,7,3,6,47.46,9,44.36,22.32,81.11,70.67,56.56,54.63,53.27,45.53,Junior,3,Not Ready,0
C03020,DevOps Engineer,Bachelor's,Information Technology,9,13,2,0,5,5,6,83.98,7,89.53,79.56,86.53,83.88,76.48,81.31,78.83,77.23,Senior,1,Intermediate,0
C03021,Mobile App Developer,PhD,Electronics,10,9,1,1,6,4,6,66.68,5,71.75,75.61,62.67,89.79,70.66,67.03,74.74,60.73,Senior,2,Beginner,1
C03022,Backend Developer,Master's,Computer Science,10,11,3,0,8,5,6,85.72,8,79.76,87.46,100.0,87.66,78.94,90.87,88.94,80.23,Senior,1,Intermediate,0
C03023,Data Scientist,Bachelor's,Computer Science,10,15,3,1,11,5,6,86.28,9,89.06,85.84,82.85,85.63,78.62,86.23,83.72,83.12,Senior,1,Intermediate,1
C03024,Machine Learning Engineer,Bachelor's,Computer Science,5,6,4,0,12,4,6,64.91,3,66.23,53.61,90.22,80.9,66.7,64.76,69.43,62.63,Mid-Level,2,Beginner,0
C03025,Machine Learning Engineer,Bachelor's,Other,0,2,3,0,4,0,6,1.53,6,0.0,17.73,34.07,60.11,24.93,14.25,28.21,16.46,Fresher,6,Not Ready,0
C03026,Product Designer,Master's,Business,3,5,1,1,3,3,6,54.61,8,54.66,37.28,82.12,66.01,63.27,60.67,60.77,53.03,Mid-Level,3,Beginner,0
C03027,Cloud Engineer,Bachelor's,Software Engineering,12,6,2,0,10,4,6,68.08,3,66.6,71.4,88.35,85.11,69.16,70.19,76.37,70.07,Senior,2,Beginner,1
C03028,Java Developer,Bachelor's,Information Technology,7,5,0,1,5,5,6,83.96,7,75.43,64.96,89.34,67.69,75.29,79.14,78.38,69.08,Mid-Level,1,Beginner,0
C03029,Cloud Engineer,Bachelor's,Information Technology,1,4,1,2,7,4,6,69.55,10,64.81,34.72,93.59,56.26,63.57,65.74,61.2,59.95,Junior,2,Beginner,0
C03030,Python Developer,Bachelor's,Information Technology,10,10,5,0,9,5,6,81.86,6,86.53,86.58,91.01,100.0,88.89,82.92,90.82,85.56,Senior,1,Intermediate,1
C03031,Data Scientist,Bachelor's,Information Technology,9,13,0,1,9,5,6,87.73,5,88.23,76.01,77.92,81.97,88.75,87.55,84.49,77.9,Senior,1,Intermediate,1
C03032,Backend Developer,Master's,Information Technology,8,9,3,0,5,4,6,65.15,8,60.92,65.49,98.63,81.86,77.76,69.6,74.65,65.42,Senior,2,Beginner,0
C03033,Machine Learning Engineer,Bachelor's,Data Science,0,3,2,2,9,2,6,31.91,10,25.15,31.48,90.22,56.89,41.95,33.7,43.71,40.41,Fresher,4,Not Ready,0
C03034,Data Analyst,Diploma,Information Technology,3,10,4,0,6,3,6,49.36,10,51.62,30.89,68.19,78.93,61.46,56.0,59.89,52.74,Mid-Level,3,Beginner,0
C03035,Cybersecurity Analyst,Master's,Information Technology,13,6,5,1,5,5,6,86.56,3,81.51,84.38,96.38,96.94,84.05,92.94,89.3,84.77,Senior,1,Intermediate,1
C03036,UI/UX Designer,Bachelor's,Design,0,2,2,2,10,2,6,33.26,10,35.0,16.11,95.34,51.71,42.59,36.15,46.75,40.17,Fresher,4,Not Ready,0
C03037,Frontend Developer,Diploma,Electronics,4,7,1,1,4,2,6,34.19,5,36.33,32.57,40.72,58.81,36.63,34.53,42.31,38.3,Mid-Level,4,Not Ready,0
C03038,Python Developer,Bachelor's,Computer Science,12,11,3,0,11,4,6,63.25,10,77.45,76.89,88.99,92.28,76.55,73.53,76.83,69.9,Senior,2,Beginner,1
C03039,Python Developer,Bachelor's,Information Technology,1,3,4,2,3,3,6,52.53,2,36.7,22.64,94.14,70.1,61.23,56.83,58.62,52.92,Junior,3,Beginner,0
C03040,Mobile App Developer,Master's,Computer Science,14,9,4,1,6,4,6,61.95,7,61.19,72.82,100.0,99.54,72.05,68.14,81.64,72.49,Senior,2,Beginner,1
C03041,Python Developer,Master's,Software Engineering,6,7,5,1,13,5,6,85.48,3,84.43,65.42,95.25,90.39,81.23,83.61,85.73,79.16,Mid-Level,1,Intermediate,1
C03042,Data Analyst,Diploma,Computer Science,7,10,2,0,6,4,6,66.83,7,70.47,55.07,76.62,64.92,58.63,70.09,62.4,59.76,Mid-Level,2,Beginner,0
C03043,Full Stack Developer,Master's,Computer Science,6,9,3,1,12,4,7,58.99,7,66.64,50.08,100.0,86.82,77.72,64.84,72.64,62.2,Mid-Level,3,Beginner,1
C03044,Product Designer,Master's,Business,10,9,0,0,9,4,6,67.26,4,64.54,79.22,77.4,81.63,69.53,74.45,72.41,67.33,Senior,2,Beginner,0
C03045,Data Scientist,Master's,Mathematics,3,9,0,1,11,4,6,64.81,10,66.76,34.79,89.44,77.71,66.0,64.24,64.69,51.86,Mid-Level,2,Beginner,1
C03046,Frontend Developer,Master's,Software Engineering,14,9,3,0,5,5,6,83.9,2,85.15,80.08,100.0,91.86,89.24,90.28,89.36,85.32,Senior,1,Intermediate,1
C03047,UI/UX Designer,Bachelor's,Other,5,9,3,1,6,2,6,32.13,5,44.66,37.7,26.35,81.74,50.69,46.46,52.18,38.14,Mid-Level,4,Not Ready,0
C03048,Product Designer,Master's,Computer Science,13,5,0,0,9,4,6,69.14,5,64.64,79.44,67.45,79.32,68.99,72.69,71.42,62.07,Senior,2,Beginner,0
C03049,Java Developer,Master's,Information Technology,2,1,1,0,12,4,6,64.05,6,48.71,31.87,95.58,60.66,69.54,60.8,62.1,57.23,Junior,2,Beginner,0
C03050,Frontend Developer,Bachelor's,Information Technology,9,13,0,0,6,5,6,85.67,10,78.6,76.54,87.92,77.83,85.41,83.7,83.07,76.36,Senior,1,Intermediate,0
C03051,Java Developer,Master's,Other,10,14,1,0,12,4,6,62.38,6,73.19,72.9,36.84,83.02,73.9,62.31,72.16,58.0,Senior,2,Beginner,0
C03052,Machine Learning Engineer,Master's,Computer Science,1,5,1,0,7,4,6,65.55,10,68.2,26.68,100.0,72.3,63.35,64.17,61.81,53.3,Junior,2,Beginner,1
C03053,Python Developer,Bachelor's,Data Science,12,5,2,0,7,5,6,88.02,10,66.96,86.62,80.63,84.7,91.42,87.25,85.71,73.69,Senior,1,Beginner,0
C03054,Cybersecurity Analyst,Bachelor's,Information Technology,6,7,5,0,6,4,6,68.95,5,67.05,56.61,92.63,78.88,66.87,73.8,72.59,70.04,Mid-Level,2,Beginner,0
C03055,Data Scientist,Master's,Data Science,8,5,2,1,8,5,6,81.86,5,67.85,67.74,97.87,80.35,88.45,79.83,83.28,78.25,Senior,1,Intermediate,1
C03056,Cloud Engineer,Bachelor's,Other,12,14,4,0,7,3,6,50.23,2,64.75,69.63,25.01,88.26,60.16,55.58,65.41,59.15,Senior,3,Beginner,0
C03057,Backend Developer,Diploma,Information Technology,0,2,3,3,3,3,6,53.67,9,50.46,24.98,82.51,46.28,43.9,53.15,48.19,50.96,Fresher,3,Beginner,0
C03058,Machine Learning Engineer,Diploma,Computer Science,4,5,5,0,7,5,6,86.29,3,66.71,50.01,83.75,66.34,75.86,83.25,73.18,73.22,Mid-Level,1,Beginner,0
C03059,QA Engineer,Diploma,Information Technology,4,4,5,1,5,5,6,84.97,4,71.84,45.02,66.83,63.99,69.45,80.59,69.97,66.22,Mid-Level,1,Beginner,0
C03060,Data Analyst,Master's,Data Science,5,7,4,0,7,4,6,63.18,5,66.31,47.88,96.43,86.07,65.14,64.29,69.35,62.51,Mid-Level,2,Beginner,1
C03061,Backend Developer,Bachelor's,Information Technology,6,3,2,1,7,4,6,64.62,8,59.85,57.05,87.57,69.58,59.99,66.89,66.28,58.91,Mid-Level,2,Beginner,0
C03062,Frontend Developer,Bachelor's,Information Technology,6,4,3,0,5,4,6,67.44,9,62.73,56.73,93.56,77.02,73.01,74.21,70.8,62.96,Mid-Level,2,Beginner,0
C03063,Frontend Developer,Bachelor's,Computer Science,3,5,5,0,5,4,6,66.49,3,68.15,42.4,94.64,75.23,75.83,71.99,72.67,66.89,Mid-Level,2,Beginner,0
C03064,UI/UX Designer,Diploma,Other,1,4,3,0,2,1,6,14.63,2,19.12,24.7,15.22,53.09,22.47,27.26,26.64,24.86,Junior,5,Not Ready,0
C03065,Data Scientist,Bachelor's,Data Science,0,1,0,1,9,3,6,47.58,4,48.72,16.87,90.61,57.79,51.34,50.62,51.68,38.43,Fresher,3,Not Ready,0
C03066,QA Engineer,Master's,Information Technology,4,4,5,1,7,4,6,68.49,5,55.11,45.07,92.33,87.71,72.63,69.37,75.19,62.22,Mid-Level,2,Beginner,0
C03067,Cybersecurity Analyst,Master's,Electronics,7,4,0,1,3,3,6,47.5,6,50.23,57.38,76.8,65.91,59.74,50.42,57.69,49.93,Mid-Level,3,Not Ready,0
C03068,Backend Developer,Diploma,Computer Science,0,0,3,0,7,3,6,46.06,10,19.45,26.46,75.05,54.7,56.46,44.23,51.97,38.07,Fresher,3,Not Ready,0
C03069,Machine Learning Engineer,Master's,Computer Science,5,7,5,1,4,4,6,62.83,5,56.9,52.6,96.15,80.18,72.85,68.98,71.88,66.75,Mid-Level,2,Beginner,0
C03070,Mobile App Developer,Bachelor's,Information Technology,2,5,4,1,7,4,6,71.39,8,63.25,35.47,86.97,72.44,75.94,73.28,69.05,64.89,Junior,2,Beginner,0
C03071,Data Scientist,Master's,Data Science,10,8,4,1,5,5,6,79.47,8,72.5,84.87,95.36,95.67,83.74,85.59,87.74,79.99,Senior,1,Intermediate,0
C03072,Machine Learning Engineer,Diploma,Computer Science,1,1,2,1,10,3,6,51.62,7,37.48,25.83,79.5,43.29,55.62,54.29,46.97,48.84,Junior,3,Not Ready,0
C03073,DevOps Engineer,Master's,Computer Science,2,2,5,0,11,3,6,53.91,5,49.37,36.02,94.66,78.68,58.78,57.15,60.53,57.8,Junior,3,Beginner,1
C03074,Full Stack Developer,Bachelor's,Software Engineering,12,15,0,1,14,6,7,82.96,2,85.95,83.28,94.12,85.61,80.08,83.2,85.58,72.73,Senior,1,Beginner,1
C03075,Cybersecurity Analyst,Diploma,Information Technology,0,1,3,2,3,3,6,47.37,3,47.09,14.77,83.35,49.95,54.42,43.57,47.45,46.26,Fresher,3,Not Ready,0
C03076,DevOps Engineer,Diploma,Information Technology,8,10,1,0,10,5,6,88.01,9,74.3,69.38,80.69,72.89,74.09,80.14,78.88,68.35,Senior,1,Beginner,1
C03077,Data Analyst,PhD,Other,3,8,3,1,2,2,6,33.94,9,39.61,36.39,49.52,89.56,60.42,42.76,56.0,41.29,Mid-Level,4,Not Ready,0
C03078,Mobile App Developer,Diploma,Computer Science,1,4,2,1,6,3,6,47.04,10,41.88,26.02,77.55,53.65,46.63,52.43,48.81,46.22,Junior,3,Not Ready,0
C03079,DevOps Engineer,Bachelor's,Information Technology,6,7,0,0,11,4,6,65.21,10,55.98,50.64,93.16,77.43,74.47,68.45,69.11,59.73,Mid-Level,2,Beginner,0
C03080,UI/UX Designer,Bachelor's,Information Technology,1,5,4,0,6,3,6,49.51,2,52.99,27.86,60.88,72.25,57.41,57.35,57.72,47.72,Junior,3,Not Ready,0
C03081,DevOps Engineer,Bachelor's,Software Engineering,1,6,2,2,8,4,6,63.9,6,55.36,27.11,94.49,68.72,71.08,62.86,65.25,52.08,Junior,2,Beginner,0
C03082,Mobile App Developer,Diploma,Information Technology,4,4,0,1,12,4,6,69.57,9,53.27,43.78,79.41,48.99,65.8,60.51,62.09,59.53,Mid-Level,2,Beginner,0
C03083,QA Engineer,Bachelor's,Information Technology,9,13,0,0,13,5,6,88.03,10,92.27,83.4,79.64,83.67,92.7,88.99,88.72,83.72,Senior,1,Intermediate,1
C03084,Backend Developer,PhD,Information Technology,13,13,4,0,12,5,6,86.25,6,88.81,82.82,100.0,99.97,84.25,88.62,91.39,81.41,Senior,1,Intermediate,0
C03085,DevOps Engineer,Bachelor's,Electronics,3,10,5,0,3,2,6,35.39,6,39.73,36.03,45.42,84.3,56.54,47.49,54.93,45.11,Mid-Level,4,Not Ready,0
C03086,Frontend Developer,Bachelor's,Information Technology,11,7,3,1,5,5,6,87.36,2,84.69,80.44,88.58,80.06,87.17,82.63,86.25,85.16,Senior,1,Intermediate,1
C03087,QA Engineer,Diploma,Other,7,4,2,0,5,3,6,45.84,3,44.64,57.07,27.0,57.13,44.4,47.82,50.91,48.94,Mid-Level,3,Not Ready,0
C03088,Frontend Developer,Bachelor's,Electronics,0,3,2,0,1,1,6,21.39,4,24.12,28.99,47.15,53.28,39.23,28.78,40.27,34.03,Fresher,5,Not Ready,0
C03089,Data Analyst,Bachelor's,Computer Science,12,8,5,0,8,5,6,86.48,10,86.1,81.48,86.18,84.4,81.21,87.82,86.42,80.16,Senior,1,Intermediate,1
C03090,Product Designer,Bachelor's,Computer Science,7,6,5,0,9,4,6,66.09,2,68.95,57.57,59.68,89.98,83.63,72.35,73.03,63.58,Mid-Level,2,Beginner,0
C03091,Machine Learning Engineer,Diploma,Other,6,3,0,1,6,2,6,33.18,8,34.34,40.66,28.5,52.5,36.93,34.6,38.43,33.5,Mid-Level,4,Not Ready,0
C03092,Backend Developer,Bachelor's,Computer Science,9,10,1,1,5,5,6,84.16,2,87.56,80.45,86.96,80.14,77.39,85.97,82.76,81.73,Senior,1,Intermediate,0
C03093,Python Developer,Diploma,Information Technology,6,10,2,0,6,4,6,62.93,9,72.94,58.21,80.27,71.43,66.7,60.35,64.92,65.99,Mid-Level,2,Beginner,0
C03094,DevOps Engineer,Bachelor's,Electronics,12,8,1,1,8,4,6,71.26,3,61.14,76.15,50.45,80.67,71.32,73.12,73.03,59.33,Senior,2,Beginner,1
C03095,QA Engineer,Master's,Business,11,6,4,0,5,4,6,62.28,8,61.72,74.5,66.38,83.75,68.86,62.41,68.56,69.41,Senior,2,Beginner,1
C03096,Python Developer,Bachelor's,Information Technology,10,12,0,0,10,5,6,87.56,4,90.34,80.15,90.44,73.42,88.25,88.49,82.98,77.41,Senior,1,Intermediate,1
C03097,Cybersecurity Analyst,Master's,Electronics,12,6,3,1,13,5,6,80.65,2,71.87,84.32,82.24,81.86,76.13,82.7,79.86,76.11,Senior,1,Intermediate,1
C03098,Machine Learning Engineer,Master's,Mathematics,14,8,0,0,7,5,6,83.75,9,72.64,86.14,93.42,78.79,76.33,78.46,82.43,70.95,Senior,1,Beginner,1
C03099,Mobile App Developer,Bachelor's,Software Engineering,0,1,1,3,5,3,6,48.78,4,47.94,12.82,90.37,53.1,52.01,44.97,49.84,41.3,Fresher,3,Not Ready,0
C03100,DevOps Engineer,Bachelor's,Software Engineering,6,4,2,1,5,5,6,85.98,9,71.68,62.85,89.77,66.2,71.48,80.13,75.99,69.39,Mid-Level,1,Beginner,1
C03101,Java Developer,Bachelor's,Software Engineering,4,7,2,0,8,4,6,68.55,5,60.98,45.03,99.01,72.72,77.4,74.18,72.29,67.68,Mid-Level,2,Beginner,1
C03102,Backend Developer,Bachelor's,Information Technology,2,4,2,0,7,3,6,51.05,8,45.03,30.99,93.84,61.37,47.31,57.82,55.91,48.9,Junior,3,Not Ready,0
C03103,Python Developer,Master's,Other,1,5,2,2,3,1,6,17.22,9,14.41,25.95,44.65,74.63,39.45,28.66,40.79,23.83,Junior,5,Not Ready,0
C03104,Cybersecurity Analyst,Diploma,Other,5,10,4,0,5,2,6,37.61,5,45.26,38.5,17.9,82.43,59.89,44.07,49.95,43.51,Mid-Level,4,Not Ready,0
C03105,Product Designer,Bachelor's,Business,11,15,5,1,11,5,6,83.15,8,93.75,86.35,71.8,90.05,82.65,80.57,82.92,86.57,Senior,1,Intermediate,1
C03106,DevOps Engineer,Master's,Software Engineering,6,4,0,1,7,5,6,83.87,6,64.72,61.67,100.0,66.25,72.07,78.08,75.54,65.47,Mid-Level,1,Beginner,0
C03107,Cybersecurity Analyst,Bachelor's,Information Technology,3,6,0,1,8,5,6,83.39,8,73.72,42.7,98.78,69.24,77.8,77.64,74.57,65.02,Mid-Level,1,Beginner,1
C03108,Java Developer,Diploma,Computer Science,0,2,1,1,3,3,6,53.38,5,48.79,26.52,77.7,41.69,50.67,54.91,45.43,50.86,Fresher,3,Beginner,0
C03109,Cloud Engineer,Master's,Software Engineering,11,13,1,1,10,5,6,88.28,3,90.49,85.86,98.52,85.39,94.64,91.7,90.22,86.09,Senior,1,Intermediate,0
C03110,Product Designer,Bachelor's,Information Technology,2,3,1,1,9,3,6,52.72,6,42.57,31.1,62.09,54.28,47.05,49.22,46.58,44.02,Junior,3,Not Ready,0
C03111,Product Designer,Diploma,Information Technology,5,6,4,1,6,4,6,63.14,7,60.8,44.11,52.55,62.85,70.96,65.42,60.89,59.08,Mid-Level,2,Beginner,0
C03112,Data Analyst,Master's,Computer Science,14,7,2,0,13,5,6,84.71,8,70.32,82.45,99.46,84.43,91.12,80.84,84.61,80.91,Senior,1,Intermediate,1
C03113,Data Analyst,Master's,Data Science,8,8,5,1,6,5,6,80.69,6,82.5,70.05,97.27,99.1,94.7,86.6,88.43,81.24,Senior,1,Intermediate,0
C03114,Cybersecurity Analyst,Master's,Business,12,9,5,1,8,4,6,69.77,10,61.18,79.54,62.48,100.0,88.66,75.91,83.72,66.66,Senior,2,Beginner,0
C03115,Frontend Developer,Bachelor's,Other,4,3,5,0,6,3,6,52.98,4,37.41,43.26,29.02,67.97,54.75,59.85,51.1,42.79,Mid-Level,3,Not Ready,0
C03116,Machine Learning Engineer,Master's,Mathematics,7,8,1,0,6,5,6,85.87,3,77.66,66.18,94.47,78.1,81.93,87.45,83.36,72.96,Mid-Level,1,Beginner,1
C03117,Machine Learning Engineer,Master's,Data Science,1,2,1,0,6,4,6,66.21,3,54.36,29.1,99.47,66.61,73.21,66.2,67.82,59.09,Junior,2,Beginner,1
C03118,Full Stack Developer,Bachelor's,Software Engineering,12,6,2,0,6,5,7,70.39,5,74.03,75.02,96.37,76.0,67.98,70.53,72.64,66.41,Senior,2,Beginner,0
C03119,Machine Learning Engineer,Bachelor's,Data Science,8,8,5,1,4,4,6,62.01,4,61.61,63.58,91.9,88.29,69.72,70.6,73.76,62.12,Senior,2,Beginner,1
C03120,Product Designer,PhD,Other,6,8,3,1,5,2,6,30.01,2,38.6,42.0,44.81,90.47,49.91,38.25,53.8,43.49,Mid-Level,4,Not Ready,0
C03121,Mobile App Developer,Master's,Information Technology,6,4,1,1,4,4,6,70.2,5,58.64,55.6,100.0,66.3,70.16,68.61,67.52,64.46,Mid-Level,2,Beginner,0
C03122,Data Scientist,Bachelor's,Mathematics,7,10,0,0,5,3,6,51.47,6,62.2,53.7,71.71,76.71,60.77,57.72,61.89,49.28,Mid-Level,3,Not Ready,0
C03123,Python Developer,Master's,Information Technology,4,4,2,1,8,5,6,85.76,8,65.46,48.08,97.01,74.51,86.22,79.12,77.03,69.56,Mid-Level,1,Beginner,0
C03124,Data Scientist,Bachelor's,Computer Science,12,11,1,0,12,5,6,83.5,7,80.86,80.23,83.43,83.65,82.67,80.49,79.91,72.48,Senior,1,Beginner,0
C03125,DevOps Engineer,Bachelor's,Computer Science,9,9,2,0,11,5,6,81.63,3,80.77,76.08,87.24,75.99,71.65,77.63,77.0,69.74,Senior,1,Beginner,1
C03126,QA Engineer,Master's,Computer Science,2,5,5,2,9,4,6,70.23,6,66.14,31.55,88.64,74.92,66.26,67.28,65.41,65.41,Junior,2,Beginner,0
C03127,Cybersecurity Analyst,Bachelor's,Electronics,6,6,3,0,6,3,6,48.6,6,45.73,49.18,73.47,79.34,54.96,59.04,59.39,52.94,Mid-Level,3,Beginner,0
C03128,UI/UX Designer,Bachelor's,Computer Science,1,1,4,1,2,2,6,32.24,10,33.81,27.98,66.35,67.68,45.15,39.79,45.0,35.92,Junior,4,Not Ready,0
C03129,Java Developer,Bachelor's,Other,2,3,4,2,1,1,6,16.91,8,12.43,25.15,32.36,68.54,44.71,31.14,40.51,31.13,Junior,5,Not Ready,0
C03130,Full Stack Developer,Master's,Information Technology,8,7,3,1,5,5,7,76.37,5,62.29,65.42,97.52,83.9,76.01,78.89,81.61,66.02,Senior,2,Beginner,0
C03131,Data Analyst,Diploma,Data Science,0,2,3,2,11,3,6,53.73,10,37.82,14.22,83.42,58.5,51.97,54.13,53.89,45.3,Fresher,3,Not Ready,0
C03132,Cybersecurity Analyst,Master's,Information Technology,10,9,2,1,6,5,6,80.64,8,88.02,84.12,97.78,86.51,79.99,77.85,84.54,76.44,Senior,1,Intermediate,0
C03133,Product Designer,Bachelor's,Design,0,0,2,0,3,3,6,48.86,7,1.51,29.69,95.36,57.19,59.78,46.52,57.37,42.38,Fresher,3,Not Ready,0
C03134,Python Developer,Bachelor's,Information Technology,2,3,5,0,9,3,6,51.32,10,37.22,34.02,90.89,70.2,54.35,52.23,55.65,46.92,Junior,3,Not Ready,0
C03135,Full Stack Developer,Diploma,Computer Science,4,7,5,0,13,5,7,76.38,3,75.51,44.75,76.87,71.37,68.76,75.42,67.92,65.44,Mid-Level,2,Beginner,1
C03136,DevOps Engineer,Master's,Other,2,1,4,0,6,1,6,20.55,7,15.44,29.28,40.91,78.58,47.39,30.63,45.05,31.69,Junior,5,Not Ready,0
C03137,Cybersecurity Analyst,Bachelor's,Information Technology,6,7,4,0,11,4,6,62.17,2,70.62,54.32,90.88,87.45,71.02,70.23,74.22,60.45,Mid-Level,2,Beginner,1
C03138,Data Scientist,Bachelor's,Computer Science,9,14,3,0,5,5,6,84.28,6,81.09,72.68,84.12,81.89,83.52,84.54,79.61,79.48,Senior,1,Intermediate,1
C03139,DevOps Engineer,Master's,Information Technology,8,8,4,0,6,4,6,69.25,9,66.42,64.57,98.87,85.41,73.17,67.77,76.54,73.48,Senior,2,Beginner,0
C03140,Backend Developer,Diploma,Data Science,1,4,5,2,5,3,6,46.91,5,50.04,23.98,48.23,57.08,50.76,44.88,48.82,44.52,Junior,3,Not Ready,0
C03141,QA Engineer,Diploma,Business,0,0,3,0,6,2,6,32.73,7,15.23,19.17,45.63,50.21,39.09,33.04,36.74,28.37,Fresher,4,Not Ready,0
C03142,Product Designer,Bachelor's,Design,1,2,5,0,6,4,6,65.88,9,55.44,30.82,95.49,70.95,60.46,70.08,61.66,56.78,Junior,2,Beginner,0
C03143,Python Developer,Master's,Software Engineering,11,13,3,1,5,5,6,84.87,5,79.83,83.26,98.01,90.88,82.59,89.77,88.36,78.73,Senior,1,Intermediate,0
C03144,Data Analyst,Bachelor's,Data Science,8,13,0,0,7,5,6,81.24,3,81.65,75.11,92.52,76.78,85.02,77.49,79.32,78.53,Senior,1,Intermediate,1
C03145,Full Stack Developer,Master's,Computer Science,10,9,5,1,9,6,7,84.87,4,76.56,86.16,100.0,91.26,95.22,88.12,89.69,80.97,Senior,1,Intermediate,0
C03146,UI/UX Designer,Bachelor's,Computer Science,4,7,2,0,9,4,6,68.27,5,62.81,50.0,66.19,68.83,64.94,69.83,66.25,64.1,Mid-Level,2,Beginner,1
C03147,DevOps Engineer,Master's,Information Technology,8,7,0,1,10,4,6,67.51,4,56.11,60.35,96.96,72.39,69.06,67.42,70.2,65.11,Senior,2,Beginner,0
C03148,Cloud Engineer,Master's,Information Technology,3,4,3,0,12,4,6,62.89,10,62.09,35.93,100.0,80.56,70.38,62.87,69.71,60.12,Mid-Level,2,Beginner,0
C03149,Full Stack Developer,Bachelor's,Software Engineering,0,1,3,1,10,3,7,40.68,2,42.64,16.32,92.38,58.17,53.99,44.25,50.99,47.96,Fresher,4,Not Ready,0
C03150,Frontend Developer,Bachelor's,Electronics,12,15,0,0,7,4,6,63.99,8,70.54,71.18,52.1,75.33,71.78,70.07,66.11,60.45,Senior,2,Beginner,1
C03151,Mobile App Developer,Bachelor's,Other,3,6,4,1,5,3,6,51.2,6,56.84,32.03,25.61,76.47,59.05,52.22,52.88,48.45,Mid-Level,3,Not Ready,0
C03152,Frontend Developer,Diploma,Software Engineering,7,10,5,0,11,4,6,68.34,3,69.12,55.98,89.27,80.02,68.1,71.04,73.56,71.32,Mid-Level,2,Beginner,1
C03153,Full Stack Developer,Master's,Computer Science,9,9,5,0,13,5,7,74.98,4,64.55,72.03,95.18,95.07,76.25,82.14,81.33,73.44,Senior,2,Beginner,0
C03154,Full Stack Developer,Bachelor's,Software Engineering,1,5,4,0,10,5,7,76.13,9,63.47,29.65,99.9,63.11,75.21,70.31,65.37,68.8,Junior,2,Beginner,0
C03155,Machine Learning Engineer,Diploma,Mathematics,1,3,4,1,5,4,6,70.72,7,58.53,33.35,72.03,61.02,69.19,69.25,62.31,64.21,Junior,2,Beginner,0
C03156,Java Developer,Diploma,Software Engineering,0,0,1,0,2,2,6,33.66,7,1.92,33.6,86.19,46.56,34.25,40.95,41.12,32.23,Fresher,4,Not Ready,0
C03157,QA Engineer,PhD,Computer Science,8,15,2,0,10,5,6,81.95,6,79.92,71.86,94.35,97.06,83.84,87.59,87.9,75.27,Senior,1,Intermediate,0
C03158,Product Designer,PhD,Business,4,7,5,1,4,3,6,51.65,5,55.05,41.83,80.24,99.25,77.84,64.49,69.12,62.76,Mid-Level,3,Beginner,0
C03159,Mobile App Developer,Bachelor's,Software Engineering,6,10,4,1,13,5,6,79.46,10,88.33,54.36,99.2,92.41,91.79,77.42,82.75,75.38,Mid-Level,1,Intermediate,1
C03160,QA Engineer,Master's,Information Technology,14,7,5,1,6,5,6,88.28,7,74.24,85.3,90.09,96.77,89.67,86.64,87.81,79.2,Senior,1,Intermediate,1
C03161,Full Stack Developer,Bachelor's,Computer Science,3,4,1,0,11,5,7,67.18,4,56.26,41.04,91.22,56.16,62.14,64.34,61.93,59.62,Mid-Level,2,Beginner,0
C03162,Data Analyst,Bachelor's,Business,0,3,2,1,9,3,6,53.91,10,44.14,23.23,70.21,66.4,64.35,54.53,54.65,45.9,Fresher,3,Not Ready,0
C03163,DevOps Engineer,PhD,Information Technology,12,13,1,1,9,4,6,70.66,10,66.22,76.19,97.6,94.52,77.45,75.4,80.04,70.49,Senior,2,Beginner,0
C03164,Mobile App Developer,Master's,Information Technology,14,7,0,0,7,5,6,84.26,3,71.14,85.82,96.57,76.87,84.26,78.75,85.81,81.29,Senior,1,Intermediate,1
C03165,Data Scientist,Bachelor's,Computer Science,9,10,0,1,9,5,6,78.43,9,84.12,73.77,86.52,74.01,72.5,80.55,73.35,72.07,Senior,1,Beginner,1
C03166,Data Analyst,Bachelor's,Information Technology,10,8,1,1,12,5,6,84.51,10,83.28,85.01,81.01,78.92,89.09,83.41,84.29,78.56,Senior,1,Intermediate,1
C03167,Full Stack Developer,Bachelor's,Computer Science,12,14,5,0,6,6,7,83.61,4,86.8,83.29,94.2,88.55,90.38,82.16,87.86,83.84,Senior,1,Intermediate,0
C03168,Data Analyst,Diploma,Data Science,3,4,2,1,12,4,6,64.42,3,67.29,43.1,84.02,57.29,64.23,59.56,60.0,59.18,Mid-Level,2,Beginner,0
C03169,Cybersecurity Analyst,Diploma,Information Technology,0,1,0,3,6,2,6,32.9,10,30.23,13.46,87.45,36.17,33.73,38.53,35.6,31.18,Fresher,4,Not Ready,0
C03170,Backend Developer,Diploma,Data Science,7,8,5,0,11,3,6,52.04,3,51.6,50.27,51.12,83.74,60.62,60.08,63.54,54.01,Mid-Level,3,Beginner,0
C03171,Cybersecurity Analyst,PhD,Information Technology,3,3,5,0,13,5,6,79.9,7,69.39,38.2,96.38,80.16,73.4,84.81,75.3,63.7,Mid-Level,1,Beginner,1
C03172,Python Developer,Bachelor's,Information Technology,2,2,1,2,8,4,6,66.72,3,58.79,36.39,90.97,54.68,59.87,59.81,60.4,55.78,Junior,2,Beginner,0
C03173,DevOps Engineer,Bachelor's,Information Technology,4,4,1,0,8,4,6,67.81,5,64.9,49.75,92.65,72.55,74.06,66.62,68.65,61.88,Mid-Level,2,Beginner,1
C03174,UI/UX Designer,Bachelor's,Design,10,12,4,1,7,5,6,82.19,8,87.72,85.42,97.88,97.14,93.55,86.86,90.25,85.39,Senior,1,Intermediate,1
C03175,Machine Learning Engineer,Bachelor's,Computer Science,4,7,0,0,12,4,6,67.18,2,56.67,41.53,92.79,60.63,59.72,66.64,61.1,54.88,Mid-Level,2,Beginner,0
C03176,QA Engineer,Master's,Business,6,3,1,1,9,4,6,70.33,4,62.29,51.85,74.53,63.96,62.58,73.35,65.08,58.92,Mid-Level,2,Beginner,0
C03177,Mobile App Developer,Master's,Other,12,9,0,1,12,4,6,69.27,9,63.96,80.02,39.67,88.07,79.74,68.68,72.48,59.61,Senior,2,Beginner,0
C03178,Python Developer,Bachelor's,Other,1,4,5,0,3,2,6,31.27,2,27.25,23.23,33.5,74.96,49.79,36.08,43.18,33.7,Junior,4,Not Ready,0
C03179,Cybersecurity Analyst,Bachelor's,Electronics,11,14,0,1,8,5,6,86.91,2,86.61,85.85,70.0,73.83,89.68,84.48,84.94,82.36,Senior,1,Intermediate,1
C03180,Data Analyst,Diploma,Information Technology,7,4,4,1,8,4,6,69.56,5,52.11,65.27,69.66,76.36,67.34,74.63,67.95,67.22,Mid-Level,2,Beginner,0
C03181,UI/UX Designer,PhD,Information Technology,8,7,5,0,8,4,6,64.48,10,59.6,68.1,81.81,100.0,84.04,74.39,83.4,71.27,Senior,2,Beginner,1
C03182,UI/UX Designer,Master's,Design,7,3,5,0,12,5,6,82.1,2,67.85,67.14,97.39,78.75,88.02,79.37,80.8,72.64,Mid-Level,1,Beginner,1
C03183,DevOps Engineer,Bachelor's,Information Technology,7,5,1,0,6,4,6,62.07,5,57.64,57.73,92.78,67.65,61.18,63.73,64.48,60.58,Mid-Level,2,Beginner,1
C03184,Data Analyst,Diploma,Data Science,2,5,0,1,9,3,6,49.47,9,40.16,35.68,84.78,42.69,44.6,50.72,45.94,39.94,Junior,3,Not Ready,0
C03185,Full Stack Developer,Diploma,Software Engineering,8,7,2,1,12,5,7,71.67,2,71.48,62.99,82.42,63.31,74.0,72.06,68.12,69.33,Senior,2,Beginner,1
C03186,Cybersecurity Analyst,PhD,Information Technology,3,5,1,0,9,5,6,82.8,3,80.53,40.62,95.92,80.6,87.03,80.41,78.87,68.52,Mid-Level,1,Beginner,0
C03187,Backend Developer,Diploma,Computer Science,4,10,2,1,10,4,6,64.46,10,62.64,40.62,84.41,69.78,72.9,62.16,64.61,59.97,Mid-Level,2,Beginner,0
C03188,Python Developer,Bachelor's,Software Engineering,9,12,4,1,9,5,6,78.87,5,88.83,73.86,92.33,83.93,80.02,82.93,78.61,75.75,Senior,1,Intermediate,0
C03189,Full Stack Developer,Diploma,Software Engineering,8,13,3,0,13,6,7,89.07,2,89.41,71.36,85.07,78.48,83.95,91.66,84.9,83.56,Senior,1,Intermediate,1
C03190,Frontend Developer,Bachelor's,Electronics,2,4,5,0,4,2,6,35.38,9,29.14,29.22,53.33,73.15,56.33,41.87,51.86,40.27,Junior,4,Not Ready,0
C03191,DevOps Engineer,Diploma,Information Technology,3,5,3,0,10,4,6,66.59,7,66.39,43.82,78.11,59.46,66.85,61.03,60.81,63.15,Mid-Level,2,Beginner,0
C03192,Full Stack Developer,PhD,Computer Science,9,12,2,0,13,6,7,85.87,10,87.6,76.72,95.84,89.0,87.54,87.01,87.95,83.74,Senior,1,Intermediate,1
C03193,Backend Developer,Bachelor's,Information Technology,0,1,2,2,9,3,6,46.46,5,43.54,16.14,85.13,58.96,50.76,48.89,50.94,40.17,Fresher,3,Not Ready,0
C03194,Java Developer,Bachelor's,Software Engineering,0,2,0,1,9,2,6,35.04,8,31.59,28.69,90.79,53.35,37.64,39.29,45.46,40.91,Fresher,4,Not Ready,0
C03195,Frontend Developer,Bachelor's,Computer Science,5,4,4,1,12,5,6,86.79,4,67.47,58.16,85.62,79.06,78.54,86.93,77.06,70.74,Mid-Level,1,Beginner,1
C03196,Cybersecurity Analyst,Bachelor's,Business,6,9,5,1,7,2,6,31.31,3,46.31,46.3,45.55,92.05,51.67,40.44,57.51,44.5,Mid-Level,4,Not Ready,0
C03197,Mobile App Developer,Master's,Information Technology,1,3,3,1,3,3,6,51.43,6,47.08,23.69,98.53,70.84,61.2,58.92,59.18,51.72,Junior,3,Beginner,0
C03198,QA Engineer,Master's,Information Technology,3,8,5,0,5,4,6,70.83,3,70.3,43.03,91.38,93.23,84.78,76.41,78.76,64.73,Mid-Level,2,Beginner,1
C03199,QA Engineer,Bachelor's,Information Technology,7,10,5,0,8,4,6,63.16,3,60.61,56.96,78.97,89.23,80.49,70.44,73.62,62.19,Mid-Level,2,Beginner,0
C03200,Full Stack Developer,Bachelor's,Information Technology,5,3,0,1,5,4,7,52.43,3,46.46,48.61,89.57,67.66,57.13,58.44,63.51,53.11,Mid-Level,3,Beginner,0
C03201,Java Developer,Master's,Information Technology,6,10,4,1,7,3,6,54.87,4,54.85,54.23,100.0,89.36,69.33,62.17,69.85,57.11,Mid-Level,3,Beginner,1
C03202,Cybersecurity Analyst,Diploma,Information Technology,2,2,2,0,3,3,6,52.07,4,48.95,31.04,85.78,59.95,47.56,51.69,51.8,46.44,Junior,3,Not Ready,0
C03203,Mobile App Developer,Bachelor's,Information Technology,6,6,2,0,10,4,6,65.58,3,64.56,51.47,90.14,78.96,70.49,64.79,68.49,65.21,Mid-Level,2,Beginner,1
C03204,Frontend Developer,Bachelor's,Information Technology,6,9,2,0,7,4,6,68.03,8,72.9,53.22,90.56,71.18,64.1,70.16,65.83,63.47,Mid-Level,2,Beginner,0
C03205,Cloud Engineer,Bachelor's,Software Engineering,12,14,4,0,13,5,6,82.72,9,93.02,80.83,91.92,96.87,92.19,88.47,90.11,81.75,Senior,1,Intermediate,1
C03206,Product Designer,Bachelor's,Design,6,4,5,0,5,5,6,82.04,2,74.75,60.27,94.99,83.81,84.77,79.89,78.64,79.49,Mid-Level,1,Intermediate,1
C03207,Python Developer,Bachelor's,Information Technology,3,6,3,1,8,4,6,71.04,9,57.61,37.87,86.67,76.18,79.3,71.0,68.79,62.95,Mid-Level,2,Beginner,1
C03208,Cybersecurity Analyst,Diploma,Business,4,5,0,0,9,3,6,54.76,8,47.08,44.48,37.94,48.39,48.1,51.04,50.99,46.69,Mid-Level,3,Not Ready,0
C03209,Cloud Engineer,Diploma,Software Engineering,5,4,4,1,8,5,6,85.04,4,67.8,56.54,79.8,72.41,74.7,82.67,72.45,70.62,Mid-Level,1,Beginner,0
C03210,Cloud Engineer,Master's,Computer Science,6,9,4,0,8,4,6,65.74,2,72.69,50.27,97.58,82.57,73.3,68.39,71.36,69.36,Mid-Level,2,Beginner,0
C03211,Mobile App Developer,PhD,Computer Science,14,6,3,1,11,4,6,64.78,5,62.48,76.51,97.16,90.72,67.77,73.75,79.67,69.18,Senior,2,Beginner,1
C03212,QA Engineer,Diploma,Information Technology,8,7,5,0,9,5,6,87.94,7,77.36,72.1,65.07,69.62,76.42,83.82,74.76,71.7,Senior,1,Beginner,1
C03213,QA Engineer,Bachelor's,Software Engineering,8,15,3,1,6,5,6,85.65,6,81.28,75.8,81.22,83.43,83.68,89.68,82.22,72.75,Senior,1,Beginner,0
C03214,Product Designer,Diploma,Information Technology,2,3,5,2,8,2,6,33.04,4,31.92,30.68,49.08,69.39,40.96,43.31,43.13,33.69,Junior,4,Not Ready,0
C03215,Cybersecurity Analyst,Bachelor's,Computer Science,4,4,5,0,12,4,6,64.3,2,58.76,48.05,91.25,69.05,61.63,61.21,62.66,66.54,Mid-Level,2,Beginner,0
C03216,Cybersecurity Analyst,Master's,Electronics,7,6,2,0,9,4,6,62.25,4,56.25,61.74,78.17,80.06,69.43,63.1,70.9,64.57,Mid-Level,2,Beginner,1
C03217,Java Developer,Bachelor's,Information Technology,0,3,3,2,5,3,6,49.75,7,41.93,12.28,89.2,69.36,64.92,53.45,55.1,47.98,Fresher,3,Not Ready,0
C03218,DevOps Engineer,Bachelor's,Computer Science,9,11,2,1,5,5,6,86.3,4,88.43,80.78,84.4,85.8,84.1,89.63,87.6,83.36,Senior,1,Intermediate,1
C03219,Backend Developer,Master's,Software Engineering,14,7,1,1,6,5,6,83.26,10,72.07,86.66,100.0,80.96,86.87,80.54,88.43,79.99,Senior,1,Intermediate,0
C03220,Cybersecurity Analyst,Master's,Business,8,14,0,0,8,4,6,70.68,6,66.18,69.82,56.23,89.14,74.98,69.46,73.73,61.79,Senior,2,Beginner,1
C03221,Python Developer,Diploma,Computer Science,7,10,5,1,10,5,6,79.88,6,85.81,66.38,78.61,73.68,73.99,77.89,76.85,75.71,Mid-Level,1,Intermediate,0
C03222,Full Stack Developer,Master's,Computer Science,6,9,5,0,14,6,7,82.83,6,81.88,60.95,95.72,92.46,85.25,80.11,86.12,80.71,Mid-Level,1,Intermediate,0
C03223,Product Designer,Bachelor's,Business,1,6,3,2,3,2,6,37.66,5,32.22,25.85,71.56,71.69,57.33,42.42,54.2,42.04,Junior,4,Not Ready,0
C03224,Backend Developer,Bachelor's,Data Science,7,7,1,0,6,3,6,49.82,4,50.32,57.78,61.18,68.78,57.48,52.86,57.58,54.99,Mid-Level,3,Beginner,0
C03225,Machine Learning Engineer,Diploma,Mathematics,6,3,4,1,8,4,6,68.9,8,63.15,52.66,67.55,59.82,60.47,64.76,64.16,64.2,Mid-Level,2,Beginner,1
C03226,Full Stack Developer,Master's,Computer Science,10,7,2,1,6,6,7,82.23,2,72.07,81.68,100.0,88.09,83.38,79.07,87.11,80.52,Senior,1,Intermediate,1
C03227,Full Stack Developer,Bachelor's,Information Technology,9,12,5,0,13,6,7,86.5,9,89.66,77.23,94.67,94.41,92.85,89.0,88.81,85.48,Senior,1,Intermediate,0
C03228,Cybersecurity Analyst,Bachelor's,Computer Science,4,4,2,1,4,4,6,70.51,5,65.23,48.01,92.51,62.45,66.64,65.01,68.26,60.7,Mid-Level,2,Beginner,0
C03229,Data Analyst,Master's,Business,8,14,3,1,11,5,6,83.98,2,88.24,68.52,78.21,85.09,79.34,88.54,78.19,78.09,Senior,1,Intermediate,1
C03230,Frontend Developer,PhD,Information Technology,15,5,4,1,9,5,6,82.38,9,79.23,85.38,97.18,97.01,83.76,80.96,89.96,78.15,Senior,1,Intermediate,0
C03231,Python Developer,Diploma,Software Engineering,5,8,2,1,9,4,6,68.24,10,62.39,53.17,88.76,65.66,68.86,68.39,70.22,66.64,Mid-Level,2,Beginner,0
C03232,Data Scientist,Bachelor's,Other,4,3,2,1,4,2,6,37.87,6,33.56,35.58,30.5,66.12,54.5,41.8,46.87,41.94,Mid-Level,4,Not Ready,0
C03233,Data Analyst,Bachelor's,Information Technology,2,2,0,2,4,3,6,45.88,8,41.11,30.42,76.34,57.74,53.69,48.72,50.8,39.0,Junior,3,Not Ready,0
C03234,Cloud Engineer,Bachelor's,Other,9,7,2,1,8,3,6,49.13,7,54.22,67.29,32.05,75.05,51.77,52.54,55.19,50.79,Senior,3,Beginner,0
C03235,Cloud Engineer,Bachelor's,Computer Science,10,14,0,0,4,4,6,70.78,8,73.14,79.21,89.24,87.89,83.57,73.35,82.92,70.22,Senior,2,Beginner,0
C03236,QA Engineer,Bachelor's,Information Technology,11,14,3,0,7,4,6,63.44,4,73.34,74.33,84.54,87.54,68.96,65.22,75.54,71.18,Senior,2,Beginner,0
C03237,QA Engineer,Bachelor's,Software Engineering,9,14,4,0,11,4,6,65.18,9,77.01,64.91,86.85,86.31,76.51,67.12,77.3,64.54,Senior,2,Beginner,1
C03238,Frontend Developer,Bachelor's,Other,10,7,5,0,4,4,6,70.51,2,62.88,80.26,33.23,88.9,85.78,77.7,79.5,72.49,Senior,2,Beginner,1
C03239,Cybersecurity Analyst,Master's,Information Technology,10,15,1,1,10,5,6,80.46,10,90.39,83.37,100.0,93.6,84.33,83.54,84.17,75.48,Senior,1,Intermediate,1
C03240,Mobile App Developer,Bachelor's,Computer Science,12,10,0,0,12,5,6,81.77,10,85.13,77.49,91.1,84.16,78.93,83.97,79.69,79.73,Senior,1,Intermediate,0
C03241,UI/UX Designer,Master's,Computer Science,5,5,2,1,11,3,6,45.27,3,45.3,38.99,83.02,79.27,61.36,49.72,58.09,52.83,Mid-Level,3,Beginner,0
C03242,QA Engineer,Diploma,Software Engineering,0,1,1,3,10,2,6,33.09,10,20.97,21.19,79.93,52.49,39.02,35.45,44.81,31.45,Fresher,4,Not Ready,0
C03243,Cloud Engineer,Diploma,Other,3,4,5,0,7,2,6,36.05,8,33.28,27.67,15.61,72.47,54.49,45.19,46.09,34.46,Mid-Level,4,Not Ready,0
C03244,Product Designer,Bachelor's,Business,6,3,5,1,10,3,6,54.87,6,37.57,55.28,65.8,80.86,62.49,62.69,64.14,50.32,Mid-Level,3,Beginner,1
C03245,Product Designer,Bachelor's,Design,9,11,2,1,5,5,6,83.09,5,75.96,77.5,98.83,81.19,85.32,85.76,84.59,74.53,Senior,1,Beginner,1
C03246,Frontend Developer,Master's,Computer Science,9,12,3,1,11,4,6,68.1,10,65.78,74.3,100.0,94.24,83.89,73.03,84.43,73.2,Senior,2,Beginner,1
C03247,Product Designer,Master's,Business,5,4,0,0,4,4,6,68.98,2,57.93,47.49,77.07,62.82,62.05,68.25,64.39,55.04,Mid-Level,2,Beginner,0
C03248,Product Designer,Bachelor's,Business,0,2,3,2,3,3,6,51.89,4,35.94,29.26,69.77,62.68,63.42,49.6,54.61,44.51,Fresher,3,Not Ready,0
C03249,Product Designer,Bachelor's,Design,12,8,4,1,9,5,6,83.56,10,86.6,79.17,93.64,88.95,82.68,85.3,84.84,82.55,Senior,1,Intermediate,1
C03250,Python Developer,Bachelor's,Data Science,5,10,2,1,11,5,6,82.07,6,75.49,56.63,88.22,73.9,77.93,81.22,73.81,72.93,Mid-Level,1,Beginner,1
C03251,Backend Developer,Master's,Software Engineering,9,5,5,0,13,5,6,84.53,10,70.55,79.13,100.0,96.43,93.58,88.29,88.47,85.99,Senior,1,Intermediate,1
C03252,Cloud Engineer,PhD,Information Technology,12,11,3,0,8,4,6,70.52,2,74.55,72.63,100.0,100.0,83.85,76.12,86.96,75.1,Senior,2,Intermediate,1
C03253,Product Designer,Bachelor's,Information Technology,7,8,5,1,8,4,6,64.47,10,70.04,55.49,63.0,79.78,71.89,70.42,68.98,67.16,Mid-Level,2,Beginner,0
C03254,Backend Developer,Bachelor's,Computer Science,11,14,5,0,7,4,6,68.92,10,77.54,76.91,90.42,96.83,73.76,76.18,80.33,74.82,Senior,2,Beginner,1
C03255,Cybersecurity Analyst,Master's,Information Technology,4,6,2,0,4,4,6,65.58,7,66.53,41.48,99.31,83.73,72.74,65.3,72.69,64.18,Mid-Level,2,Beginner,0
C03256,Full Stack Developer,Bachelor's,Computer Science,9,13,1,0,8,6,7,82.33,2,86.27,76.01,90.63,82.99,82.62,80.64,80.31,73.82,Senior,1,Beginner,0
C03257,Full Stack Developer,Master's,Software Engineering,5,8,2,0,9,5,7,72.87,9,66.07,52.91,100.0,73.25,79.54,68.74,74.37,67.41,Mid-Level,2,Beginner,0
C03258,Data Scientist,Master's,Other,9,12,3,1,7,4,6,68.46,7,64.75,74.73,44.88,91.79,70.9,70.13,73.06,61.69,Senior,2,Beginner,0
C03259,Cloud Engineer,Bachelor's,Information Technology,7,10,1,0,11,4,6,70.49,7,71.42,62.44,91.23,76.84,78.21,76.06,71.91,63.0,Mid-Level,2,Beginner,0
C03260,Python Developer,Bachelor's,Data Science,8,14,1,1,7,5,6,82.02,4,85.31,67.4,86.91,86.13,75.74,87.63,77.78,75.35,Senior,1,Intermediate,0
C03261,Product Designer,Bachelor's,Information Technology,5,9,3,1,10,3,6,49.43,5,50.35,44.88,59.98,84.56,57.46,52.29,60.01,53.85,Mid-Level,3,Beginner,1
C03262,QA Engineer,Bachelor's,Business,0,3,2,0,8,2,6,31.11,7,25.89,15.68,58.01,62.46,45.01,38.37,40.94,34.82,Fresher,4,Not Ready,0
C03263,Python Developer,Bachelor's,Other,3,10,5,0,9,2,6,32.27,8,44.49,28.01,33.8,88.26,61.36,42.7,51.78,42.32,Mid-Level,4,Not Ready,0
C03264,Cybersecurity Analyst,Bachelor's,Business,6,7,3,0,4,3,6,45.95,10,47.78,47.98,51.27,81.07,64.18,52.78,63.04,53.45,Mid-Level,3,Beginner,0
C03265,Python Developer,Bachelor's,Information Technology,3,9,5,0,6,4,6,64.79,6,65.63,35.82,85.52,76.54,62.23,66.95,63.82,64.69,Mid-Level,2,Beginner,0
C03266,Frontend Developer,Master's,Computer Science,3,3,3,1,12,4,6,64.14,2,63.06,43.92,95.61,65.76,60.65,64.11,65.32,64.66,Mid-Level,2,Beginner,0
C03267,Backend Developer,Master's,Software Engineering,2,6,3,0,9,3,6,51.91,2,41.61,34.76,99.42,75.59,67.36,59.98,66.05,49.11,Junior,3,Not Ready,0
C03268,Frontend Developer,Diploma,Other,0,0,2,2,7,0,6,0.0,3,5.5,16.53,15.4,39.57,14.14,12.58,18.64,12.86,Fresher,6,Not Ready,0
C03269,Machine Learning Engineer,Master's,Mathematics,8,14,4,0,13,5,6,79.32,2,92.74,68.91,87.25,91.53,87.01,82.74,81.18,81.09,Senior,1,Intermediate,1
C03270,Frontend Developer,Diploma,Information Technology,1,4,2,1,8,3,6,45.69,8,40.42,29.94,84.94,47.63,47.75,44.87,48.51,44.12,Junior,3,Not Ready,0
C03271,Data Analyst,Bachelor's,Data Science,7,6,3,1,9,4,6,70.74,6,70.26,66.32,99.44,70.74,74.41,68.47,76.06,73.27,Mid-Level,2,Beginner,1
C03272,DevOps Engineer,Bachelor's,Information Technology,7,6,5,1,8,4,6,71.48,3,68.55,59.49,86.92,78.24,82.0,76.9,75.86,72.55,Mid-Level,2,Beginner,0
C03273,Backend Developer,Bachelor's,Other,3,3,4,0,5,3,6,45.92,5,42.85,33.55,31.02,74.19,63.34,54.3,54.85,44.64,Mid-Level,3,Not Ready,0
C03274,Python Developer,Bachelor's,Information Technology,10,8,1,1,5,5,6,87.41,3,73.16,86.36,93.23,87.6,86.9,89.67,87.86,74.52,Senior,1,Beginner,0
C03275,Java Developer,Diploma,Information Technology,2,4,1,2,3,3,6,52.28,7,49.45,30.08,84.71,59.02,56.78,53.58,56.01,50.14,Junior,3,Beginner,0
C03276,Cloud Engineer,Master's,Software Engineering,3,9,4,1,11,5,6,87.45,5,83.12,49.45,100.0,92.47,94.69,91.13,83.74,81.1,Mid-Level,1,Intermediate,1
C03277,Cloud Engineer,Bachelor's,Information Technology,4,9,3,0,9,4,6,64.77,2,72.52,44.72,92.69,81.13,79.07,67.02,72.53,64.72,Mid-Level,2,Beginner,1
C03278,UI/UX Designer,Bachelor's,Other,6,3,4,1,5,2,6,29.42,3,26.23,44.21,29.26,75.77,45.98,39.31,49.38,39.82,Mid-Level,4,Not Ready,0
C03279,Cloud Engineer,PhD,Information Technology,3,8,4,0,8,3,6,47.91,5,49.25,39.55,100.0,93.91,62.02,57.3,67.85,58.85,Mid-Level,3,Beginner,0
C03280,Mobile App Developer,Bachelor's,Other,11,9,1,1,10,4,6,64.97,3,58.83,77.91,30.87,78.69,77.41,66.04,70.7,62.82,Senior,2,Beginner,1
C03281,Cloud Engineer,Bachelor's,Information Technology,5,9,1,1,13,5,6,79.34,4,82.27,54.38,91.77,80.97,81.63,81.01,78.42,72.66,Mid-Level,1,Beginner,0
C03282,Mobile App Developer,Master's,Computer Science,4,4,5,1,12,4,6,67.82,4,54.66,41.7,95.41,78.35,78.15,73.48,69.26,62.04,Mid-Level,2,Beginner,0
C03283,Python Developer,Bachelor's,Other,1,3,1,0,5,1,6,19.06,3,16.51,18.98,26.36,61.8,33.55,28.65,32.32,21.14,Junior,5,Not Ready,0
C03284,Cybersecurity Analyst,Bachelor's,Computer Science,9,10,3,1,8,5,6,85.26,3,89.11,74.42,92.9,83.86,77.96,81.34,80.73,75.81,Senior,1,Intermediate,1
C03285,QA Engineer,Bachelor's,Information Technology,10,5,4,0,10,4,6,64.45,4,63.85,70.72,77.36,77.58,69.7,70.49,68.63,66.67,Senior,2,Beginner,1
C03286,Backend Developer,Bachelor's,Data Science,11,11,3,1,13,5,6,78.91,8,80.94,85.03,61.71,93.87,79.72,79.69,83.63,74.66,Senior,1,Beginner,0
C03287,Python Developer,Bachelor's,Computer Science,0,3,0,2,6,3,6,53.63,8,43.99,26.5,91.27,49.54,45.79,48.02,52.82,43.44,Fresher,3,Not Ready,0
C03288,UI/UX Designer,Bachelor's,Design,2,1,5,2,5,3,6,49.89,3,41.64,33.04,95.8,72.19,57.74,55.78,58.32,51.47,Junior,3,Beginner,0
C03289,UI/UX Designer,Bachelor's,Design,12,6,5,0,7,4,6,66.73,6,62.93,79.79,93.36,89.91,82.22,72.06,79.16,77.83,Senior,2,Intermediate,0
C03290,Cybersecurity Analyst,Bachelor's,Computer Science,1,1,5,2,5,3,6,53.06,5,34.61,28.95,91.38,62.92,60.28,57.09,56.65,50.91,Junior,3,Beginner,0
C03291,Product Designer,Bachelor's,Information Technology,1,5,3,1,4,3,6,46.5,6,55.47,24.73,60.32,71.42,58.4,48.81,56.08,41.72,Junior,3,Not Ready,0
C03292,Java Developer,Bachelor's,Information Technology,6,10,2,1,5,5,6,84.9,10,85.82,65.44,89.15,77.52,82.44,87.76,77.44,71.8,Mid-Level,1,Beginner,1
C03293,Data Analyst,PhD,Business,15,6,5,1,10,4,6,66.73,6,58.45,74.34,84.33,91.58,75.92,71.5,79.13,69.64,Senior,2,Beginner,1
C03294,Machine Learning Engineer,Bachelor's,Computer Science,5,9,1,0,11,4,6,63.69,2,65.13,48.23,91.86,80.51,72.26,63.59,70.46,63.2,Mid-Level,2,Beginner,1
C03295,Python Developer,Master's,Data Science,1,3,4,1,3,3,6,46.13,10,46.9,27.18,92.38,77.68,59.98,51.59,60.14,45.98,Junior,3,Not Ready,0
C03296,Mobile App Developer,Bachelor's,Software Engineering,12,13,5,1,13,5,6,86.31,4,86.34,88.03,90.59,99.28,92.86,88.27,94.63,88.19,Senior,1,Intermediate,0
C03297,Backend Developer,Bachelor's,Information Technology,12,14,1,0,13,5,6,81.07,10,83.36,77.88,92.4,87.44,83.99,81.19,82.85,76.37,Senior,1,Intermediate,1
C03298,Python Developer,Bachelor's,Data Science,3,4,5,0,9,4,6,69.15,9,62.74,37.61,88.15,83.42,74.47,74.18,72.28,64.32,Mid-Level,2,Beginner,0
C03299,Cloud Engineer,Bachelor's,Information Technology,6,7,0,1,10,4,6,63.49,4,67.24,57.85,85.05,71.63,65.8,63.43,65.17,64.29,Mid-Level,2,Beginner,1
C03300,Java Developer,Bachelor's,Computer Science,4,7,1,0,4,4,6,63.51,3,68.41,44.13,92.2,75.67,63.27,65.46,67.72,54.53,Mid-Level,2,Beginner,1
C03301,Data Scientist,Bachelor's,Computer Science,5,7,4,0,8,4,6,67.75,5,61.73,46.72,81.06,80.43,67.62,74.18,71.07,60.67,Mid-Level,2,Beginner,0
C03302,Data Scientist,Bachelor's,Data Science,3,10,3,1,6,4,6,68.46,10,61.68,35.48,93.14,75.56,68.67,71.18,66.0,55.8,Mid-Level,2,Beginner,0
C03303,Full Stack Developer,Master's,Information Technology,13,13,3,1,6,6,7,85.4,7,92.1,79.34,99.8,89.3,81.97,86.26,83.23,79.42,Senior,1,Intermediate,1
C03304,Frontend Developer,Bachelor's,Software Engineering,1,3,0,0,3,3,6,54.79,10,51.95,32.41,98.0,51.28,57.4,52.31,56.88,48.86,Junior,3,Not Ready,0
C03305,Full Stack Developer,PhD,Computer Science,8,10,0,0,8,6,7,87.46,4,80.43,69.54,99.58,93.74,97.46,91.04,92.15,73.61,Senior,1,Beginner,0
C03306,QA Engineer,Bachelor's,Software Engineering,0,3,1,2,9,2,6,33.97,9,33.64,13.29,81.32,50.07,44.58,35.5,40.63,37.49,Fresher,4,Not Ready,0
C03307,Backend Developer,Bachelor's,Software Engineering,7,7,5,1,11,4,6,67.21,4,58.35,61.02,91.81,78.38,77.58,67.95,73.62,65.52,Mid-Level,2,Beginner,1
C03308,Full Stack Developer,Bachelor's,Information Technology,8,10,3,0,6,6,7,84.52,6,83.02,71.07,88.58,83.04,77.17,79.6,78.74,73.97,Senior,1,Beginner,1
C03309,Data Analyst,Bachelor's,Other,2,3,2,2,2,1,6,15.68,2,21.35,24.57,35.78,64.71,36.64,28.15,37.53,29.47,Junior,5,Not Ready,0
C03310,DevOps Engineer,Bachelor's,Computer Science,1,5,4,1,3,3,6,46.23,4,40.7,21.85,83.73,73.0,51.98,51.72,52.07,48.79,Junior,3,Not Ready,1
C03311,DevOps Engineer,Bachelor's,Electronics,2,4,2,2,6,1,6,19.81,4,20.07,21.0,48.3,59.74,41.59,28.86,36.69,27.18,Junior,5,Not Ready,0
C03312,Cybersecurity Analyst,Diploma,Business,6,7,1,0,7,2,6,31.95,6,44.35,41.91,38.99,58.87,43.76,37.92,40.93,38.62,Mid-Level,4,Not Ready,0
C03313,Data Scientist,Bachelor's,Mathematics,5,10,5,1,7,3,6,46.92,10,58.16,39.99,71.89,81.05,64.86,49.03,60.13,50.01,Mid-Level,3,Beginner,0
C03314,Data Scientist,Bachelor's,Data Science,4,9,3,1,6,5,6,85.84,8,80.54,51.04,92.76,85.44,78.5,83.43,78.09,74.41,Mid-Level,1,Beginner,1
C03315,UI/UX Designer,Bachelor's,Design,5,9,5,1,6,5,6,85.9,7,87.11,54.79,98.3,79.95,85.59,83.23,80.46,77.72,Mid-Level,1,Intermediate,1
C03316,Java Developer,Diploma,Computer Science,4,7,4,0,8,4,6,70.5,6,70.52,41.38,80.59,66.31,75.53,69.66,68.71,62.09,Mid-Level,2,Beginner,0
C03317,Mobile App Developer,Bachelor's,Electronics,11,6,5,0,8,4,6,70.13,6,63.2,79.8,51.09,81.32,81.83,72.68,78.11,72.51,Senior,2,Beginner,0
C03318,Backend Developer,Bachelor's,Information Technology,1,6,2,1,8,3,6,49.39,3,50.66,22.45,89.37,74.11,58.08,57.85,55.14,50.66,Junior,3,Beginner,0
C03319,Cloud Engineer,Bachelor's,Software Engineering,6,8,1,0,6,5,6,81.54,9,72.41,58.22,93.65,69.72,76.59,75.64,73.84,68.67,Mid-Level,1,Beginner,1
C03320,Full Stack Developer,Bachelor's,Information Technology,5,5,2,1,13,5,7,75.61,3,58.26,57.0,93.23,73.99,82.9,73.64,77.98,69.32,Mid-Level,2,Beginner,1
C03321,Backend Developer,Master's,Software Engineering,3,6,2,1,5,4,6,63.41,6,65.75,39.53,100.0,74.52,62.73,64.92,68.32,62.75,Mid-Level,2,Beginner,1
C03322,DevOps Engineer,PhD,Electronics,11,14,2,0,6,3,6,48.99,2,54.11,69.81,64.66,90.49,71.68,57.98,71.22,52.45,Senior,3,Beginner,0
C03323,DevOps Engineer,Bachelor's,Electronics,4,5,2,1,7,3,6,51.88,6,42.72,44.82,46.95,63.31,59.43,54.5,54.6,46.95,Mid-Level,3,Not Ready,0
C03324,Java Developer,Master's,Electronics,11,9,0,0,10,3,6,46.07,5,61.47,65.89,56.45,79.73,59.71,50.85,64.29,56.5,Senior,3,Beginner,0
C03325,Java Developer,Diploma,Software Engineering,8,11,0,1,10,5,6,88.19,2,76.6,75.39,81.19,71.14,80.91,82.55,78.35,72.66,Senior,1,Beginner,1
C03326,Product Designer,Master's,Design,11,8,0,0,12,5,6,85.81,9,70.73,85.68,100.0,75.17,87.88,83.56,85.98,81.49,Senior,1,Intermediate,0
C03327,Cloud Engineer,Bachelor's,Computer Science,12,11,5,0,5,5,6,85.99,6,90.04,78.85,80.72,100.0,89.78,86.56,86.97,81.08,Senior,1,Intermediate,0
C03328,Frontend Developer,PhD,Information Technology,15,8,5,1,9,5,6,81.33,8,84.34,84.86,97.12,99.66,83.79,89.35,86.92,87.22,Senior,1,Intermediate,1
C03329,Data Scientist,Diploma,Mathematics,4,9,0,1,4,4,6,65.88,3,60.14,43.73,65.75,59.24,65.31,65.95,63.51,56.45,Mid-Level,2,Beginner,0
C03330,Cloud Engineer,Bachelor's,Information Technology,2,4,2,2,4,3,6,48.76,4,51.47,32.52,93.6,66.33,54.62,53.64,58.5,51.79,Junior,3,Beginner,0
C03331,Backend Developer,Master's,Software Engineering,3,8,1,0,7,4,6,63.17,4,69.94,42.38,100.0,69.46,58.17,61.05,63.77,58.88,Mid-Level,2,Beginner,1
C03332,Cybersecurity Analyst,Master's,Other,13,9,1,0,5,3,6,46.3,9,46.85,63.5,40.38,89.44,57.68,50.96,61.68,47.07,Senior,3,Not Ready,0
C03333,Python Developer,Master's,Computer Science,7,10,2,0,10,5,6,83.97,10,81.72,68.63,95.95,79.45,78.61,79.03,80.58,77.02,Mid-Level,1,Intermediate,0
C03334,Python Developer,Master's,Other,10,13,5,0,7,4,6,64.65,10,73.59,74.75,39.58,100.0,82.02,67.55,78.32,64.08,Senior,2,Beginner,1
C03335,Data Scientist,Bachelor's,Information Technology,5,9,3,1,10,3,6,50.15,10,54.05,47.16,75.52,75.36,64.95,53.3,62.11,57.8,Mid-Level,3,Beginner,1
C03336,QA Engineer,Master's,Computer Science,4,5,4,1,10,3,6,51.06,9,46.07,39.28,89.09,79.07,62.68,59.62,61.61,57.81,Mid-Level,3,Beginner,0
C03337,Frontend Developer,Master's,Software Engineering,14,5,1,1,10,5,6,78.85,9,78.95,79.98,100.0,74.29,80.89,74.25,78.66,71.89,Senior,1,Beginner,0
C03338,Cloud Engineer,Bachelor's,Computer Science,2,4,0,2,8,3,6,48.2,3,45.99,29.79,85.03,58.92,51.32,53.57,49.76,48.2,Junior,3,Not Ready,0
C03339,Product Designer,Master's,Computer Science,10,10,5,0,6,4,6,67.82,7,72.64,75.18,69.5,92.94,84.65,76.31,78.97,74.58,Senior,2,Beginner,1
C03340,Python Developer,Master's,Software Engineering,5,9,3,0,10,4,6,62.23,4,74.28,51.6,100.0,81.88,66.72,66.89,72.53,68.49,Mid-Level,2,Beginner,1
C03341,Java Developer,Bachelor's,Software Engineering,2,1,3,0,9,3,6,49.07,7,36.5,34.94,96.99,69.54,59.98,51.64,60.56,53.52,Junior,3,Beginner,0
C03342,Backend Developer,Bachelor's,Other,3,9,3,1,4,3,6,53.82,9,59.95,40.51,28.94,78.13,56.16,60.04,55.82,46.31,Mid-Level,3,Not Ready,1
C03343,Frontend Developer,Diploma,Other,2,3,1,1,7,1,6,15.44,4,16.51,21.4,22.31,58.28,36.56,26.9,30.65,20.86,Junior,5,Not Ready,0
C03344,Frontend Developer,Bachelor's,Computer Science,0,2,0,3,10,2,6,37.64,3,29.46,26.26,89.05,59.99,39.36,38.64,44.89,32.62,Fresher,4,Not Ready,0
C03345,Full Stack Developer,Bachelor's,Information Technology,3,9,3,0,12,5,7,70.48,8,77.71,39.8,86.56,73.11,72.32,73.37,70.51,64.42,Mid-Level,2,Beginner,0
C03346,Mobile App Developer,Master's,Computer Science,4,9,5,0,8,4,6,68.38,10,74.43,42.76,98.76,95.41,74.39,75.76,73.04,62.46,Mid-Level,2,Beginner,1
C03347,Product Designer,Bachelor's,Design,9,10,4,1,6,5,6,79.62,5,82.21,77.96,93.08,95.37,78.98,79.7,86.85,77.12,Senior,1,Intermediate,1
C03348,QA Engineer,Bachelor's,Other,1,3,0,2,8,2,6,28.35,6,31.98,22.41,38.72,54.99,37.08,28.97,39.08,27.79,Junior,4,Not Ready,0
C03349,DevOps Engineer,Bachelor's,Electronics,0,2,3,2,3,1,6,17.2,4,22.81,29.67,46.16,62.94,31.19,22.67,35.7,31.37,Fresher,5,Not Ready,0
C03350,Frontend Developer,Bachelor's,Computer Science,2,1,4,0,7,4,6,64.72,10,56.55,30.92,93.03,68.94,58.92,61.58,63.42,53.77,Junior,2,Beginner,0
C03351,QA Engineer,Bachelor's,Information Technology,11,14,3,0,4,4,6,69.22,7,66.6,77.77,83.38,87.67,82.46,69.77,78.43,67.39,Senior,2,Beginner,1
C03352,Data Scientist,PhD,Data Science,9,8,3,0,7,5,6,84.85,10,70.92,82.35,100.0,100.0,90.94,85.09,90.65,81.35,Senior,1,Intermediate,1
C03353,DevOps Engineer,Master's,Electronics,3,8,0,1,8,2,6,32.38,2,45.99,30.24,57.5,64.07,42.38,37.43,42.59,30.78,Mid-Level,4,Not Ready,0
C03354,Full Stack Developer,Bachelor's,Computer Science,11,5,0,0,9,6,7,86.56,3,70.81,81.49,93.65,68.14,85.5,79.67,83.91,79.11,Senior,1,Intermediate,1
C03355,QA Engineer,Diploma,Computer Science,5,5,0,1,3,3,6,53.91,4,45.96,46.74,60.33,50.33,48.24,49.8,52.73,41.69,Mid-Level,3,Not Ready,0
C03356,Machine Learning Engineer,Diploma,Information Technology,0,0,2,1,4,2,6,28.62,6,9.22,16.19,75.71,50.25,35.21,35.44,38.99,32.75,Fresher,4,Not Ready,0
C03357,Backend Developer,Bachelor's,Data Science,12,9,3,0,12,5,6,88.06,9,73.66,84.54,60.91,90.23,96.61,88.82,88.61,77.43,Senior,1,Intermediate,1
C03358,Java Developer,Bachelor's,Computer Science,0,0,0,2,8,2,6,30.06,5,9.15,29.13,89.61,50.04,37.46,31.37,44.84,27.71,Fresher,4,Not Ready,0
C03359,Machine Learning Engineer,Bachelor's,Data Science,4,9,1,1,6,4,6,61.82,7,61.5,44.24,93.35,66.57,66.54,66.21,65.14,55.9,Mid-Level,2,Beginner,0
C03360,Full Stack Developer,Diploma,Software Engineering,1,6,2,2,12,4,7,56.91,4,48.35,31.39,82.07,56.18,64.02,61.76,59.0,48.99,Junior,3,Not Ready,0
C03361,Backend Developer,Bachelor's,Other,5,3,2,1,2,2,6,35.4,8,38.51,41.6,33.2,62.7,41.12,40.78,47.08,41.25,Mid-Level,4,Not Ready,0
C03362,DevOps Engineer,Bachelor's,Software Engineering,12,8,5,0,11,5,6,79.53,3,76.58,85.3,94.55,92.95,87.06,79.43,88.59,76.44,Senior,1,Intermediate,1
C03363,DevOps Engineer,Diploma,Information Technology,2,5,4,2,4,4,6,71.49,4,63.52,33.64,82.45,62.83,71.81,69.73,62.35,64.13,Junior,2,Beginner,1
C03364,Machine Learning Engineer,Diploma,Computer Science,4,3,4,0,4,4,6,67.96,2,60.08,49.99,77.57,67.69,61.61,70.39,63.69,63.9,Mid-Level,2,Beginner,0
C03365,Full Stack Developer,Bachelor's,Software Engineering,5,7,0,1,6,6,7,83.95,4,72.36,51.28,90.27,60.07,71.63,77.17,68.29,68.58,Mid-Level,1,Beginner,1
C03366,QA Engineer,Master's,Information Technology,3,4,5,0,10,5,6,87.7,9,79.17,47.91,93.85,77.19,76.83,85.48,74.33,79.66,Mid-Level,1,Intermediate,1
C03367,UI/UX Designer,PhD,Information Technology,4,4,5,0,6,3,6,46.18,8,41.8,42.77,81.73,94.67,59.69,52.44,61.98,49.41,Mid-Level,3,Not Ready,0
C03368,Mobile App Developer,Bachelor's,Software Engineering,8,8,1,1,8,5,6,81.59,5,80.56,69.17,95.02,80.02,77.44,82.71,82.39,75.8,Senior,1,Intermediate,0
C03369,Machine Learning Engineer,Master's,Mathematics,12,8,5,0,5,5,6,85.38,9,77.62,81.38,93.19,100.0,92.43,86.84,90.49,81.19,Senior,1,Intermediate,1
C03370,Mobile App Developer,Diploma,Information Technology,7,8,0,1,6,4,6,65.28,7,57.56,55.95,80.79,57.88,56.25,64.01,58.9,54.49,Mid-Level,2,Beginner,0
C03371,Mobile App Developer,Bachelor's,Information Technology,7,6,0,0,9,4,6,70.27,6,67.05,61.59,94.93,70.71,77.59,69.36,73.71,64.38,Mid-Level,2,Beginner,0
C03372,Mobile App Developer,Diploma,Electronics,8,12,5,1,10,4,6,62.32,9,76.15,60.28,37.42,85.09,64.14,66.51,62.68,62.08,Senior,2,Beginner,0
C03373,QA Engineer,Master's,Business,13,13,2,0,9,4,6,65.21,6,79.74,75.29,72.25,91.95,74.27,71.41,78.01,64.22,Senior,2,Beginner,1
C03374,Machine Learning Engineer,Bachelor's,Computer Science,10,7,3,1,5,4,6,67.17,8,61.94,80.08,87.5,83.35,72.27,70.04,74.16,67.98,Senior,2,Beginner,0
C03375,Data Analyst,Bachelor's,Business,4,4,5,1,10,3,6,51.08,6,38.6,40.52,68.17,70.19,59.43,53.0,61.02,52.26,Mid-Level,3,Beginner,0
C03376,Product Designer,Diploma,Design,7,5,2,1,7,4,6,68.47,3,66.51,59.67,81.57,61.67,68.06,63.93,69.38,66.1,Mid-Level,2,Beginner,1
C03377,Java Developer,Bachelor's,Software Engineering,10,10,2,1,11,5,6,85.44,6,74.01,87.73,99.98,79.92,83.93,82.48,87.75,81.84,Senior,1,Intermediate,1
C03378,Full Stack Developer,Diploma,Computer Science,2,4,5,2,5,3,7,39.27,3,42.46,28.93,82.45,65.6,44.3,42.71,51.15,43.47,Junior,4,Not Ready,0
C03379,Data Analyst,Bachelor's,Information Technology,2,6,2,2,6,4,6,66.36,10,56.18,30.65,83.38,67.55,63.01,70.96,63.59,55.92,Junior,2,Beginner,0
C03380,QA Engineer,Bachelor's,Computer Science,11,15,0,1,8,5,6,83.26,10,88.82,78.89,70.45,81.43,81.88,80.16,78.97,75.72,Senior,1,Intermediate,1
C03381,DevOps Engineer,Bachelor's,Software Engineering,6,8,3,0,7,4,6,69.87,5,58.24,58.29,93.66,79.14,80.37,73.75,78.04,66.5,Mid-Level,2,Beginner,1
C03382,Frontend Developer,Bachelor's,Computer Science,7,9,2,0,11,5,6,85.01,2,82.05,71.54,94.26,74.61,84.84,83.73,81.04,82.05,Mid-Level,1,Intermediate,1
C03383,UI/UX Designer,Bachelor's,Computer Science,3,10,5,0,10,4,6,66.98,3,64.32,37.2,69.5,84.51,77.52,65.85,71.37,56.96,Mid-Level,2,Beginner,0
C03384,QA Engineer,Bachelor's,Business,12,7,3,1,8,5,6,82.51,8,70.23,82.24,61.94,81.83,77.99,78.57,77.88,73.21,Senior,1,Beginner,1
C03385,DevOps Engineer,Bachelor's,Information Technology,5,5,0,1,10,5,6,83.29,6,72.95,55.98,85.48,66.65,77.97,83.84,75.5,72.04,Mid-Level,1,Beginner,0
C03386,Data Analyst,Bachelor's,Computer Science,12,8,3,1,9,5,6,82.82,6,83.11,79.48,83.84,82.66,77.67,79.77,79.4,72.41,Senior,1,Beginner,0
C03387,Frontend Developer,Bachelor's,Computer Science,5,7,1,0,11,4,6,70.72,4,64.01,51.62,94.87,78.4,69.02,70.16,72.97,67.85,Mid-Level,2,Beginner,0
C03388,Backend Developer,Bachelor's,Computer Science,2,2,5,2,10,3,6,45.86,6,39.98,29.52,87.59,76.4,52.48,50.03,55.44,46.25,Junior,3,Not Ready,0
C03389,Cybersecurity Analyst,Bachelor's,Other,8,10,3,1,4,3,6,46.14,2,54.48,54.16,26.84,82.56,54.71,55.64,58.41,46.68,Senior,3,Not Ready,0
C03390,Machine Learning Engineer,Bachelor's,Data Science,8,15,3,1,6,5,6,83.9,8,79.32,74.15,96.54,91.76,80.69,80.48,82.3,81.9,Senior,1,Intermediate,0
C03391,Cloud Engineer,Master's,Information Technology,4,10,5,0,8,4,6,64.65,7,73.82,43.38,100.0,88.27,77.91,64.64,76.37,66.29,Mid-Level,2,Beginner,1
C03392,Product Designer,Bachelor's,Information Technology,6,10,5,1,7,3,6,54.43,8,62.78,51.58,60.26,89.87,68.38,65.97,65.4,54.42,Mid-Level,3,Beginner,1
C03393,Machine Learning Engineer,Bachelor's,Mathematics,6,10,2,0,8,4,6,71.27,10,72.99,61.03,84.19,73.35,71.04,73.17,73.3,64.02,Mid-Level,2,Beginner,1
C03394,Java Developer,Bachelor's,Electronics,10,8,1,1,3,3,6,50.15,4,49.98,66.04,46.04,78.83,61.29,58.28,61.19,50.61,Senior,3,Beginner,1
C03395,Java Developer,Master's,Computer Science,11,6,3,0,11,5,6,88.23,3,82.7,86.0,100.0,84.45,89.19,89.43,87.06,81.01,Senior,1,Intermediate,1
C03396,Python Developer,Bachelor's,Information Technology,12,15,5,1,6,5,6,87.33,7,83.39,84.03,94.66,88.61,80.72,85.97,84.79,86.52,Senior,1,Intermediate,1
C03397,Python Developer,Master's,Software Engineering,7,5,3,1,5,4,6,64.37,2,62.16,58.1,100.0,88.99,76.46,72.67,76.89,63.89,Mid-Level,2,Beginner,0
C03398,Full Stack Developer,Bachelor's,Software Engineering,11,7,3,0,10,6,7,82.21,5,77.68,78.12,93.1,89.68,85.18,82.17,85.33,80.57,Senior,1,Intermediate,0
C03399,Frontend Developer,Bachelor's,Information Technology,10,7,0,1,11,5,6,83.89,7,71.36,83.96,88.89,68.23,83.78,76.44,77.64,70.14,Senior,1,Beginner,0
C03400,Data Analyst,Bachelor's,Data Science,6,4,5,1,12,5,6,80.36,8,69.89,63.79,91.78,84.13,85.45,76.55,81.37,76.1,Mid-Level,1,Intermediate,1
C03401,Cloud Engineer,Bachelor's,Software Engineering,10,6,3,1,6,4,6,67.92,8,60.64,72.54,91.66,78.82,73.67,74.9,78.0,65.69,Senior,2,Beginner,1
C03402,Frontend Developer,Bachelor's,Information Technology,5,8,5,0,10,5,6,83.61,9,78.84,51.35,91.46,87.33,84.92,87.56,78.65,73.07,Mid-Level,1,Beginner,0
C03403,Java Developer,Bachelor's,Other,6,8,4,1,9,3,6,54.26,2,49.09,53.93,25.91,87.87,69.61,61.78,66.11,49.22,Mid-Level,3,Not Ready,0
C03404,Backend Developer,Diploma,Computer Science,7,4,0,1,12,4,6,69.88,3,63.06,56.6,84.74,54.6,58.31,62.19,61.25,57.41,Mid-Level,2,Beginner,0
C03405,Mobile App Developer,Diploma,Information Technology,7,8,4,0,7,5,6,85.82,3,84.14,65.79,83.05,77.84,86.69,81.28,82.92,77.41,Mid-Level,1,Intermediate,1
C03406,Product Designer,Bachelor's,Information Technology,9,13,3,1,8,4,6,63.79,6,72.55,73.54,59.0,92.69,79.54,66.38,74.92,65.36,Senior,2,Beginner,1
C03407,Cloud Engineer,Diploma,Information Technology,2,1,0,0,11,3,6,50.62,3,33.64,34.32,78.21,44.52,52.8,51.39,52.08,38.91,Junior,3,Not Ready,0
C03408,Mobile App Developer,Bachelor's,Other,11,9,0,0,10,4,6,66.23,8,60.92,74.22,29.93,82.96,71.54,67.77,66.84,54.04,Senior,2,Beginner,0
C03409,Cloud Engineer,Bachelor's,Information Technology,4,7,4,0,4,4,6,62.07,5,63.77,43.31,93.62,78.84,68.56,64.32,65.89,57.76,Mid-Level,2,Beginner,0
C03410,Mobile App Developer,Master's,Information Technology,14,13,0,1,6,5,6,86.44,6,89.12,79.37,100.0,86.09,93.36,81.76,87.12,75.69,Senior,1,Intermediate,0
C03411,Data Scientist,Diploma,Computer Science,7,7,5,0,11,4,6,63.31,4,67.92,55.29,70.6,72.48,71.72,68.65,65.55,60.01,Mid-Level,2,Beginner,0
C03412,Mobile App Developer,Bachelor's,Computer Science,10,14,1,0,9,5,6,87.06,6,79.78,81.91,85.84,85.44,81.26,89.9,85.81,77.85,Senior,1,Intermediate,0
C03413,UI/UX Designer,PhD,Computer Science,3,5,4,1,9,3,6,54.96,10,53.32,36.38,84.56,77.53,70.81,62.91,63.6,58.37,Mid-Level,3,Beginner,0
C03414,Full Stack Developer,Bachelor's,Software Engineering,11,7,5,1,5,5,7,74.33,7,62.1,76.71,96.69,83.08,71.81,77.63,76.92,74.71,Senior,2,Beginner,1
C03415,QA Engineer,Bachelor's,Software Engineering,0,2,3,1,3,2,6,29.79,3,27.12,28.51,86.35,56.57,43.13,31.94,43.61,38.13,Fresher,4,Not Ready,0
C03416,Java Developer,Bachelor's,Other,5,7,4,0,7,2,6,34.04,9,43.94,38.88,26.77,73.98,52.29,43.72,49.57,40.52,Mid-Level,4,Not Ready,0
C03417,QA Engineer,Diploma,Other,7,9,3,1,4,2,6,29.55,8,47.22,49.29,28.3,66.68,49.32,38.06,48.0,44.81,Mid-Level,4,Not Ready,0
C03418,Python Developer,Bachelor's,Data Science,11,15,5,0,6,5,6,78.88,6,80.45,78.35,86.02,89.21,80.45,77.95,79.63,74.59,Senior,1,Beginner,0
C03419,QA Engineer,Diploma,Business,6,5,2,0,12,4,6,67.31,10,56.17,54.96,53.78,57.27,62.16,62.25,59.56,57.28,Mid-Level,2,Beginner,0
C03420,Frontend Developer,Bachelor's,Other,8,12,2,0,5,3,6,48.56,8,61.81,57.23,30.31,88.02,70.6,57.36,61.52,51.57,Senior,3,Beginner,1
C03421,Backend Developer,Bachelor's,Information Technology,5,3,2,1,6,4,6,66.13,7,53.19,53.69,94.03,72.15,66.96,66.04,70.07,62.08,Mid-Level,2,Beginner,0
C03422,Data Analyst,Diploma,Information Technology,7,4,2,0,7,5,6,79.19,7,70.09,66.37,70.09,55.93,75.85,69.95,71.86,64.21,Mid-Level,1,Beginner,0
C03423,Data Scientist,Master's,Mathematics,11,11,0,1,13,5,6,79.49,7,83.59,77.33,80.77,79.79,72.63,83.48,75.41,73.12,Senior,1,Beginner,1
C03424,UI/UX Designer,Bachelor's,Other,3,9,0,1,10,2,6,37.38,5,47.34,35.5,34.49,64.06,41.99,43.42,43.79,39.47,Mid-Level,4,Not Ready,0
C03425,QA Engineer,Bachelor's,Computer Science,3,4,1,0,6,3,6,50.67,2,39.26,37.88,76.58,58.21,55.23,53.25,54.24,51.14,Mid-Level,3,Beginner,0
C03426,Backend Developer,Bachelor's,Data Science,7,10,4,1,4,3,6,49.25,5,57.69,48.96,61.66,86.79,61.6,58.03,63.25,55.13,Mid-Level,3,Beginner,1
C03427,Machine Learning Engineer,Bachelor's,Data Science,1,1,0,1,8,3,6,47.42,6,44.42,23.7,96.03,59.15,51.48,46.04,50.95,44.35,Junior,3,Not Ready,0
C03428,Product Designer,Master's,Information Technology,2,2,0,2,6,4,6,62.68,9,59.03,32.09,73.86,55.17,58.99,65.8,57.21,52.75,Junior,2,Beginner,0
C03429,Python Developer,Diploma,Information Technology,7,9,3,0,4,4,6,64.83,10,71.98,64.29,81.56,67.75,64.35,68.51,65.33,61.45,Mid-Level,2,Beginner,1
C03430,UI/UX Designer,Bachelor's,Other,0,1,3,1,2,1,6,20.28,5,21.04,27.88,26.58,56.94,28.46,31.36,32.01,24.2,Fresher,5,Not Ready,0
C03431,QA Engineer,Bachelor's,Information Technology,5,9,3,0,7,4,6,65.75,4,73.49,45.03,78.4,74.85,72.94,68.48,70.69,64.48,Mid-Level,2,Beginner,1
C03432,Cybersecurity Analyst,Diploma,Information Technology,6,9,4,0,4,4,6,63.32,6,68.46,56.17,88.65,77.13,73.47,62.12,68.99,60.77,Mid-Level,2,Beginner,0
C03433,Machine Learning Engineer,Master's,Data Science,5,3,5,1,8,4,6,68.58,5,60.16,50.44,100.0,80.72,80.11,66.1,72.24,67.63,Mid-Level,2,Beginner,0
C03434,Mobile App Developer,Bachelor's,Other,1,2,0,1,4,2,6,37.11,10,27.56,27.36,27.4,59.42,46.83,45.53,45.49,31.21,Junior,4,Not Ready,0
C03435,Full Stack Developer,Bachelor's,Other,10,15,1,0,12,4,7,58.32,10,68.82,72.13,27.14,80.03,72.67,64.81,68.25,54.86,Senior,3,Beginner,0
C03436,DevOps Engineer,Master's,Information Technology,11,15,0,1,7,4,6,62.59,5,73.6,73.83,96.5,88.64,73.57,71.83,74.86,66.21,Senior,2,Beginner,0
C03437,Data Analyst,Master's,Other,4,6,2,1,3,2,6,31.39,3,32.14,37.3,48.6,82.09,45.55,41.29,51.27,40.36,Mid-Level,4,Not Ready,0
C03438,Data Scientist,Bachelor's,Other,9,8,1,0,3,3,6,49.8,3,51.34,61.86,31.46,82.06,60.57,54.35,62.22,54.13,Senior,3,Beginner,1
C03439,Cloud Engineer,Master's,Other,8,12,2,1,7,4,6,71.47,8,75.29,68.81,41.62,94.4,83.57,78.67,75.14,70.32,Senior,2,Beginner,1
C03440,Machine Learning Engineer,Bachelor's,Mathematics,7,8,5,0,12,4,6,63.51,6,61.43,54.77,75.35,88.98,79.56,68.09,74.52,67.79,Mid-Level,2,Beginner,0
C03441,Product Designer,Bachelor's,Computer Science,2,1,4,1,10,3,6,47.18,4,49.15,30.96,55.76,63.08,55.15,49.64,50.41,44.07,Junior,3,Not Ready,0
C03442,Java Developer,Master's,Computer Science,5,7,5,0,7,5,6,83.18,4,70.32,58.88,96.65,89.65,80.72,86.51,83.82,73.36,Mid-Level,1,Beginner,0
C03443,Mobile App Developer,Bachelor's,Computer Science,11,14,4,0,10,5,6,85.85,5,86.01,82.29,89.05,91.34,85.14,88.07,84.21,84.86,Senior,1,Intermediate,0
C03444,Data Analyst,Bachelor's,Computer Science,8,7,2,0,5,5,6,86.59,4,72.43,69.67,86.77,72.48,87.84,80.42,79.23,71.93,Senior,1,Beginner,1
C03445,Java Developer,Master's,Information Technology,5,9,5,1,8,4,6,65.78,10,64.21,50.32,100.0,88.75,80.58,65.91,73.84,72.42,Mid-Level,2,Beginner,1
C03446,Backend Developer,Master's,Software Engineering,1,2,2,1,8,3,6,51.29,6,36.48,27.64,100.0,72.81,62.1,52.11,60.56,44.28,Junior,3,Not Ready,0
C03447,QA Engineer,Bachelor's,Information Technology,1,1,3,2,12,4,6,71.07,4,62.08,33.08,77.21,69.13,71.43,67.82,67.5,63.48,Junior,2,Beginner,0
C03448,Product Designer,Bachelor's,Design,5,4,1,0,11,4,6,66.49,7,62.03,46.31,91.12,64.31,61.76,67.25,63.4,60.73,Mid-Level,2,Beginner,0
C03449,Python Developer,Bachelor's,Data Science,6,8,0,0,6,5,6,84.6,3,85.21,60.14,82.66,64.37,75.81,80.62,74.18,66.47,Mid-Level,1,Beginner,1
C03450,QA Engineer,Bachelor's,Computer Science,4,6,4,1,5,4,6,68.35,10,59.55,42.28,70.46,80.07,80.88,68.96,72.53,65.74,Mid-Level,2,Beginner,1
C03451,Mobile App Developer,Master's,Information Technology,9,15,2,1,5,5,6,83.72,2,82.43,74.59,100.0,95.62,83.25,87.85,86.3,82.61,Senior,1,Intermediate,1
C03452,Cybersecurity Analyst,Bachelor's,Electronics,5,4,1,0,8,4,6,64.71,3,57.68,46.94,69.62,71.58,60.93,68.13,63.51,52.97,Mid-Level,2,Beginner,0
C03453,Cybersecurity Analyst,Master's,Information Technology,13,6,2,0,8,4,6,62.07,6,66.78,77.25,98.3,86.87,70.98,67.68,76.14,71.62,Senior,2,Beginner,1
C03454,QA Engineer,Diploma,Software Engineering,0,3,1,0,4,3,6,52.65,3,51.43,18.8,74.43,47.35,56.94,56.39,52.33,42.55,Fresher,3,Not Ready,0
C03455,Java Developer,Bachelor's,Information Technology,5,4,5,1,4,3,6,46.61,3,44.35,41.77,88.65,74.18,61.62,50.07,61.97,51.78,Mid-Level,3,Beginner,0
C03456,QA Engineer,Bachelor's,Computer Science,0,2,1,2,3,2,6,37.48,5,23.95,33.37,70.74,49.88,38.45,44.26,45.35,34.78,Fresher,4,Not Ready,0
C03457,Cloud Engineer,Bachelor's,Computer Science,3,8,0,0,10,4,6,67.04,4,66.49,36.61,89.94,69.01,67.17,65.15,66.45,59.16,Mid-Level,2,Beginner,1
C03458,Mobile App Developer,Master's,Software Engineering,9,14,5,0,13,5,6,83.63,3,84.41,77.64,97.77,100.0,91.63,91.45,89.03,81.52,Senior,1,Intermediate,0
C03459,Mobile App Developer,Bachelor's,Computer Science,1,1,0,1,6,3,6,47.54,2,46.94,24.4,93.66,46.63,42.46,44.12,45.61,40.26,Junior,3,Not Ready,0
C03460,Machine Learning Engineer,Bachelor's,Information Technology,6,8,1,0,10,4,6,69.81,5,72.55,51.53,84.04,69.83,63.45,68.27,67.78,62.24,Mid-Level,2,Beginner,0
C03461,UI/UX Designer,Master's,Design,3,4,3,0,7,4,6,68.43,6,54.49,45.19,100.0,79.8,67.54,70.91,70.25,66.79,Mid-Level,2,Beginner,1
C03462,Cloud Engineer,Diploma,Other,3,3,0,0,2,2,6,31.53,9,28.82,35.1,17.87,46.28,42.5,39.42,39.17,28.42,Mid-Level,4,Not Ready,0
C03463,Java Developer,Bachelor's,Electronics,12,9,4,1,9,3,6,51.38,9,57.88,72.76,52.61,83.43,61.74,57.56,64.17,56.27,Senior,3,Beginner,1
C03464,Product Designer,Master's,Other,14,12,2,0,3,3,6,46.55,6,53.66,68.86,40.09,84.14,63.78,50.56,65.78,56.35,Senior,3,Beginner,1
C03465,Python Developer,Diploma,Software Engineering,3,9,0,1,7,4,6,67.67,7,62.56,41.68,87.71,59.15,69.46,65.97,62.71,59.42,Mid-Level,2,Beginner,1
C03466,Product Designer,Bachelor's,Information Technology,4,5,3,0,5,4,6,66.82,7,68.78,45.41,56.6,67.91,66.51,63.74,61.11,56.19,Mid-Level,2,Beginner,0
C03467,UI/UX Designer,Diploma,Information Technology,4,6,3,1,8,3,6,49.17,2,41.26,44.24,51.05,69.39,62.71,52.32,54.91,44.38,Mid-Level,3,Not Ready,0
C03468,QA Engineer,Master's,Other,9,15,1,0,5,3,6,48.21,10,53.61,60.01,47.74,86.19,70.27,58.33,62.26,46.9,Senior,3,Not Ready,1
C03469,Python Developer,Bachelor's,Data Science,1,5,2,0,6,3,6,53.72,5,51.87,26.08,88.91,61.41,51.22,59.56,52.45,44.88,Junior,3,Not Ready,0
C03470,QA Engineer,Master's,Business,6,7,0,0,6,4,6,67.3,10,71.74,58.88,65.69,73.34,69.0,64.78,65.01,58.81,Mid-Level,2,Beginner,0
C03471,Frontend Developer,Bachelor's,Computer Science,8,5,0,1,4,4,6,70.44,9,67.57,68.28,94.64,73.84,77.17,72.71,74.05,63.53,Senior,2,Beginner,0
C03472,Mobile App Developer,Master's,Software Engineering,4,3,2,1,7,4,6,61.96,7,54.09,43.85,100.0,70.47,62.38,64.73,68.08,61.84,Mid-Level,2,Beginner,0
C03473,Data Scientist,Bachelor's,Computer Science,5,5,0,1,7,4,6,67.73,9,56.03,50.07,87.82,72.87,62.19,65.65,68.13,59.8,Mid-Level,2,Beginner,0
C03474,Cybersecurity Analyst,PhD,Information Technology,4,5,2,0,12,4,6,70.77,9,61.45,48.3,98.54,81.41,71.93,70.88,72.5,59.47,Mid-Level,2,Beginner,0
C03475,QA Engineer,Bachelor's,Computer Science,6,4,4,1,10,4,6,68.91,5,63.12,59.47,73.75,77.7,71.44,73.77,69.27,68.73,Mid-Level,2,Beginner,0
C03476,Data Analyst,Master's,Data Science,11,10,1,1,12,5,6,85.21,10,83.56,87.91,99.22,87.1,85.95,88.41,86.38,78.41,Senior,1,Intermediate,1
C03477,Mobile App Developer,Diploma,Electronics,8,11,5,0,6,4,6,67.06,8,65.5,68.2,42.86,81.73,71.15,67.45,71.03,65.94,Senior,2,Beginner,1
C03478,Machine Learning Engineer,Master's,Mathematics,11,11,0,0,10,4,6,69.39,2,75.48,73.6,94.92,82.94,82.27,68.04,79.32,69.76,Senior,2,Beginner,1
C03479,Product Designer,Bachelor's,Other,2,4,0,2,5,1,6,18.16,6,19.27,21.7,27.67,66.3,38.4,28.83,38.44,18.02,Junior,5,Not Ready,0
C03480,Python Developer,Bachelor's,Data Science,3,6,1,0,9,4,6,69.99,3,65.23,39.39,83.86,60.88,72.81,64.36,65.05,57.33,Mid-Level,2,Beginner,0
C03481,DevOps Engineer,Bachelor's,Computer Science,4,3,1,1,5,4,6,71.58,3,59.51,44.26,84.57,56.97,61.39,69.2,64.11,62.7,Mid-Level,2,Beginner,0
C03482,Mobile App Developer,Diploma,Software Engineering,2,3,3,1,8,3,6,49.69,3,45.66,27.11,80.08,56.91,47.36,51.59,49.69,50.37,Junior,3,Beginner,0
C03483,Machine Learning Engineer,PhD,Mathematics,10,14,0,0,8,5,6,85.39,6,94.04,86.52,96.42,84.11,87.8,89.45,87.19,77.71,Senior,1,Intermediate,0
C03484,Machine Learning Engineer,Master's,Mathematics,8,7,1,1,5,5,6,80.51,7,83.99,68.1,92.74,85.49,80.07,79.63,83.18,77.39,Senior,1,Intermediate,1
C03485,Java Developer,Diploma,Computer Science,1,5,1,0,9,4,6,70.65,7,60.09,28.75,78.04,58.36,62.93,68.31,61.49,52.3,Junior,2,Beginner,1
C03486,Backend Developer,Bachelor's,Software Engineering,2,5,3,0,12,4,6,67.13,7,54.96,31.37,94.46,62.91,66.88,70.85,65.41,60.88,Junior,2,Beginner,0
C03487,Frontend Developer,Master's,Software Engineering,13,14,0,0,11,5,6,81.98,9,80.28,86.14,99.61,86.33,78.67,84.34,84.42,80.94,Senior,1,Intermediate,1
C03488,Backend Developer,Master's,Software Engineering,11,12,1,1,9,5,6,83.98,6,90.61,79.02,95.25,85.54,86.51,83.78,83.6,79.98,Senior,1,Intermediate,1
C03489,Machine Learning Engineer,Bachelor's,Data Science,4,7,3,1,11,5,6,84.26,2,73.39,47.93,96.87,75.59,78.25,86.33,79.37,67.91,Mid-Level,1,Beginner,0
C03490,Backend Developer,Bachelor's,Software Engineering,11,7,4,1,11,4,6,69.78,2,62.37,75.96,96.11,93.95,72.01,76.91,80.85,72.39,Senior,2,Beginner,0
C03491,Cloud Engineer,Diploma,Software Engineering,8,15,3,1,9,5,6,79.19,9,85.73,70.99,76.63,80.57,82.41,77.64,76.69,77.78,Senior,1,Intermediate,1
C03492,Mobile App Developer,Diploma,Software Engineering,6,5,2,1,4,4,6,70.08,5,55.13,53.66,84.35,65.53,69.04,72.08,67.4,56.86,Mid-Level,2,Beginner,0
C03493,Full Stack Developer,PhD,Information Technology,4,10,2,0,7,5,7,75.48,4,64.47,45.26,100.0,83.47,74.27,80.3,74.33,61.18,Mid-Level,2,Beginner,0
C03494,Data Analyst,Diploma,Business,5,4,3,1,10,3,6,54.16,7,51.08,44.12,63.38,58.84,56.99,54.28,55.51,47.15,Mid-Level,3,Not Ready,1
C03495,Cloud Engineer,Diploma,Computer Science,2,2,2,2,7,4,6,63.22,7,50.04,29.9,71.54,48.02,53.48,60.17,52.45,50.36,Junior,2,Beginner,0
C03496,DevOps Engineer,Bachelor's,Computer Science,10,7,3,1,10,5,6,84.67,2,70.14,85.03,89.61,78.93,89.88,82.18,87.99,75.41,Senior,1,Intermediate,1
C03497,QA Engineer,Bachelor's,Computer Science,2,1,1,0,6,2,6,36.25,2,22.85,27.87,79.19,63.48,45.83,42.0,47.39,38.25,Junior,4,Not Ready,0
C03498,Frontend Developer,Bachelor's,Computer Science,1,4,1,2,4,3,6,48.06,2,49.78,24.64,87.06,66.98,57.86,56.04,58.09,41.83,Junior,3,Not Ready,0
C03499,Cloud Engineer,Diploma,Other,7,6,3,1,6,3,6,50.33,4,52.41,55.29,23.79,67.31,50.91,56.62,50.58,50.3,Mid-Level,3,Beginner,0
C03500,QA Engineer,Bachelor's,Software Engineering,1,5,5,1,9,4,6,71.08,9,57.07,35.4,89.47,79.02,80.36,74.59,69.11,64.72,Junior,2,Beginner,0
C03501,Java Developer,Master's,Software Engineering,10,5,2,0,5,5,6,85.38,10,70.66,85.93,96.55,79.24,78.84,85.59,85.15,78.7,Senior,1,Intermediate,0
C03502,Python Developer,Bachelor's,Information Technology,10,15,3,0,6,5,6,86.63,5,87.3,85.75,85.1,94.02,86.01,83.65,88.14,77.07,Senior,1,Intermediate,1
C03503,Mobile App Developer,Diploma,Computer Science,1,2,3,1,8,3,6,46.12,4,36.83,21.72,83.27,56.52,55.31,44.51,49.24,45.74,Junior,3,Not Ready,0
C03504,Backend Developer,Bachelor's,Data Science,9,9,4,1,6,4,6,67.86,4,73.91,66.1,55.57,89.88,84.03,69.47,74.9,63.81,Senior,2,Beginner,1
C03505,DevOps Engineer,Diploma,Information Technology,8,7,1,0,12,5,6,88.08,9,82.26,70.63,83.22,58.9,78.06,82.46,75.28,71.01,Senior,1,Beginner,1
C03506,Backend Developer,Bachelor's,Information Technology,12,12,0,1,5,4,6,70.24,4,63.54,80.23,94.39,84.04,83.48,68.54,81.76,73.1,Senior,2,Beginner,1
C03507,Data Scientist,Bachelor's,Computer Science,12,5,5,0,13,5,6,87.46,2,74.79,88.73,80.93,82.46,91.74,91.17,89.09,84.83,Senior,1,Intermediate,0
C03508,Python Developer,Bachelor's,Information Technology,0,2,1,3,5,2,6,31.18,3,33.37,24.62,91.26,58.44,46.48,39.12,44.48,36.01,Fresher,4,Not Ready,0
C03509,Data Scientist,Bachelor's,Data Science,9,9,1,1,7,5,6,79.4,8,76.51,70.86,97.83,82.56,87.46,81.21,84.04,77.29,Senior,1,Intermediate,1
C03510,Cloud Engineer,Bachelor's,Information Technology,10,7,3,1,7,5,6,80.26,6,78.53,84.87,92.95,83.36,79.46,82.75,84.48,75.58,Senior,1,Intermediate,1
C03511,Data Scientist,Bachelor's,Computer Science,10,7,1,0,7,5,6,83.38,9,70.95,86.54,81.66,74.14,72.48,83.84,79.75,75.0,Senior,1,Intermediate,0
C03512,QA Engineer,PhD,Computer Science,12,12,0,0,5,4,6,67.31,10,63.69,78.12,89.12,89.54,82.2,73.2,81.99,70.66,Senior,2,Beginner,0
C03513,Mobile App Developer,Master's,Software Engineering,13,11,2,0,10,5,6,84.0,8,78.2,80.92,100.0,91.57,83.02,87.47,89.64,81.59,Senior,1,Intermediate,0
C03514,Full Stack Developer,Bachelor's,Information Technology,7,8,5,1,7,4,7,55.62,8,56.22,55.28,94.45,88.88,75.68,62.46,71.29,61.78,Mid-Level,3,Beginner,0
C03515,Data Analyst,Master's,Computer Science,8,11,1,0,12,5,6,87.23,9,80.54,74.4,91.35,82.77,85.99,87.68,83.74,81.41,Senior,1,Intermediate,0
C03516,UI/UX Designer,Bachelor's,Other,12,12,1,0,6,3,6,46.24,10,64.97,62.29,27.09,83.56,53.92,54.91,57.7,50.28,Senior,3,Beginner,0
C03517,Machine Learning Engineer,Master's,Computer Science,8,8,2,0,7,5,6,87.78,4,77.08,68.92,96.61,92.41,93.85,92.9,89.7,76.85,Senior,1,Intermediate,1
C03518,Python Developer,Master's,Software Engineering,9,14,4,0,5,5,6,84.11,5,80.37,78.71,98.09,89.1,80.27,85.22,85.73,76.75,Senior,1,Intermediate,1
C03519,Mobile App Developer,PhD,Computer Science,12,7,4,0,8,4,6,64.9,2,59.39,78.15,100.0,97.2,82.19,75.45,80.93,71.22,Senior,2,Beginner,1
C03520,Frontend Developer,Bachelor's,Software Engineering,1,1,1,0,4,4,6,65.88,2,48.24,28.55,90.12,49.31,63.76,60.91,59.03,51.75,Junior,2,Beginner,1
C03521,Frontend Developer,Master's,Electronics,6,4,5,0,4,2,6,29.17,3,30.61,47.23,59.24,86.05,54.18,43.37,55.77,43.83,Mid-Level,4,Not Ready,0
C03522,Product Designer,Diploma,Business,8,10,1,1,5,5,6,82.45,7,82.45,70.66,58.07,65.34,79.77,78.95,73.58,66.38,Senior,1,Beginner,0
C03523,Product Designer,Bachelor's,Computer Science,7,5,4,0,6,3,6,49.49,8,43.14,53.09,63.5,81.79,64.23,57.02,63.55,56.15,Mid-Level,3,Beginner,1
C03524,Machine Learning Engineer,Bachelor's,Information Technology,7,10,5,0,4,4,6,62.57,2,68.01,60.03,89.0,93.21,69.35,68.23,73.59,69.11,Mid-Level,2,Beginner,0
C03525,QA Engineer,Bachelor's,Other,7,8,3,1,4,3,6,53.52,3,50.0,58.32,39.41,87.12,73.88,64.61,64.76,50.52,Mid-Level,3,Beginner,0
C03526,Backend Developer,Bachelor's,Information Technology,2,2,1,0,6,4,6,62.29,10,49.09,31.02,88.54,62.5,69.54,63.94,63.02,48.6,Junior,2,Not Ready,0
C03527,Backend Developer,Master's,Software Engineering,4,5,3,1,9,4,6,70.15,2,68.26,43.01,97.79,74.92,65.07,74.84,71.34,64.76,Mid-Level,2,Beginner,0
C03528,Cybersecurity Analyst,Bachelor's,Information Technology,8,13,5,0,11,5,6,86.7,10,91.13,72.44,90.81,90.36,92.19,87.44,86.36,85.14,Senior,1,Intermediate,1
C03529,Mobile App Developer,Bachelor's,Electronics,11,9,3,1,3,3,6,45.18,6,47.8,65.71,46.64,89.5,62.09,51.09,61.5,51.76,Senior,3,Beginner,0
C03530,DevOps Engineer,Bachelor's,Computer Science,9,12,1,1,5,4,6,61.93,3,65.03,66.45,87.42,73.94,66.86,64.69,68.96,58.5,Senior,2,Beginner,0
C03531,UI/UX Designer,Bachelor's,Computer Science,2,6,2,0,11,3,6,46.56,2,53.06,26.64,71.0,66.05,60.81,49.98,53.4,47.91,Junior,3,Not Ready,0
C03532,DevOps Engineer,Bachelor's,Software Engineering,2,3,4,1,7,4,6,68.59,4,55.98,39.39,92.68,69.14,60.88,72.51,62.82,56.52,Junior,2,Beginner,0
C03533,Data Scientist,Bachelor's,Mathematics,3,5,3,1,5,3,6,45.49,10,49.68,38.06,76.71,69.38,48.42,50.8,51.93,42.82,Mid-Level,3,Not Ready,0
C03534,Python Developer,Bachelor's,Software Engineering,2,3,0,1,3,3,6,49.01,5,37.32,28.24,92.53,65.14,59.29,51.75,54.23,41.25,Junior,3,Not Ready,0
C03535,Data Scientist,Master's,Data Science,6,8,1,0,8,5,6,82.14,6,74.08,62.82,96.02,78.5,86.0,78.67,81.76,69.0,Mid-Level,1,Beginner,0
C03536,Product Designer,Diploma,Business,8,9,1,1,7,5,6,79.99,6,78.32,68.05,62.64,75.24,84.73,79.57,77.25,71.86,Senior,1,Beginner,0
C03537,Product Designer,Bachelor's,Design,10,6,2,0,11,5,6,85.57,8,68.41,81.94,95.49,85.04,82.86,86.91,83.2,77.89,Senior,1,Intermediate,1
C03538,QA Engineer,Bachelor's,Software Engineering,6,5,2,1,7,4,6,71.5,8,63.54,60.72,85.16,77.75,74.78,72.86,76.28,67.03,Mid-Level,2,Beginner,1
C03539,Python Developer,Diploma,Data Science,2,3,4,2,11,3,6,46.16,10,50.09,29.77,76.91,58.4,46.21,43.7,48.94,43.42,Junior,3,Not Ready,0
C03540,UI/UX Designer,Master's,Design,8,5,0,0,4,4,6,70.69,4,64.76,62.36,95.53,77.46,71.32,74.28,73.2,69.32,Senior,2,Beginner,1
C03541,Full Stack Developer,Diploma,Information Technology,7,9,1,1,8,5,7,67.85,5,62.68,60.67,75.79,69.12,61.84,69.75,67.08,65.14,Mid-Level,2,Beginner,1
C03542,Java Developer,Master's,Other,1,4,5,1,5,1,6,16.55,6,15.84,17.49,40.08,80.24,34.42,26.64,37.68,30.39,Junior,5,Not Ready,0
C03543,Data Analyst,Master's,Data Science,12,6,4,0,9,5,6,81.53,8,72.72,78.95,100.0,86.24,84.85,84.88,87.89,80.9,Senior,1,Intermediate,1
C03544,Python Developer,Bachelor's,Software Engineering,9,14,0,0,5,5,6,80.51,6,89.41,75.71,92.04,74.66,75.17,80.48,75.53,69.31,Senior,1,Beginner,0
C03545,Cybersecurity Analyst,Bachelor's,Computer Science,0,2,1,3,8,3,6,49.47,6,42.52,28.23,91.44,48.06,54.61,54.07,49.14,47.71,Fresher,3,Not Ready,0
C03546,Frontend Developer,Diploma,Information Technology,3,5,5,0,8,5,6,84.86,5,73.3,44.03,79.39,63.98,82.55,81.36,72.29,71.23,Mid-Level,1,Beginner,0
C03547,QA Engineer,Master's,Computer Science,2,6,4,0,10,3,6,47.88,4,56.79,26.73,84.15,77.58,56.9,54.82,56.37,45.54,Junior,3,Not Ready,0
C03548,UI/UX Designer,Bachelor's,Design,12,8,3,1,8,5,6,81.03,4,71.17,85.15,97.81,85.88,79.53,84.72,81.22,81.97,Senior,1,Intermediate,1
C03549,Backend Developer,Bachelor's,Information Technology,9,6,1,0,10,4,6,71.66,5,66.53,67.29,88.39,77.73,81.88,74.95,74.25,67.08,Senior,2,Beginner,0
C03550,Cloud Engineer,Master's,Information Technology,12,10,1,1,12,5,6,79.18,4,75.72,84.07,100.0,83.22,79.49,81.18,84.86,77.13,Senior,1,Intermediate,1
C03551,Cybersecurity Analyst,Bachelor's,Business,0,0,0,3,6,1,6,17.52,4,19.91,21.96,46.05,54.4,26.53,29.62,31.64,20.72,Fresher,5,Not Ready,0
C03552,Cloud Engineer,Bachelor's,Information Technology,0,1,1,0,9,2,6,30.27,7,33.11,30.87,85.62,50.9,38.45,33.2,43.52,39.51,Fresher,4,Not Ready,0
C03553,Data Scientist,Bachelor's,Information Technology,0,3,3,1,4,2,6,38.32,5,36.11,21.92,78.97,59.44,50.85,46.0,51.13,41.48,Fresher,4,Not Ready,0
C03554,Java Developer,Bachelor's,Software Engineering,6,8,4,0,11,4,6,69.04,10,57.7,57.95,90.28,89.89,79.5,75.48,79.27,65.53,Mid-Level,2,Beginner,0
C03555,Mobile App Developer,Master's,Other,7,6,4,0,10,2,6,30.51,5,41.94,42.06,42.08,80.22,58.12,35.83,51.43,42.27,Mid-Level,4,Not Ready,0
C03556,Frontend Developer,Bachelor's,Information Technology,11,12,5,1,12,5,6,86.37,9,84.67,82.0,87.79,87.64,79.67,88.8,82.17,81.5,Senior,1,Intermediate,0
C03557,Product Designer,Bachelor's,Computer Science,8,7,3,0,5,5,6,86.98,6,83.25,77.45,60.72,86.6,85.48,88.2,80.19,77.48,Senior,1,Intermediate,1
C03558,QA Engineer,Bachelor's,Computer Science,6,10,5,0,9,3,6,49.81,4,56.61,52.36,73.05,89.34,67.83,55.5,68.79,58.63,Mid-Level,3,Beginner,0
C03559,Cybersecurity Analyst,Bachelor's,Information Technology,10,5,5,1,5,4,6,63.82,8,59.15,74.29,98.95,84.79,76.16,63.21,76.45,71.2,Senior,2,Beginner,1
C03560,Product Designer,Bachelor's,Design,10,9,1,0,10,5,6,87.65,2,87.75,85.89,93.12,77.36,81.43,88.51,83.81,83.66,Senior,1,Intermediate,1
C03561,Product Designer,Bachelor's,Design,0,1,2,0,10,3,6,54.78,2,41.07,34.42,91.59,54.14,53.07,50.42,52.49,46.76,Fresher,3,Not Ready,0
C03562,Java Developer,Bachelor's,Software Engineering,1,5,3,1,6,3,6,49.95,4,52.33,24.69,99.34,62.08,53.61,47.64,57.35,47.15,Junior,3,Not Ready,0
C03563,Data Scientist,Diploma,Information Technology,7,6,2,0,8,3,6,52.69,10,56.29,52.55,68.07,64.67,59.4,51.97,60.7,50.46,Mid-Level,3,Beginner,0
C03564,Full Stack Developer,Bachelor's,Computer Science,4,7,1,0,10,5,7,68.1,4,72.72,46.05,89.7,64.49,61.0,68.69,62.81,59.53,Mid-Level,2,Beginner,1
C03565,Java Developer,Bachelor's,Electronics,3,7,3,0,5,3,6,49.32,6,57.18,32.5,53.83,68.77,56.74,53.47,53.01,45.9,Mid-Level,3,Not Ready,0
C03566,Cybersecurity Analyst,Bachelor's,Computer Science,0,3,3,2,6,3,6,54.26,9,48.72,12.19,86.92,63.35,65.2,59.27,56.6,44.92,Fresher,3,Not Ready,1
C03567,Data Analyst,Master's,Other,12,8,0,1,4,4,6,66.81,7,67.24,76.35,49.43,78.12,73.51,72.87,71.41,62.4,Senior,2,Beginner,1
C03568,Mobile App Developer,Bachelor's,Computer Science,4,4,2,1,10,4,6,65.74,8,66.39,44.24,94.71,75.5,66.62,69.52,65.52,57.44,Mid-Level,2,Beginner,0
C03569,Java Developer,Master's,Software Engineering,1,2,5,0,7,3,6,49.51,2,48.91,24.86,97.11,79.07,68.3,51.35,64.48,54.57,Junior,3,Beginner,0
C03570,Frontend Developer,Master's,Software Engineering,3,6,2,0,12,4,6,66.69,10,66.47,39.63,96.92,68.43,64.3,64.22,65.52,56.65,Mid-Level,2,Beginner,0
C03571,Data Analyst,Bachelor's,Business,5,5,5,1,9,4,6,62.62,3,68.09,49.94,72.45,79.64,64.27,70.64,63.42,63.8,Mid-Level,2,Beginner,1
C03572,Machine Learning Engineer,Master's,Computer Science,9,11,1,1,5,5,6,85.76,5,75.93,75.13,95.54,80.84,75.89,86.0,83.22,79.65,Senior,1,Intermediate,1
C03573,Product Designer,Bachelor's,Business,8,12,3,1,11,5,6,84.58,4,81.04,68.77,74.09,78.7,86.97,84.04,78.77,77.45,Senior,1,Intermediate,1
C03574,Machine Learning Engineer,Master's,Computer Science,10,7,2,1,9,4,6,66.77,8,69.53,74.26,97.08,82.6,65.32,73.92,72.33,70.48,Senior,2,Beginner,1
C03575,DevOps Engineer,Bachelor's,Other,2,3,3,0,5,2,6,35.2,5,35.32,29.03,28.41,62.82,51.6,41.72,43.06,40.24,Junior,4,Not Ready,0
C03576,Data Analyst,Bachelor's,Data Science,6,3,3,1,8,5,6,87.86,2,72.17,60.59,94.43,68.79,81.42,80.32,80.56,71.72,Mid-Level,1,Beginner,1
C03577,Product Designer,Bachelor's,Design,11,6,2,0,6,5,6,85.98,2,79.29,82.0,92.34,85.9,89.52,88.09,85.5,82.67,Senior,1,Intermediate,1
C03578,UI/UX Designer,Bachelor's,Design,3,9,4,1,10,4,6,65.87,7,59.1,42.06,94.56,87.37,67.73,67.98,70.97,58.36,Mid-Level,2,Beginner,0
C03579,Data Analyst,Bachelor's,Information Technology,7,10,2,1,12,5,6,88.31,4,86.05,70.27,77.21,82.09,85.04,91.43,83.34,78.75,Mid-Level,1,Intermediate,1
C03580,UI/UX Designer,Master's,Information Technology,13,12,4,0,6,4,6,64.59,7,64.19,75.75,70.51,91.98,82.32,73.49,77.23,67.35,Senior,2,Beginner,0
C03581,Java Developer,Diploma,Computer Science,4,3,0,0,6,4,6,71.1,10,64.51,47.48,83.1,56.2,65.38,64.92,64.71,63.83,Mid-Level,2,Beginner,0
C03582,Python Developer,Bachelor's,Information Technology,10,8,0,0,11,4,6,63.92,2,63.48,77.37,94.4,84.14,65.94,63.24,72.2,68.64,Senior,2,Beginner,0
C03583,Data Scientist,Bachelor's,Data Science,9,10,1,1,7,4,6,62.51,5,71.69,65.55,91.82,79.54,71.84,65.61,75.15,63.92,Senior,2,Beginner,0
C03584,UI/UX Designer,Bachelor's,Computer Science,11,12,5,1,5,5,6,87.68,2,90.05,81.62,68.89,100.0,90.79,92.85,91.69,83.42,Senior,1,Intermediate,1
C03585,Frontend Developer,Bachelor's,Computer Science,4,6,0,0,6,4,6,64.79,5,56.96,45.25,91.1,69.18,72.51,62.87,69.2,56.69,Mid-Level,2,Beginner,0
C03586,QA Engineer,Master's,Information Technology,7,3,2,1,8,4,6,66.47,2,62.48,62.63,91.97,72.61,72.19,68.76,71.15,63.65,Mid-Level,2,Beginner,1
C03587,Cloud Engineer,Diploma,Computer Science,3,4,2,1,5,3,6,53.48,8,51.76,40.02,78.46,52.04,52.78,57.27,54.98,45.59,Mid-Level,3,Not Ready,0
C03588,Mobile App Developer,Diploma,Information Technology,5,9,5,1,8,4,6,70.6,7,69.3,51.09,78.62,81.08,71.58,73.84,69.91,66.19,Mid-Level,2,Beginner,0
C03589,Cloud Engineer,Master's,Computer Science,13,7,5,1,11,5,6,81.67,5,79.17,77.56,97.2,88.2,89.06,85.1,88.07,82.73,Senior,1,Intermediate,1
C03590,Mobile App Developer,Bachelor's,Software Engineering,8,9,1,0,11,5,6,80.05,9,78.93,70.55,97.4,81.41,77.28,75.65,77.18,77.73,Senior,1,Intermediate,0
C03591,Mobile App Developer,Bachelor's,Computer Science,8,11,4,0,11,4,6,63.98,5,67.18,66.93,87.41,92.99,68.88,71.75,75.37,63.05,Senior,2,Beginner,0
C03592,DevOps Engineer,Diploma,Computer Science,5,5,0,1,4,4,6,71.06,8,64.0,54.54,74.11,50.46,69.71,68.91,63.76,63.64,Mid-Level,2,Beginner,0
C03593,Data Analyst,Master's,Business,8,10,2,0,9,4,6,64.06,6,61.37,62.42,77.2,80.46,67.66,70.06,72.17,56.87,Senior,2,Beginner,0
C03594,Machine Learning Engineer,Diploma,Mathematics,7,3,4,1,8,4,6,71.5,6,64.03,58.02,73.9,66.6,77.44,67.01,70.42,65.11,Mid-Level,2,Beginner,0
C03595,Frontend Developer,Master's,Software Engineering,13,8,1,0,10,5,6,85.07,2,79.13,87.99,100.0,92.47,92.66,86.42,88.73,76.33,Senior,1,Intermediate,0
C03596,Frontend Developer,Bachelor's,Computer Science,4,10,4,0,11,4,6,62.5,9,68.71,46.3,86.26,80.32,72.38,69.89,66.89,67.69,Mid-Level,2,Beginner,1
C03597,Java Developer,Diploma,Information Technology,7,6,0,0,13,5,6,84.3,9,72.26,69.22,84.4,63.27,82.1,82.79,74.96,72.57,Mid-Level,1,Beginner,1
C03598,QA Engineer,Bachelor's,Computer Science,11,7,1,0,11,4,6,63.61,8,57.49,76.81,78.38,72.92,70.62,66.74,69.8,60.77,Senior,2,Beginner,1
C03599,Frontend Developer,Master's,Information Technology,10,14,1,1,11,5,6,78.56,5,93.2,80.08,100.0,95.09,81.87,83.61,84.72,75.99,Senior,1,Intermediate,1
C03600,Python Developer,Master's,Information Technology,11,14,3,1,10,4,6,65.24,4,77.49,76.08,96.01,100.0,74.01,75.82,78.13,72.78,Senior,2,Beginner,0
C03601,Machine Learning Engineer,Bachelor's,Data Science,1,6,4,2,8,4,6,61.87,10,63.21,28.75,93.73,73.09,66.91,61.15,65.23,53.39,Junior,2,Beginner,0
C03602,Data Scientist,Bachelor's,Information Technology,5,7,4,0,7,4,6,67.18,5,64.09,51.67,78.49,87.33,75.09,74.07,71.49,66.84,Mid-Level,2,Beginner,1
C03603,QA Engineer,Bachelor's,Business,4,4,4,0,8,3,6,48.68,2,39.33,43.58,62.26,72.49,55.92,55.03,54.49,46.77,Mid-Level,3,Not Ready,0
C03604,DevOps Engineer,Bachelor's,Information Technology,5,6,1,0,7,4,6,67.07,7,69.15,51.93,85.27,71.5,75.63,69.41,70.62,65.45,Mid-Level,2,Beginner,1
C03605,Python Developer,Bachelor's,Software Engineering,0,1,2,1,7,2,6,29.13,5,24.85,28.11,92.8,64.23,38.86,31.89,49.55,38.11,Fresher,4,Not Ready,0
C03606,Full Stack Developer,Diploma,Software Engineering,2,1,3,2,10,4,7,53.66,10,41.8,29.44,82.95,61.11,54.44,57.76,56.84,47.58,Junior,3,Not Ready,0
C03607,DevOps Engineer,Diploma,Information Technology,1,4,2,2,6,4,6,63.35,3,57.5,31.06,82.91,55.6,65.91,57.09,60.79,58.84,Junior,2,Beginner,0
C03608,Backend Developer,Bachelor's,Information Technology,3,9,0,0,7,3,6,49.18,6,55.8,37.01,94.19,73.71,52.93,51.19,61.75,52.76,Mid-Level,3,Beginner,0
C03609,Cybersecurity Analyst,Bachelor's,Information Technology,8,14,5,0,11,5,6,86.94,4,90.44,71.07,92.38,88.64,92.11,87.18,89.52,86.08,Senior,1,Intermediate,0
C03610,Backend Developer,Master's,Software Engineering,8,15,4,0,13,5,6,81.97,8,94.22,73.16,99.84,93.63,84.58,87.26,88.09,76.75,Senior,1,Intermediate,1
C03611,Machine Learning Engineer,Bachelor's,Computer Science,5,6,5,0,5,5,6,79.48,8,80.43,51.74,91.18,79.01,74.22,76.91,76.36,71.27,Mid-Level,1,Beginner,1
C03612,UI/UX Designer,Bachelor's,Design,11,15,1,0,5,5,6,85.9,9,83.43,80.64,96.48,77.17,80.17,83.04,84.12,77.69,Senior,1,Intermediate,1
C03613,Data Scientist,Bachelor's,Computer Science,10,14,3,1,6,5,6,86.36,2,81.14,82.2,89.13,88.38,94.03,89.37,85.88,82.32,Senior,1,Intermediate,1
C03614,Data Analyst,Bachelor's,Business,5,3,2,1,4,4,6,62.38,10,58.31,47.2,65.24,67.65,66.8,63.49,60.72,60.77,Mid-Level,2,Beginner,0
C03615,Cybersecurity Analyst,Bachelor's,Other,3,10,1,1,5,3,6,46.43,10,57.49,32.07,30.6,68.24,56.18,49.01,52.59,38.43,Mid-Level,3,Not Ready,0
C03616,Mobile App Developer,Master's,Software Engineering,2,5,2,0,9,3,6,52.15,10,46.52,30.08,100.0,76.87,54.69,59.01,62.41,51.31,Junior,3,Beginner,0
C03617,Mobile App Developer,Bachelor's,Software Engineering,10,12,5,0,12,5,6,78.38,2,77.32,76.11,97.68,100.0,86.11,85.29,85.06,83.28,Senior,1,Intermediate,1
C03618,DevOps Engineer,Diploma,Computer Science,4,6,3,1,5,4,6,66.53,6,66.95,47.42,72.85,68.38,73.81,63.4,64.39,58.06,Mid-Level,2,Beginner,1
C03619,DevOps Engineer,Bachelor's,Information Technology,0,2,3,3,3,2,6,34.55,10,27.08,12.64,88.66,63.48,48.61,42.92,49.84,39.77,Fresher,4,Not Ready,0
C03620,Product Designer,Bachelor's,Other,2,5,5,1,8,2,6,36.16,3,37.68,32.07,27.67,69.79,47.21,41.35,46.23,38.4,Junior,4,Not Ready,0
C03621,Mobile App Developer,Bachelor's,Information Technology,0,1,3,1,8,2,6,34.97,6,32.82,26.24,89.79,61.07,38.35,39.42,43.57,41.01,Fresher,4,Not Ready,0
C03622,UI/UX Designer,Diploma,Computer Science,0,1,1,1,9,3,6,48.4,3,49.22,29.63,64.59,49.52,47.42,47.65,49.97,42.07,Fresher,3,Not Ready,0
C03623,Machine Learning Engineer,Bachelor's,Mathematics,1,4,3,2,9,3,6,46.99,8,51.02,27.14,79.89,60.96,47.67,46.05,51.05,49.07,Junior,3,Not Ready,0
C03624,DevOps Engineer,Bachelor's,Electronics,8,8,4,0,3,3,6,46.14,4,57.59,59.08,47.44,78.15,52.44,53.63,55.88,47.19,Senior,3,Not Ready,0
C03625,Product Designer,Bachelor's,Business,7,7,3,0,11,4,6,67.81,8,60.52,62.43,69.62,73.11,67.25,72.09,67.81,64.2,Mid-Level,2,Beginner,0
C03626,Backend Developer,Master's,Computer Science,6,6,0,0,13,5,6,79.4,7,81.92,60.45,98.64,78.54,71.22,76.89,78.67,68.63,Mid-Level,1,Beginner,1
C03627,Data Scientist,Diploma,Information Technology,6,6,1,0,9,4,6,68.84,10,59.51,52.38,69.66,63.05,63.92,66.51,64.69,55.4,Mid-Level,2,Beginner,0
C03628,Machine Learning Engineer,Master's,Information Technology,12,14,5,1,12,4,6,68.54,3,65.62,73.88,98.04,93.88,73.3,78.24,81.46,69.36,Senior,2,Beginner,0
C03629,Backend Developer,Diploma,Software Engineering,5,6,0,0,5,4,6,69.88,6,60.44,52.21,84.02,54.87,56.54,69.18,62.4,57.59,Mid-Level,2,Beginner,0
C03630,DevOps Engineer,Bachelor's,Software Engineering,10,5,0,1,7,5,6,86.52,3,78.36,81.45,92.58,66.13,82.55,78.43,83.17,80.39,Senior,1,Intermediate,1
C03631,Frontend Developer,Bachelor's,Software Engineering,4,8,4,0,5,5,6,85.9,5,71.85,51.61,98.05,72.65,77.61,83.35,74.72,69.87,Mid-Level,1,Beginner,1
C03632,Full Stack Developer,Master's,Computer Science,14,11,4,0,6,6,7,82.77,6,88.93,85.31,100.0,98.87,90.68,85.06,91.69,79.99,Senior,1,Intermediate,1
C03633,Cybersecurity Analyst,Diploma,Business,4,8,1,0,9,3,6,50.3,8,53.36,40.37,42.76,59.84,50.73,48.49,48.69,40.06,Mid-Level,3,Not Ready,0
C03634,Full Stack Developer,Master's,Computer Science,3,5,0,0,7,4,7,57.06,4,51.82,36.72,100.0,72.83,56.9,58.87,64.81,46.89,Mid-Level,3,Not Ready,0
C03635,Java Developer,Bachelor's,Software Engineering,0,1,3,2,2,2,6,37.03,10,35.16,19.96,98.49,68.34,53.32,41.85,50.08,43.89,Fresher,4,Not Ready,0
C03636,Product Designer,Diploma,Information Technology,1,2,3,1,7,4,6,64.93,9,53.16,25.86,54.03,60.44,67.6,62.94,55.03,47.36,Junior,2,Not Ready,0
C03637,Product Designer,Master's,Computer Science,9,8,2,0,6,5,6,85.04,6,79.83,80.0,74.67,93.13,84.15,88.79,85.64,80.82,Senior,1,Intermediate,0
C03638,Cloud Engineer,Bachelor's,Information Technology,5,6,5,0,8,4,6,63.87,5,61.86,46.08,93.93,78.11,75.21,65.11,73.37,62.02,Mid-Level,2,Beginner,0
C03639,Product Designer,Diploma,Other,0,3,0,3,3,1,6,19.84,6,12.35,33.23,24.69,43.47,32.2,29.49,30.79,18.88,Fresher,5,Not Ready,0
C03640,Cybersecurity Analyst,Bachelor's,Other,4,7,4,1,6,3,6,45.29,4,50.37,34.49,32.18,77.12,52.51,53.09,54.87,45.38,Mid-Level,3,Not Ready,1
C03641,Data Scientist,Bachelor's,Information Technology,12,8,4,0,9,5,6,85.93,4,84.38,88.47,81.63,94.25,83.25,87.67,89.71,86.22,Senior,1,Intermediate,1
C03642,Mobile App Developer,Master's,Information Technology,10,15,2,0,9,4,6,70.51,5,80.24,71.91,100.0,96.06,80.36,71.37,80.66,69.15,Senior,2,Beginner,1
C03643,Java Developer,Bachelor's,Computer Science,0,1,2,3,4,3,6,54.57,6,35.72,24.8,87.3,51.91,48.04,52.4,53.77,50.25,Fresher,3,Beginner,0
C03644,Python Developer,Bachelor's,Data Science,9,10,3,0,10,5,6,83.63,10,83.82,73.1,87.31,83.1,90.83,81.88,82.7,77.86,Senior,1,Intermediate,1
C03645,QA Engineer,Diploma,Computer Science,6,7,3,1,9,4,6,63.9,3,66.2,49.51,61.0,74.29,72.21,67.64,63.31,57.33,Mid-Level,2,Beginner,0
C03646,UI/UX Designer,Diploma,Information Technology,2,3,0,0,7,3,6,52.4,9,46.81,29.92,54.17,50.26,56.46,47.42,48.97,42.12,Junior,3,Not Ready,0
C03647,Cloud Engineer,Diploma,Other,8,8,2,1,11,3,6,54.24,2,57.07,56.48,16.92,75.78,63.43,53.74,61.13,50.06,Senior,3,Beginner,0
C03648,Full Stack Developer,Bachelor's,Software Engineering,4,10,2,1,8,4,7,55.73,3,57.82,44.83,98.4,75.4,66.23,58.61,66.33,62.05,Mid-Level,3,Beginner,0
C03649,Cybersecurity Analyst,PhD,Electronics,8,9,3,1,6,4,6,69.63,3,61.41,67.29,85.32,100.0,77.14,79.46,82.92,63.56,Senior,2,Beginner,1
C03650,Data Analyst,Bachelor's,Data Science,3,7,0,0,7,5,6,82.26,9,79.13,40.87,95.53,67.71,69.18,76.38,73.14,70.19,Mid-Level,1,Beginner,0
C03651,Data Scientist,Bachelor's,Computer Science,12,7,3,1,9,5,6,79.04,9,71.21,79.72,88.96,77.84,72.78,82.62,78.21,70.78,Senior,1,Beginner,0
C03652,Machine Learning Engineer,Master's,Data Science,6,6,4,0,8,4,6,64.11,4,62.86,52.32,97.79,86.63,73.74,67.57,71.39,69.66,Mid-Level,2,Beginner,0
C03653,UI/UX Designer,Bachelor's,Design,2,2,5,0,9,4,6,62.62,8,52.01,31.98,96.47,71.53,60.17,61.42,64.42,53.01,Junior,2,Beginner,0
C03654,Java Developer,Bachelor's,Computer Science,7,10,5,1,12,4,6,64.48,5,61.82,54.87,93.66,96.28,82.36,66.85,75.53,62.81,Mid-Level,2,Beginner,1
C03655,Python Developer,Bachelor's,Software Engineering,7,6,1,1,7,4,6,63.41,7,67.79,63.69,93.28,70.66,62.52,68.8,68.43,64.85,Mid-Level,2,Beginner,0
C03656,UI/UX Designer,Master's,Other,8,6,4,0,8,3,6,47.41,6,51.36,58.71,44.55,95.27,64.05,61.13,62.62,51.32,Senior,3,Beginner,1
C03657,Java Developer,Bachelor's,Information Technology,10,12,0,1,12,5,6,87.37,9,89.46,80.1,86.14,79.97,88.65,82.12,85.48,78.84,Senior,1,Intermediate,0
C03658,Product Designer,Bachelor's,Business,2,2,0,2,6,2,6,30.48,5,36.12,32.26,68.29,48.74,37.72,32.38,43.88,39.4,Junior,4,Not Ready,0
C03659,Full Stack Developer,Bachelor's,Software Engineering,4,8,4,1,14,6,7,87.35,2,86.41,51.99,90.63,83.2,80.74,89.3,82.35,79.72,Mid-Level,1,Intermediate,0
C03660,Python Developer,Bachelor's,Software Engineering,9,9,4,1,9,4,6,71.21,10,61.42,70.32,97.61,90.18,71.55,72.05,78.21,71.9,Senior,2,Beginner,1
C03661,Data Analyst,Diploma,Data Science,0,3,1,2,8,3,6,53.13,8,40.29,12.2,82.3,41.9,40.77,51.78,46.43,37.26,Fresher,3,Not Ready,0
C03662,Cybersecurity Analyst,Bachelor's,Other,3,6,4,1,9,3,6,53.53,4,51.23,35.36,33.11,70.84,67.05,59.33,54.02,52.85,Mid-Level,3,Beginner,0
C03663,Data Scientist,Bachelor's,Information Technology,8,11,3,1,12,5,6,83.72,8,79.24,76.15,84.6,78.07,78.86,78.04,82.14,80.39,Senior,1,Intermediate,1
C03664,Cloud Engineer,Master's,Software Engineering,11,6,2,1,10,5,6,81.97,5,71.93,82.51,97.59,79.67,75.85,76.61,82.19,80.96,Senior,1,Intermediate,1
C03665,Frontend Developer,Master's,Electronics,10,12,4,1,6,3,6,47.98,2,55.9,67.93,55.81,91.8,69.71,53.64,66.51,61.98,Senior,3,Beginner,0
C03666,DevOps Engineer,Bachelor's,Computer Science,5,7,3,1,8,4,6,68.0,7,65.92,54.13,81.93,80.23,69.7,67.93,72.32,66.1,Mid-Level,2,Beginner,0
C03667,Backend Developer,Bachelor's,Computer Science,8,14,0,0,13,5,6,81.21,8,94.28,73.47,92.5,73.44,70.11,75.24,76.78,71.82,Senior,1,Beginner,1
C03668,QA Engineer,Diploma,Business,3,5,3,0,4,4,6,62.74,8,65.1,36.95,52.56,56.01,65.07,59.69,58.84,50.43,Mid-Level,2,Beginner,0
C03669,Cybersecurity Analyst,Bachelor's,Electronics,0,1,3,1,3,3,6,49.13,3,35.1,32.29,68.18,64.75,51.09,56.79,53.64,41.62,Fresher,3,Not Ready,0
C03670,Mobile App Developer,Bachelor's,Electronics,8,9,4,1,3,3,6,53.75,9,58.49,57.55,51.75,95.03,71.04,66.08,67.05,62.07,Senior,3,Beginner,0
C03671,DevOps Engineer,Master's,Computer Science,2,3,1,2,3,3,6,45.98,8,38.69,35.17,92.84,68.18,51.89,54.96,57.51,49.77,Junior,3,Not Ready,0
C03672,Mobile App Developer,Master's,Computer Science,1,3,3,2,9,4,6,64.92,7,60.58,26.44,100.0,71.74,65.65,63.73,61.61,61.42,Junior,2,Beginner,0
C03673,Data Analyst,Master's,Information Technology,12,12,5,1,11,5,6,86.62,8,84.82,80.37,88.57,100.0,92.82,87.23,91.37,82.96,Senior,1,Intermediate,1
C03674,Backend Developer,Bachelor's,Other,10,15,2,1,11,3,6,53.87,4,60.33,67.91,30.58,84.4,73.02,57.21,63.8,59.11,Senior,3,Beginner,0
C03675,Data Scientist,Bachelor's,Computer Science,11,14,5,0,6,5,6,84.25,5,91.8,84.68,83.94,100.0,96.05,84.95,90.27,85.73,Senior,1,Intermediate,1
C03676,Backend Developer,Master's,Software Engineering,3,3,4,1,5,5,6,82.72,6,76.65,47.93,100.0,83.8,83.09,79.9,79.36,76.9,Mid-Level,1,Intermediate,1
C03677,Frontend Developer,Bachelor's,Computer Science,12,10,5,1,5,5,6,83.07,8,75.04,80.22,92.95,97.33,82.4,89.53,88.47,78.76,Senior,1,Intermediate,1
C03678,Frontend Developer,Bachelor's,Other,5,7,3,1,10,3,6,52.89,4,44.95,46.72,25.18,71.31,64.74,55.73,55.79,43.92,Mid-Level,3,Not Ready,1
C03679,Data Analyst,PhD,Data Science,11,5,0,0,11,5,6,82.24,4,70.92,84.22,100.0,89.79,91.25,86.3,89.64,80.5,Senior,1,Intermediate,0
C03680,Full Stack Developer,Bachelor's,Software Engineering,10,15,1,1,8,6,7,90.53,9,88.73,83.38,90.38,89.68,97.59,92.65,88.34,78.06,Senior,1,Intermediate,0
C03681,Frontend Developer,PhD,Electronics,3,10,5,1,11,3,6,51.24,3,60.75,31.57,63.2,100.0,66.24,63.27,66.38,49.63,Mid-Level,3,Not Ready,0
C03682,DevOps Engineer,Bachelor's,Software Engineering,4,3,4,1,7,3,6,49.07,2,47.14,36.44,86.71,70.74,54.32,54.9,60.49,45.95,Mid-Level,3,Not Ready,1
C03683,Backend Developer,Bachelor's,Software Engineering,2,5,4,0,10,4,6,67.4,9,54.39,38.05,91.41,68.17,68.81,66.83,64.76,63.32,Junior,2,Beginner,0
C03684,QA Engineer,Bachelor's,Information Technology,3,8,3,0,4,4,6,66.83,3,70.41,44.74,80.76,67.75,75.17,68.92,69.22,61.26,Mid-Level,2,Beginner,0
C03685,Cybersecurity Analyst,Master's,Electronics,6,6,1,0,3,3,6,48.24,5,51.6,48.31,84.34,73.65,64.72,55.16,61.66,47.59,Mid-Level,3,Not Ready,0
C03686,Cloud Engineer,Bachelor's,Computer Science,2,4,1,1,4,3,6,48.23,2,43.42,33.3,84.79,58.42,45.6,49.51,48.87,46.93,Junior,3,Not Ready,0
C03687,QA Engineer,Bachelor's,Information Technology,7,7,1,1,10,4,6,63.99,2,59.38,55.01,78.14,80.33,76.69,68.41,68.69,63.47,Mid-Level,2,Beginner,0
C03688,QA Engineer,Diploma,Information Technology,1,4,5,1,7,3,6,48.54,6,40.64,30.33,66.12,60.31,48.75,50.76,47.78,47.65,Junior,3,Not Ready,0
C03689,QA Engineer,Bachelor's,Software Engineering,1,5,5,0,5,4,6,63.97,6,60.25,31.79,89.62,81.61,77.86,68.6,68.17,63.79,Junior,2,Beginner,0
C03690,UI/UX Designer,Bachelor's,Information Technology,11,12,4,1,8,5,6,83.53,6,83.32,86.24,60.45,97.85,90.76,84.07,84.18,74.48,Senior,1,Beginner,0
C03691,Product Designer,Bachelor's,Design,0,0,3,2,6,2,6,35.33,2,19.18,21.64,92.07,66.86,54.85,40.16,50.63,36.66,Fresher,4,Not Ready,0
C03692,Java Developer,Bachelor's,Information Technology,4,8,5,1,7,5,6,80.7,9,82.45,49.72,87.88,85.21,85.26,78.36,77.74,71.56,Mid-Level,1,Beginner,0
C03693,Python Developer,Diploma,Software Engineering,8,11,2,1,9,4,6,65.04,8,72.82,62.17,84.13,74.85,72.81,64.55,69.71,66.6,Senior,2,Beginner,1
C03694,Data Analyst,Bachelor's,Information Technology,4,7,1,0,12,5,6,82.95,10,74.24,44.71,81.67,67.26,72.8,77.06,68.71,68.42,Mid-Level,1,Beginner,0
C03695,Frontend Developer,Bachelor's,Computer Science,2,4,1,1,9,4,6,67.05,8,62.91,39.13,91.48,56.25,57.43,63.3,60.15,61.4,Junior,2,Beginner,0
C03696,Python Developer,Master's,Computer Science,11,6,1,0,9,5,6,82.17,6,82.57,78.39,97.15,87.48,87.76,86.44,83.77,81.44,Senior,1,Intermediate,0
C03697,Frontend Developer,Bachelor's,Software Engineering,6,4,4,0,10,5,6,82.49,2,66.79,62.7,95.39,71.46,73.66,82.25,74.46,69.59,Mid-Level,1,Beginner,0
C03698,Backend Developer,Bachelor's,Information Technology,10,7,5,1,11,5,6,83.09,4,74.95,83.98,94.13,88.25,82.88,84.16,82.77,85.08,Senior,1,Intermediate,0
C03699,Java Developer,Bachelor's,Electronics,3,6,1,0,4,3,6,46.66,9,49.59,38.25,45.84,66.28,49.04,52.77,49.8,39.17,Mid-Level,3,Not Ready,0
C03700,Cloud Engineer,Bachelor's,Other,11,11,0,1,10,3,6,50.72,3,63.67,66.41,28.94,74.6,67.29,58.51,59.33,50.36,Senior,3,Beginner,0
C03701,Cybersecurity Analyst,Bachelor's,Electronics,3,10,4,1,6,4,6,69.29,10,75.36,44.97,73.02,86.63,68.97,68.93,72.58,59.01,Mid-Level,2,Beginner,1
C03702,Java Developer,Master's,Information Technology,9,12,0,1,6,5,6,80.28,8,77.45,71.45,100.0,90.61,81.16,85.29,81.09,73.53,Senior,1,Beginner,1
C03703,QA Engineer,Diploma,Software Engineering,8,6,4,1,8,5,6,78.44,4,71.99,73.3,77.04,68.05,67.42,71.45,70.47,67.52,Senior,1,Beginner,1
C03704,QA Engineer,Bachelor's,Software Engineering,2,5,3,0,10,3,6,49.64,8,39.64,30.12,82.39,63.39,60.17,49.4,57.59,47.86,Junior,3,Not Ready,0
C03705,Mobile App Developer,Bachelor's,Computer Science,11,6,1,0,9,4,6,64.94,3,61.0,75.99,89.3,69.01,73.91,62.5,70.78,69.9,Senior,2,Beginner,0
C03706,Machine Learning Engineer,PhD,Data Science,2,1,5,1,5,3,6,47.4,2,40.52,27.0,100.0,72.68,50.02,50.02,59.1,48.1,Junior,3,Not Ready,0
C03707,Data Scientist,Bachelor's,Data Science,7,5,2,1,8,4,6,69.89,8,67.21,59.1,95.46,67.75,71.72,67.26,72.81,67.22,Mid-Level,2,Beginner,0
C03708,UI/UX Designer,Bachelor's,Information Technology,2,2,2,0,5,2,6,33.36,10,21.98,28.34,66.08,66.08,50.12,41.18,45.59,40.13,Junior,4,Not Ready,0
C03709,Python Developer,Master's,Software Engineering,12,12,3,1,8,5,6,82.98,4,87.02,84.78,98.63,90.07,89.33,81.33,89.51,80.1,Senior,1,Intermediate,0
C03710,Cybersecurity Analyst,Master's,Business,12,8,1,0,12,4,6,70.91,5,59.83,74.85,57.69,81.88,72.55,75.07,71.96,61.73,Senior,2,Beginner,1
C03711,Python Developer,Bachelor's,Information Technology,8,11,5,1,11,4,6,71.19,9,66.91,67.06,93.5,87.65,72.87,76.43,80.13,67.92,Senior,2,Beginner,0
C03712,Mobile App Developer,Bachelor's,Information Technology,2,5,3,0,7,4,6,66.36,7,53.83,33.67,94.21,72.2,71.37,63.09,63.97,54.72,Junior,2,Beginner,0
C03713,Python Developer,Master's,Computer Science,9,6,1,0,5,5,6,84.45,4,67.68,79.59,99.29,75.49,86.48,84.26,80.51,79.86,Senior,1,Intermediate,1
C03714,Machine Learning Engineer,Master's,Computer Science,5,10,1,1,8,4,6,69.54,6,64.83,50.96,98.56,81.82,71.13,76.92,74.54,61.05,Mid-Level,2,Beginner,0
C03715,Machine Learning Engineer,Bachelor's,Mathematics,7,6,3,1,8,4,6,63.55,9,55.07,57.47,84.84,74.03,67.61,63.56,66.8,62.61,Mid-Level,2,Beginner,0
C03716,UI/UX Designer,Bachelor's,Computer Science,9,5,4,0,4,4,6,64.87,4,61.96,68.01,65.82,78.8,69.45,66.64,70.85,65.64,Senior,2,Beginner,0
C03717,Cloud Engineer,Bachelor's,Information Technology,10,7,3,1,12,5,6,80.19,5,70.27,80.21,87.65,81.4,86.03,80.36,81.18,80.81,Senior,1,Intermediate,1
C03718,Backend Developer,Diploma,Computer Science,1,6,5,1,10,3,6,52.52,8,46.0,30.08,82.3,61.3,56.32,54.47,57.51,46.61,Junior,3,Not Ready,0
C03719,Java Developer,Master's,Computer Science,14,15,0,1,5,4,6,67.43,2,70.23,78.54,99.67,85.33,74.84,68.79,80.41,71.06,Senior,2,Beginner,0
C03720,Java Developer,Bachelor's,Electronics,4,10,3,1,7,2,6,32.37,6,39.5,34.15,46.62,84.85,53.22,42.45,50.33,35.88,Mid-Level,4,Not Ready,0
C03721,Frontend Developer,Diploma,Information Technology,1,3,4,0,5,3,6,47.75,3,52.34,29.48,78.98,53.37,45.95,49.56,46.11,43.04,Junior,3,Not Ready,0
C03722,Mobile App Developer,Bachelor's,Software Engineering,9,7,4,1,11,5,6,81.45,8,72.99,72.84,98.23,88.85,91.31,80.25,83.68,83.27,Senior,1,Intermediate,1
C03723,Frontend Developer,Bachelor's,Information Technology,11,8,0,1,6,5,6,88.26,3,71.35,85.2,89.51,76.47,83.87,90.78,86.14,74.84,Senior,1,Beginner,0
C03724,Cloud Engineer,Diploma,Information Technology,0,2,0,3,3,2,6,35.45,7,25.2,17.83,82.49,49.81,40.32,41.72,43.09,38.05,Fresher,4,Not Ready,0
C03725,Data Analyst,Master's,Computer Science,11,5,0,1,8,5,6,81.23,3,66.48,78.91,97.11,75.86,75.64,77.16,77.13,70.56,Senior,1,Beginner,0
C03726,Java Developer,Bachelor's,Computer Science,11,13,0,1,13,5,6,88.0,9,83.04,80.64,87.6,86.48,88.78,88.8,89.05,82.17,Senior,1,Intermediate,0
C03727,Machine Learning Engineer,Master's,Mathematics,4,9,4,1,9,5,6,82.02,6,87.74,47.85,92.09,85.57,86.44,81.34,81.85,70.99,Mid-Level,1,Beginner,1
C03728,Cybersecurity Analyst,Bachelor's,Computer Science,5,5,5,0,13,5,6,80.73,3,79.66,58.56,87.96,75.51,71.75,84.05,72.57,77.88,Mid-Level,1,Intermediate,0
C03729,Backend Developer,Diploma,Information Technology,1,2,4,0,8,3,6,48.3,2,40.62,31.45,81.0,51.22,46.73,49.75,47.41,49.09,Junior,3,Not Ready,0
C03730,Python Developer,Master's,Software Engineering,3,9,0,0,10,4,6,68.86,2,72.25,38.15,100.0,71.67,69.22,68.31,67.03,63.04,Mid-Level,2,Beginner,1
C03731,Cybersecurity Analyst,Bachelor's,Computer Science,0,3,3,0,7,2,6,31.1,3,35.36,22.87,94.69,60.92,48.3,32.74,45.54,38.38,Fresher,4,Not Ready,0
C03732,Python Developer,Master's,Other,3,4,2,1,7,3,6,49.96,2,41.41,40.23,39.51,69.79,53.26,52.3,53.32,45.17,Mid-Level,3,Not Ready,0
C03733,Full Stack Developer,Master's,Information Technology,12,10,3,0,6,6,7,89.34,8,89.42,86.44,97.04,97.47,86.93,94.4,89.19,87.24,Senior,1,Intermediate,1
C03734,Full Stack Developer,Master's,Computer Science,11,7,1,1,12,6,7,82.15,10,75.4,78.04,100.0,82.0,84.92,78.07,81.63,72.73,Senior,1,Beginner,1
C03735,Frontend Developer,Master's,Electronics,9,6,5,0,8,4,6,67.45,10,69.72,69.54,58.05,90.84,69.56,75.42,70.35,69.14,Senior,2,Beginner,1
C03736,DevOps Engineer,Diploma,Information Technology,7,10,1,1,12,4,6,71.31,5,70.91,57.94,80.44,66.76,62.06,73.02,64.75,63.92,Mid-Level,2,Beginner,1
C03737,Cybersecurity Analyst,Bachelor's,Electronics,8,9,1,1,8,5,6,80.17,6,81.78,68.84,72.34,73.1,73.92,83.09,73.5,66.49,Senior,1,Beginner,0
C03738,Data Scientist,Bachelor's,Data Science,3,6,0,0,7,4,6,65.14,10,67.8,39.37,98.81,69.72,66.18,67.48,64.02,53.92,Mid-Level,2,Beginner,0
C03739,Frontend Developer,Bachelor's,Software Engineering,3,9,0,1,4,4,6,62.97,3,73.68,38.85,96.89,61.52,68.02,58.77,64.31,60.28,Mid-Level,2,Beginner,0
C03740,Java Developer,Master's,Computer Science,4,10,3,1,8,5,6,83.87,9,83.45,50.47,100.0,89.75,80.68,88.14,82.71,78.56,Mid-Level,1,Intermediate,1
C03741,Python Developer,Bachelor's,Software Engineering,8,15,4,0,12,5,6,84.74,2,86.09,70.57,91.09,91.64,91.93,85.59,84.11,81.68,Senior,1,Intermediate,0
C03742,Python Developer,Bachelor's,Other,12,6,4,1,9,3,6,53.86,8,53.58,72.15,34.62,83.14,71.98,61.42,64.5,53.35,Senior,3,Beginner,0
C03743,Data Analyst,Master's,Information Technology,8,6,5,1,6,5,6,78.37,2,74.63,69.11,86.58,98.87,92.64,80.58,87.06,77.1,Senior,1,Intermediate,1
C03744,UI/UX Designer,PhD,Computer Science,14,10,2,1,10,4,6,68.14,9,63.4,72.59,82.22,94.15,73.74,77.61,79.41,70.73,Senior,2,Beginner,1
C03745,Cloud Engineer,Master's,Computer Science,6,5,3,0,5,4,6,63.53,3,54.95,55.21,96.33,75.01,65.76,61.49,70.28,66.72,Mid-Level,2,Beginner,1
C03746,Frontend Developer,Master's,Information Technology,10,14,5,0,6,4,6,68.93,2,69.44,78.05,98.88,100.0,81.14,79.76,84.23,70.99,Senior,2,Beginner,1
C03747,Data Scientist,Master's,Information Technology,9,14,4,1,13,5,6,83.81,10,87.4,74.21,87.85,91.96,86.13,88.54,87.37,76.43,Senior,1,Intermediate,1
C03748,Product Designer,Bachelor's,Information Technology,6,5,0,0,8,4,6,64.46,4,67.54,50.33,64.35,69.75,59.11,60.99,65.06,57.79,Mid-Level,2,Beginner,0
C03749,Mobile App Developer,Bachelor's,Electronics,8,14,0,0,11,4,6,61.87,8,78.42,64.09,53.53,76.68,61.57,62.23,64.94,62.38,Senior,2,Beginner,0
C03750,Full Stack Developer,Bachelor's,Software Engineering,10,8,5,0,12,6,7,86.5,8,76.1,80.57,93.48,84.11,78.84,88.62,81.0,79.65,Senior,1,Intermediate,0
C03751,Cloud Engineer,Master's,Software Engineering,12,7,5,0,13,5,6,84.75,6,77.15,82.5,100.0,96.0,97.06,85.29,90.13,83.54,Senior,1,Intermediate,1
C03752,Cybersecurity Analyst,Diploma,Business,6,5,1,1,4,2,6,32.47,7,36.71,48.57,42.73,54.28,38.72,33.51,45.21,37.53,Mid-Level,4,Not Ready,0
C03753,Product Designer,PhD,Information Technology,11,9,1,0,7,4,6,65.28,9,59.41,69.55,78.49,92.97,70.06,65.89,73.9,63.28,Senior,2,Beginner,0
C03754,Frontend Developer,Bachelor's,Software Engineering,7,5,2,0,7,5,6,87.33,10,75.24,66.07,97.93,75.37,81.0,83.31,82.0,73.61,Mid-Level,1,Beginner,0
C03755,Frontend Developer,Bachelor's,Electronics,1,1,2,0,2,1,6,15.48,5,21.04,25.27,45.15,65.38,34.13,26.99,40.0,26.04,Junior,5,Not Ready,0
C03756,DevOps Engineer,Master's,Computer Science,12,13,0,0,13,5,6,87.07,4,82.26,83.66,97.45,89.16,83.62,86.68,86.16,75.97,Senior,1,Intermediate,1
C03757,Data Analyst,Bachelor's,Other,5,5,2,0,11,3,6,49.62,8,47.55,46.42,39.96,74.26,56.49,54.26,54.16,48.63,Mid-Level,3,Not Ready,0
C03758,DevOps Engineer,Master's,Computer Science,3,5,1,0,7,4,6,66.38,8,55.5,38.1,90.7,70.72,70.56,66.5,66.7,57.94,Mid-Level,2,Beginner,0
C03759,Cloud Engineer,Diploma,Information Technology,2,1,3,2,7,3,6,50.34,10,45.63,28.79,80.79,48.82,42.32,49.3,47.37,43.5,Junior,3,Not Ready,0
C03760,Python Developer,Bachelor's,Software Engineering,8,9,1,0,5,5,6,84.38,2,86.7,67.59,90.16,82.05,81.11,88.78,79.34,71.85,Senior,1,Beginner,1
C03761,Full Stack Developer,Bachelor's,Information Technology,0,2,3,0,11,4,7,52.41,7,49.21,18.65,88.35,57.96,48.79,48.86,54.35,48.59,Fresher,3,Not Ready,0
C03762,QA Engineer,Diploma,Computer Science,6,9,0,1,6,4,6,68.9,6,65.15,54.58,63.88,56.94,68.18,63.66,62.03,60.69,Mid-Level,2,Beginner,0
C03763,Frontend Developer,Master's,Electronics,1,5,4,2,6,1,6,17.58,2,19.37,22.99,55.78,77.8,43.95,32.76,42.58,31.72,Junior,5,Not Ready,0
C03764,Mobile App Developer,Bachelor's,Other,10,12,1,1,6,3,6,52.14,4,62.06,64.75,30.04,79.41,58.79,57.78,58.87,52.19,Senior,3,Beginner,1
C03765,Machine Learning Engineer,Diploma,Computer Science,4,3,2,1,9,4,6,69.4,9,50.29,50.59,77.58,52.69,67.15,66.15,60.39,60.75,Mid-Level,2,Beginner,1
C03766,Backend Developer,Master's,Software Engineering,8,14,4,0,5,5,6,81.53,6,84.38,75.02,98.46,89.38,82.72,82.42,83.96,74.41,Senior,1,Beginner,1
C03767,Machine Learning Engineer,Bachelor's,Mathematics,6,7,1,0,11,4,6,65.52,10,66.48,52.1,81.66,66.16,70.62,65.94,64.61,58.43,Mid-Level,2,Beginner,0
C03768,Data Scientist,Bachelor's,Other,5,3,0,1,2,2,6,28.86,5,34.37,36.9,32.55,57.15,37.11,37.81,40.03,27.11,Mid-Level,4,Not Ready,0
C03769,UI/UX Designer,Bachelor's,Other,1,1,3,2,7,2,6,28.96,10,34.03,19.75,25.51,55.78,34.6,37.36,36.47,31.35,Junior,4,Not Ready,0
C03770,Backend Developer,Bachelor's,Computer Science,5,7,5,1,12,4,6,70.35,10,71.45,54.33,88.64,88.59,71.95,75.31,72.77,67.81,Mid-Level,2,Beginner,1
C03771,Product Designer,Master's,Information Technology,14,6,4,0,9,5,6,79.86,8,70.79,83.7,67.09,97.26,87.82,87.92,86.87,76.84,Senior,1,Intermediate,1
C03772,QA Engineer,Master's,Computer Science,2,1,2,1,2,2,6,31.0,8,34.48,26.07,89.45,72.28,48.26,38.99,52.74,39.33,Junior,4,Not Ready,0
C03773,Cloud Engineer,Diploma,Computer Science,5,6,2,0,11,4,6,62.4,6,66.12,48.3,76.22,65.86,71.67,60.56,65.19,63.1,Mid-Level,2,Beginner,0
C03774,Python Developer,Bachelor's,Software Engineering,5,10,2,0,11,4,6,62.53,9,66.85,47.99,95.2,81.71,74.54,65.97,70.97,64.14,Mid-Level,2,Beginner,0
C03775,Data Scientist,Master's,Computer Science,12,11,3,1,11,5,6,79.62,5,88.54,83.02,94.22,92.87,76.94,81.28,82.12,77.72,Senior,1,Intermediate,0
C03776,DevOps Engineer,Bachelor's,Computer Science,5,3,2,1,8,4,6,69.22,2,54.07,50.41,84.95,65.68,64.24,65.37,68.08,63.42,Mid-Level,2,Beginner,0
C03777,Full Stack Developer,Master's,Information Technology,13,8,3,0,13,5,7,74.65,2,64.65,78.87,100.0,94.05,81.95,80.56,81.69,69.57,Senior,2,Beginner,0
C03778,Machine Learning Engineer,Master's,Mathematics,10,15,0,1,12,5,6,82.93,9,87.21,84.65,87.44,90.27,92.38,84.57,87.32,81.8,Senior,1,Intermediate,1
C03779,Frontend Developer,Master's,Software Engineering,4,8,1,0,8,5,6,79.22,3,81.54,50.88,95.89,78.06,71.01,79.98,72.17,64.84,Mid-Level,1,Beginner,1
C03780,Machine Learning Engineer,Bachelor's,Data Science,2,2,3,1,11,3,6,47.56,6,35.01,32.17,92.76,66.63,62.7,47.57,60.52,47.55,Junior,3,Not Ready,0
C03781,Java Developer,Bachelor's,Computer Science,10,13,5,1,10,5,6,86.21,5,92.17,86.65,94.63,96.97,90.47,92.11,92.31,82.66,Senior,1,Intermediate,1
C03782,UI/UX Designer,Bachelor's,Computer Science,6,10,0,0,11,4,6,68.19,10,75.35,51.79,73.66,66.19,65.54,71.44,63.5,62.23,Mid-Level,2,Beginner,1
C03783,Cloud Engineer,Master's,Computer Science,3,5,0,1,9,4,6,64.09,4,61.61,42.5,92.9,64.55,66.85,68.67,65.18,54.71,Mid-Level,2,Beginner,0
C03784,Mobile App Developer,Diploma,Information Technology,5,3,3,1,9,4,6,63.63,9,59.5,48.15,80.58,57.71,60.2,60.36,58.99,57.24,Mid-Level,2,Beginner,0
C03785,Backend Developer,Bachelor's,Information Technology,4,7,5,1,12,5,6,80.95,7,80.56,50.51,85.81,80.86,82.02,77.77,76.72,76.02,Mid-Level,1,Intermediate,1
C03786,QA Engineer,Bachelor's,Information Technology,0,0,1,3,6,2,6,29.23,9,2.53,28.98,77.94,53.16,43.49,36.57,44.13,31.26,Fresher,4,Not Ready,0
C03787,Cloud Engineer,Bachelor's,Information Technology,7,9,1,1,10,5,6,79.05,6,82.66,67.66,86.13,81.68,80.16,81.19,80.62,72.11,Mid-Level,1,Beginner,0
C03788,Product Designer,Bachelor's,Business,4,4,2,0,6,4,6,65.93,6,51.4,48.48,67.96,66.86,65.04,66.01,62.24,56.65,Mid-Level,2,Beginner,0
C03789,Backend Developer,Master's,Software Engineering,3,7,2,1,13,5,6,85.2,9,72.57,40.32,100.0,75.18,77.02,83.57,74.2,71.29,Mid-Level,1,Beginner,1
C03790,UI/UX Designer,Master's,Design,6,10,5,0,10,4,6,70.55,7,64.65,52.59,96.18,93.92,83.61,76.8,79.25,71.83,Mid-Level,2,Beginner,1
C03791,Cybersecurity Analyst,Bachelor's,Computer Science,9,8,0,0,11,5,6,81.78,7,83.6,73.87,92.75,68.38,80.7,78.2,76.39,70.4,Senior,1,Beginner,1
C03792,Cloud Engineer,Bachelor's,Information Technology,11,6,1,0,13,5,6,88.1,9,70.98,83.02,87.43,76.46,86.61,84.29,81.61,79.72,Senior,1,Intermediate,0
C03793,QA Engineer,Bachelor's,Computer Science,11,6,1,0,5,4,6,63.75,5,60.32,70.88,77.77,81.9,73.79,64.58,73.43,64.34,Senior,2,Beginner,0
C03794,Cloud Engineer,Diploma,Information Technology,5,9,3,0,9,4,6,66.32,7,59.95,51.84,84.25,71.94,70.86,66.43,71.39,58.64,Mid-Level,2,Beginner,1
C03795,Product Designer,Bachelor's,Business,12,15,0,1,8,5,6,83.96,3,93.67,78.3,74.12,75.08,83.22,86.4,79.3,71.18,Senior,1,Beginner,1
C03796,UI/UX Designer,Bachelor's,Computer Science,11,11,3,0,10,4,6,67.25,5,76.75,70.61,69.86,90.29,73.68,74.64,75.2,70.26,Senior,2,Beginner,1
C03797,UI/UX Designer,Bachelor's,Other,9,6,5,1,6,3,6,51.44,7,41.56,64.94,27.13,80.24,56.59,55.11,59.97,47.01,Senior,3,Not Ready,1
C03798,Data Analyst,Bachelor's,Computer Science,2,5,1,0,6,3,6,51.11,4,49.19,33.66,85.06,58.82,57.05,49.27,54.66,44.18,Junior,3,Not Ready,0
C03799,DevOps Engineer,Bachelor's,Other,11,12,3,0,11,4,6,71.65,4,64.95,76.32,31.07,89.52,75.74,70.71,75.03,69.63,Senior,2,Beginner,0
C03800,Python Developer,Bachelor's,Other,5,3,0,0,2,2,6,37.48,8,36.86,43.01,30.29,65.21,50.83,39.63,49.01,32.06,Mid-Level,4,Not Ready,0
C03801,Machine Learning Engineer,Bachelor's,Computer Science,2,2,1,1,9,4,6,65.72,3,56.11,33.81,85.28,53.68,57.32,60.83,55.06,53.63,Junior,2,Beginner,0
C03802,QA Engineer,Bachelor's,Information Technology,5,8,0,0,13,5,6,78.71,8,80.49,49.02,83.66,69.44,76.43,73.77,70.38,69.18,Mid-Level,1,Beginner,0
C03803,Backend Developer,Bachelor's,Data Science,9,7,1,0,5,5,6,81.79,9,76.99,74.78,61.65,79.06,76.72,79.16,75.64,75.07,Senior,1,Intermediate,1
C03804,Product Designer,Bachelor's,Information Technology,0,3,0,2,3,1,6,18.16,10,15.08,31.01,61.12,47.23,31.5,24.62,33.23,27.21,Fresher,5,Not Ready,0
C03805,Frontend Developer,Master's,Computer Science,10,15,5,1,12,5,6,88.31,10,89.7,82.92,100.0,93.5,97.58,85.41,95.24,83.43,Senior,1,Intermediate,1
C03806,Data Scientist,Bachelor's,Information Technology,6,6,0,1,12,5,6,88.04,8,73.41,63.22,75.2,71.37,79.73,81.54,75.63,72.11,Mid-Level,1,Beginner,1
C03807,Java Developer,Master's,Computer Science,1,3,3,1,7,4,6,63.23,6,55.11,31.75,100.0,66.26,71.61,65.89,63.34,60.58,Junior,2,Beginner,1
C03808,Full Stack Developer,Master's,Other,14,5,1,0,7,4,7,55.66,5,57.86,70.79,41.96,78.16,71.4,60.29,66.89,55.6,Senior,3,Beginner,0
C03809,Cloud Engineer,Bachelor's,Software Engineering,11,7,3,1,5,4,6,68.76,4,63.46,76.25,91.99,78.65,72.35,75.38,77.1,67.45,Senior,2,Beginner,0
C03810,QA Engineer,Master's,Information Technology,7,6,4,0,8,4,6,65.93,9,55.88,56.65,93.06,85.83,77.13,74.23,72.4,64.3,Mid-Level,2,Beginner,1
C03811,Product Designer,Master's,Other,10,9,3,0,9,3,6,51.28,3,45.61,64.57,42.87,98.81,64.77,63.43,66.43,53.72,Senior,3,Beginner,0
C03812,Python Developer,Bachelor's,Information Technology,10,13,3,0,8,4,6,61.72,5,68.66,74.91,90.16,93.7,67.63,65.84,77.63,66.77,Senior,2,Beginner,1
C03813,Mobile App Developer,Bachelor's,Information Technology,0,3,0,3,7,2,6,35.97,7,27.83,32.2,94.45,57.96,41.99,38.17,48.11,36.7,Fresher,4,Not Ready,0
C03814,Product Designer,Diploma,Business,5,4,3,0,4,4,6,69.73,8,60.01,55.55,61.3,55.97,57.9,65.91,60.2,56.84,Mid-Level,2,Beginner,0
C03815,Machine Learning Engineer,Diploma,Mathematics,6,10,1,1,12,4,6,70.1,8,66.11,56.02,72.03,68.79,67.5,65.65,69.89,64.84,Mid-Level,2,Beginner,0
C03816,Python Developer,PhD,Information Technology,15,13,0,1,6,5,6,85.88,8,83.11,82.75,98.25,89.49,81.31,81.78,88.92,76.33,Senior,1,Intermediate,1
C03817,Full Stack Developer,Master's,Computer Science,1,2,1,0,9,3,7,47.48,9,44.01,30.54,96.06,68.75,58.14,52.03,56.09,43.5,Junior,4,Not Ready,0
C03818,Frontend Developer,Master's,Software Engineering,5,10,1,1,6,4,6,64.57,2,69.08,45.09,100.0,82.32,75.45,64.93,70.83,59.66,Mid-Level,2,Beginner,1
C03819,QA Engineer,Bachelor's,Software Engineering,2,3,1,2,5,4,6,65.38,4,51.52,36.4,86.54,56.67,54.46,65.29,59.46,48.71,Junior,2,Not Ready,0
C03820,DevOps Engineer,Master's,Computer Science,10,11,4,0,12,5,6,85.3,6,78.85,87.07,97.52,100.0,87.32,91.28,90.45,80.35,Senior,1,Intermediate,1
C03821,Backend Developer,Master's,Information Technology,12,7,2,0,8,5,6,79.93,3,81.44,76.14,96.1,94.42,78.9,82.44,86.61,79.06,Senior,1,Intermediate,1
C03822,UI/UX Designer,Bachelor's,Computer Science,10,13,3,0,5,4,6,64.52,3,69.65,71.77,68.78,85.02,70.4,67.41,72.55,62.33,Senior,2,Beginner,0
C03823,Data Scientist,Master's,Data Science,4,7,0,1,12,4,6,68.89,3,70.62,40.74,95.35,66.43,70.86,73.05,68.7,61.3,Mid-Level,2,Beginner,0
C03824,Java Developer,Bachelor's,Software Engineering,6,7,2,0,7,4,6,63.89,9,59.62,56.76,96.68,76.81,62.08,61.85,67.18,59.31,Mid-Level,2,Beginner,1
C03825,Frontend Developer,Diploma,Software Engineering,0,2,2,0,10,3,6,48.47,9,44.01,20.38,81.01,54.72,53.54,45.76,52.43,46.16,Fresher,3,Not Ready,0
C03826,UI/UX Designer,Bachelor's,Design,9,14,1,0,8,5,6,84.51,10,93.51,76.24,90.67,88.49,81.58,88.44,81.16,73.19,Senior,1,Beginner,1
C03827,Cloud Engineer,Master's,Computer Science,2,2,0,2,3,3,6,46.31,4,38.58,28.92,95.03,56.39,48.64,50.34,49.39,43.06,Junior,3,Not Ready,0
C03828,Product Designer,Bachelor's,Business,6,10,0,1,4,4,6,64.1,6,70.41,57.58,71.77,80.38,70.1,72.18,72.28,60.06,Mid-Level,2,Beginner,0
C03829,Java Developer,Bachelor's,Information Technology,6,3,3,1,8,4,6,66.81,8,50.4,59.45,93.53,64.92,70.68,65.29,69.39,63.45,Mid-Level,2,Beginner,0
C03830,QA Engineer,Bachelor's,Business,4,9,1,1,9,4,6,65.79,10,69.85,40.57,64.65,70.71,73.69,69.17,67.71,53.25,Mid-Level,2,Beginner,0
C03831,Data Scientist,Master's,Mathematics,7,6,1,0,10,4,6,62.19,9,62.96,58.66,84.08,81.34,71.38,63.94,71.53,56.78,Mid-Level,2,Beginner,0
C03832,Cybersecurity Analyst,Bachelor's,Electronics,2,1,2,2,7,3,6,50.5,5,47.39,36.25,66.26,67.25,58.79,49.44,55.92,44.74,Junior,3,Not Ready,0
C03833,Data Scientist,Bachelor's,Computer Science,10,12,1,1,6,5,6,80.15,5,80.63,83.23,80.29,79.91,83.22,81.64,78.73,73.42,Senior,1,Beginner,1
C03834,Cybersecurity Analyst,Master's,Information Technology,1,2,4,1,5,3,6,52.5,7,47.85,27.42,100.0,66.6,62.37,51.58,58.99,54.05,Junior,3,Beginner,0
C03835,Data Scientist,Master's,Data Science,4,4,0,1,8,5,6,80.12,6,66.2,52.73,100.0,67.95,76.78,78.07,71.38,68.84,Mid-Level,1,Beginner,1
C03836,Python Developer,Master's,Computer Science,14,5,3,1,5,5,6,83.38,2,73.8,80.67,99.0,80.85,87.51,82.36,85.37,79.71,Senior,1,Intermediate,1
C03837,QA Engineer,Master's,Software Engineering,13,12,4,0,5,5,6,83.87,7,80.58,82.06,95.89,89.63,89.92,82.77,90.27,79.54,Senior,1,Intermediate,1
C03838,UI/UX Designer,Bachelor's,Design,0,2,2,3,3,2,6,29.15,3,22.57,18.11,92.68,52.78,37.61,32.53,42.69,30.62,Fresher,4,Not Ready,0
C03839,Backend Developer,Bachelor's,Software Engineering,11,9,2,0,12,4,6,67.26,9,64.72,79.12,99.24,86.7,79.32,72.59,77.21,72.56,Senior,2,Beginner,1
C03840,Cybersecurity Analyst,Bachelor's,Computer Science,0,3,1,1,9,2,6,33.5,9,28.5,23.07,91.94,64.85,43.77,41.99,50.2,34.23,Fresher,4,Not Ready,0
C03841,Product Designer,Bachelor's,Design,7,8,2,0,10,3,6,52.44,5,46.98,54.85,90.51,76.05,64.95,53.23,63.43,54.58,Mid-Level,3,Beginner,0
C03842,Data Analyst,Master's,Information Technology,7,3,0,0,13,5,6,80.51,10,72.71,67.24,91.55,77.82,78.92,78.67,80.67,67.27,Mid-Level,1,Beginner,1
C03843,Frontend Developer,Bachelor's,Computer Science,0,0,0,2,5,2,6,38.19,3,6.97,16.26,92.08,46.85,37.55,40.65,40.65,33.78,Fresher,4,Not Ready,0
C03844,Python Developer,Bachelor's,Computer Science,7,4,1,0,3,3,6,50.33,10,51.43,53.47,90.99,75.61,55.59,53.98,62.9,50.86,Mid-Level,3,Beginner,0
C03845,Backend Developer,Bachelor's,Computer Science,2,1,5,1,11,3,6,50.32,9,42.3,32.57,94.84,72.17,54.48,50.76,59.22,55.26,Junior,3,Beginner,0
C03846,Backend Developer,Bachelor's,Software Engineering,4,3,1,1,10,4,6,63.09,7,61.69,43.03,95.33,64.45,59.49,62.64,63.48,54.5,Mid-Level,2,Beginner,0
C03847,Frontend Developer,Bachelor's,Electronics,7,10,0,1,10,3,6,49.95,9,50.13,53.17,52.37,77.01,54.49,56.67,57.82,45.89,Mid-Level,3,Not Ready,0
C03848,Product Designer,Bachelor's,Information Technology,9,15,4,0,5,5,6,79.38,2,90.63,78.33,58.23,92.22,81.59,80.51,82.26,76.64,Senior,1,Intermediate,1
C03849,Product Designer,Bachelor's,Business,3,6,5,0,4,3,6,51.2,3,42.83,37.78,68.21,74.89,66.76,57.55,62.92,51.13,Mid-Level,3,Beginner,0
C03850,Machine Learning Engineer,Bachelor's,Computer Science,3,6,5,0,8,4,6,68.48,5,65.54,43.13,85.28,78.4,73.35,68.44,69.58,66.63,Mid-Level,2,Beginner,1
C03851,Python Developer,Bachelor's,Software Engineering,10,14,0,1,12,5,6,86.65,8,88.42,83.77,97.75,75.67,81.13,83.27,82.2,76.08,Senior,1,Intermediate,1
C03852,Frontend Developer,Diploma,Electronics,3,5,1,0,2,2,6,38.13,4,41.98,38.03,38.98,60.91,40.56,47.16,41.76,34.14,Mid-Level,4,Not Ready,0
C03853,Data Scientist,Diploma,Data Science,7,3,3,1,11,5,6,88.28,4,75.94,71.78,85.15,57.79,83.17,80.7,78.76,78.91,Mid-Level,1,Intermediate,0
C03854,Full Stack Developer,Master's,Software Engineering,7,8,2,1,12,5,7,74.76,4,73.26,64.4,96.62,77.87,81.92,71.04,80.88,70.25,Mid-Level,2,Beginner,0
C03855,UI/UX Designer,Master's,Design,2,6,2,0,10,3,6,52.7,2,46.07,34.07,100.0,80.23,57.36,54.78,62.74,50.32,Junior,3,Beginner,0
C03856,Frontend Developer,Bachelor's,Software Engineering,5,8,5,1,6,5,6,79.94,7,74.11,49.54,96.71,87.28,79.91,79.99,78.32,71.16,Mid-Level,1,Beginner,1
C03857,DevOps Engineer,Master's,Software Engineering,14,7,3,0,6,5,6,79.04,6,80.58,76.07,100.0,84.67,76.52,76.88,82.42,80.78,Senior,1,Intermediate,1
C03858,Product Designer,Bachelor's,Computer Science,2,2,2,0,6,3,6,51.01,8,40.75,32.74,57.26,60.25,46.93,48.08,48.83,43.85,Junior,3,Not Ready,0
C03859,Mobile App Developer,Diploma,Computer Science,4,5,2,0,9,4,6,71.15,4,57.84,47.82,75.15,55.22,65.85,64.47,65.65,64.68,Mid-Level,2,Beginner,0
C03860,Product Designer,Master's,Computer Science,9,15,5,0,9,5,6,82.57,4,82.5,73.76,66.15,99.66,85.33,87.53,83.86,81.18,Senior,1,Intermediate,0
C03861,Product Designer,Bachelor's,Information Technology,12,8,3,1,7,5,6,78.97,5,71.74,83.22,62.02,84.94,78.99,77.94,77.81,77.27,Senior,1,Intermediate,0
C03862,Machine Learning Engineer,Bachelor's,Mathematics,6,3,5,1,9,3,6,45.34,10,41.83,45.57,81.96,70.52,52.02,46.28,55.32,49.32,Mid-Level,3,Not Ready,0
C03863,Mobile App Developer,Master's,Information Technology,8,6,4,1,12,5,6,84.32,6,82.04,69.03,95.88,93.84,93.29,83.15,85.45,83.55,Senior,1,Intermediate,0
C03864,Frontend Developer,Master's,Other,5,6,5,1,6,2,6,36.74,2,34.45,40.1,42.89,79.63,57.3,41.82,56.28,42.27,Mid-Level,4,Not Ready,0
C03865,Data Scientist,Bachelor's,Mathematics,1,6,3,2,8,2,6,36.9,3,30.42,28.42,74.68,62.27,43.92,46.07,48.08,41.54,Junior,4,Not Ready,0
C03866,DevOps Engineer,Bachelor's,Electronics,11,13,1,1,4,4,6,68.52,10,67.28,78.8,54.39,79.07,74.02,69.4,73.62,69.89,Senior,2,Beginner,1
C03867,Data Scientist,PhD,Data Science,9,11,2,1,13,5,6,83.15,2,79.47,80.26,100.0,91.2,79.5,86.09,87.01,82.39,Senior,1,Intermediate,1
C03868,Cybersecurity Analyst,Master's,Information Technology,2,5,2,2,6,3,6,54.63,4,43.31,35.32,100.0,70.39,63.97,58.5,60.7,55.14,Junior,3,Beginner,0
C03869,QA Engineer,Bachelor's,Other,2,3,5,2,6,1,6,16.46,7,20.62,28.48,31.86,77.32,46.77,29.73,44.9,31.73,Junior,5,Not Ready,0
C03870,Mobile App Developer,Master's,Information Technology,12,14,4,1,7,5,6,80.03,3,93.83,78.03,97.21,90.62,83.52,79.88,86.41,79.01,Senior,1,Intermediate,0
C03871,Cloud Engineer,Bachelor's,Computer Science,12,5,4,1,8,5,6,82.04,6,67.96,78.69,89.61,78.9,78.52,77.37,78.57,79.75,Senior,1,Intermediate,0
C03872,Cybersecurity Analyst,Diploma,Business,1,3,0,0,9,1,6,13.24,10,19.14,19.66,35.42,47.45,34.23,18.34,31.81,16.78,Junior,5,Not Ready,0
C03873,Machine Learning Engineer,Bachelor's,Information Technology,1,3,0,0,9,3,6,54.8,10,51.18,24.63,85.82,56.91,60.32,50.6,54.89,43.1,Junior,3,Not Ready,0
C03874,Product Designer,Diploma,Other,6,6,1,1,6,2,6,29.83,8,43.22,45.43,20.16,58.24,41.72,30.58,40.73,35.34,Mid-Level,4,Not Ready,0
C03875,Backend Developer,Bachelor's,Data Science,2,1,2,0,7,3,6,51.36,6,36.45,30.41,63.62,60.21,52.54,57.05,54.36,41.44,Junior,3,Not Ready,0
C03876,Product Designer,Diploma,Design,5,10,2,1,13,5,6,79.65,9,76.14,57.06,86.07,63.53,67.03,72.2,66.87,64.55,Mid-Level,1,Beginner,1
C03877,QA Engineer,Diploma,Software Engineering,5,8,4,0,11,5,6,84.61,3,71.19,59.41,75.96,68.66,75.25,78.91,73.67,69.21,Mid-Level,1,Beginner,1
C03878,Cloud Engineer,Bachelor's,Information Technology,5,5,1,1,12,4,6,62.65,10,64.83,50.1,91.03,61.03,63.89,62.27,63.43,57.44,Mid-Level,2,Beginner,0
C03879,Python Developer,Bachelor's,Information Technology,6,6,5,1,11,4,6,67.79,5,59.13,55.35,87.69,84.48,75.54,74.94,75.64,61.9,Mid-Level,2,Beginner,1
C03880,Full Stack Developer,Bachelor's,Information Technology,0,1,1,2,4,4,7,56.71,2,50.73,13.78,94.67,47.37,49.99,50.29,47.75,51.26,Fresher,3,Beginner,0
C03881,Cybersecurity Analyst,Bachelor's,Electronics,10,12,4,1,10,4,6,67.62,9,65.8,73.88,68.78,93.82,71.38,68.89,76.82,68.88,Senior,2,Beginner,0
C03882,Python Developer,Diploma,Data Science,6,5,3,0,9,3,6,52.17,7,41.74,51.85,76.37,70.37,57.77,51.03,62.36,52.03,Mid-Level,3,Beginner,0
C03883,Data Analyst,Master's,Information Technology,9,15,5,0,7,5,6,82.95,8,89.81,77.02,91.7,99.87,94.5,87.05,89.75,84.73,Senior,1,Intermediate,1
C03884,QA Engineer,Diploma,Computer Science,2,1,4,2,10,3,6,53.72,3,43.79,27.68,69.73,60.05,53.28,50.22,54.84,44.81,Junior,3,Not Ready,0
C03885,Cloud Engineer,Bachelor's,Software Engineering,7,6,4,0,10,4,6,64.32,8,57.03,55.65,86.1,87.39,80.31,73.61,76.97,68.51,Mid-Level,2,Beginner,1
C03886,DevOps Engineer,PhD,Electronics,7,10,5,0,2,2,6,31.57,3,43.01,48.11,66.08,100.0,62.12,41.12,60.96,51.37,Mid-Level,4,Beginner,0
C03887,Cloud Engineer,Bachelor's,Software Engineering,10,14,1,0,8,5,6,82.43,8,83.09,84.37,93.71,82.36,89.32,86.69,86.82,82.75,Senior,1,Intermediate,0
C03888,Data Analyst,Bachelor's,Computer Science,10,13,2,0,10,5,6,78.94,6,90.98,79.62,81.22,81.75,79.34,77.65,82.05,81.06,Senior,1,Intermediate,1
C03889,DevOps Engineer,Bachelor's,Other,9,6,1,0,8,3,6,50.22,7,45.11,59.89,33.98,77.27,65.83,56.59,58.19,50.2,Senior,3,Beginner,1
C03890,Frontend Developer,Bachelor's,Software Engineering,11,13,2,1,8,5,6,88.2,3,84.73,83.88,90.25,88.56,94.61,92.65,91.91,83.74,Senior,1,Intermediate,0
C03891,Full Stack Developer,Diploma,Information Technology,4,7,0,1,13,6,7,87.61,5,78.56,48.12,76.04,57.38,81.88,77.52,69.46,70.13,Mid-Level,1,Beginner,0
C03892,Java Developer,Bachelor's,Computer Science,7,7,3,1,9,4,6,67.5,8,70.3,62.21,90.3,74.89,73.87,70.47,70.73,69.04,Mid-Level,2,Beginner,1
C03893,Mobile App Developer,Bachelor's,Software Engineering,9,15,5,0,13,5,6,87.43,9,93.83,82.51,98.1,85.81,84.58,82.5,84.99,84.12,Senior,1,Intermediate,1
C03894,Frontend Developer,Bachelor's,Software Engineering,6,5,4,0,6,4,6,67.7,3,65.88,59.66,93.01,73.91,76.89,64.22,73.13,72.81,Mid-Level,2,Beginner,1
C03895,Backend Developer,Bachelor's,Software Engineering,10,15,2,0,11,5,6,78.87,3,82.68,84.73,91.76,91.64,81.06,84.79,83.05,74.34,Senior,1,Beginner,0
C03896,Product Designer,Bachelor's,Design,5,4,1,0,7,4,6,71.56,2,60.39,50.2,92.64,68.88,73.71,74.89,72.78,66.5,Mid-Level,2,Beginner,0
C03897,Data Analyst,Bachelor's,Information Technology,3,5,2,0,8,4,6,63.85,4,60.95,43.31,77.08,65.17,69.26,62.88,65.36,55.27,Mid-Level,2,Beginner,1
C03898,DevOps Engineer,Bachelor's,Information Technology,11,8,0,0,6,4,6,66.95,3,70.46,70.63,92.56,76.87,76.55,70.43,72.3,64.77,Senior,2,Beginner,1
C03899,Python Developer,Bachelor's,Software Engineering,9,15,2,1,6,5,6,80.36,4,87.47,74.5,98.12,80.45,83.61,76.08,84.09,81.92,Senior,1,Intermediate,1
C03900,Product Designer,Bachelor's,Information Technology,12,5,0,1,10,5,6,80.57,5,66.61,85.1,58.85,72.58,77.86,80.89,76.85,65.29,Senior,1,Beginner,1
C03901,Mobile App Developer,Bachelor's,Software Engineering,11,5,0,1,8,5,6,83.53,6,80.57,82.77,94.64,76.98,86.25,83.71,81.33,75.42,Senior,1,Intermediate,1
C03902,Machine Learning Engineer,Bachelor's,Information Technology,1,1,2,2,11,4,6,67.52,3,47.47,30.93,82.59,62.34,71.32,71.16,65.55,55.19,Junior,2,Beginner,0
C03903,QA Engineer,Bachelor's,Computer Science,12,13,5,0,5,4,6,64.08,10,65.43,73.74,78.5,99.97,85.48,76.2,83.92,72.62,Senior,2,Beginner,1
C03904,Machine Learning Engineer,Bachelor's,Mathematics,8,7,0,1,13,5,6,87.9,4,80.86,77.96,80.4,79.84,84.31,87.77,84.6,75.11,Senior,1,Intermediate,0
C03905,QA Engineer,Diploma,Software Engineering,7,10,3,1,6,4,6,68.51,4,62.2,64.67,71.03,71.36,66.88,71.85,67.98,67.28,Mid-Level,2,Beginner,1
C03906,Cybersecurity Analyst,Master's,Information Technology,9,6,4,0,11,5,6,81.61,2,73.47,78.65,100.0,93.86,83.24,84.38,85.36,76.32,Senior,1,Intermediate,1
C03907,DevOps Engineer,PhD,Computer Science,4,5,3,1,9,4,6,64.1,5,65.5,43.15,100.0,88.0,70.42,67.8,69.54,58.44,Mid-Level,2,Beginner,0
C03908,UI/UX Designer,Bachelor's,Computer Science,1,3,5,0,10,2,6,30.23,5,25.98,20.1,67.53,66.12,52.33,38.36,48.52,40.78,Junior,4,Not Ready,0
C03909,DevOps Engineer,Master's,Software Engineering,1,3,4,1,6,3,6,54.28,4,39.47,23.7,97.75,78.4,63.11,63.18,61.75,50.61,Junior,3,Beginner,0
C03910,DevOps Engineer,Bachelor's,Software Engineering,6,6,3,1,10,4,6,67.97,6,57.6,55.9,90.54,83.22,80.4,70.89,72.48,68.77,Mid-Level,2,Beginner,1
C03911,Machine Learning Engineer,Bachelor's,Data Science,6,7,1,0,7,4,6,68.03,2,61.77,56.86,99.27,74.84,68.75,64.78,72.79,65.45,Mid-Level,2,Beginner,1
C03912,QA Engineer,Bachelor's,Software Engineering,8,11,4,0,7,5,6,85.46,3,85.7,73.43,89.04,81.23,85.66,85.74,80.42,79.21,Senior,1,Intermediate,1
C03913,Java Developer,Master's,Electronics,12,12,0,0,4,4,6,62.83,10,73.07,71.31,60.96,79.95,64.87,63.03,70.54,57.38,Senior,2,Beginner,0
C03914,Product Designer,Bachelor's,Business,10,10,5,1,7,4,6,61.91,10,66.32,71.84,68.05,99.06,68.97,64.72,73.6,69.93,Senior,2,Beginner,1
C03915,Python Developer,PhD,Data Science,14,7,2,0,5,5,6,85.81,9,77.47,84.42,100.0,93.88,82.01,88.59,89.39,77.66,Senior,1,Intermediate,0
C03916,Python Developer,Diploma,Data Science,0,3,0,1,11,3,6,51.64,6,50.52,18.64,78.32,47.79,42.91,50.51,48.84,39.81,Fresher,3,Not Ready,0
C03917,QA Engineer,Bachelor's,Information Technology,12,10,1,0,9,5,6,84.16,4,83.61,82.95,79.37,90.89,94.17,87.58,85.65,77.04,Senior,1,Intermediate,1
C03918,Product Designer,Bachelor's,Other,0,3,2,2,8,1,6,20.28,6,10.4,27.51,29.34,66.32,40.45,26.22,41.14,25.9,Fresher,5,Not Ready,0
C03919,Backend Developer,Bachelor's,Software Engineering,0,2,3,3,6,2,6,37.04,10,28.45,15.28,95.83,62.2,42.67,39.33,46.03,33.86,Fresher,4,Not Ready,0
C03920,Cybersecurity Analyst,Bachelor's,Computer Science,12,13,2,1,6,4,6,71.35,4,71.67,74.78,89.04,86.2,78.82,73.5,78.58,72.84,Senior,2,Beginner,1
C03921,Data Analyst,Master's,Data Science,13,12,4,0,6,5,6,78.4,6,86.8,80.19,99.64,98.41,90.29,84.7,86.04,83.45,Senior,1,Intermediate,0
C03922,DevOps Engineer,Diploma,Information Technology,2,4,2,1,9,4,6,66.6,3,62.45,39.77,80.02,61.98,61.25,64.53,61.01,53.53,Junior,2,Beginner,0
C03923,Machine Learning Engineer,Master's,Mathematics,7,4,4,0,7,5,6,78.48,9,77.29,61.31,90.03,83.48,85.99,78.82,83.13,75.47,Mid-Level,1,Intermediate,1
C03924,Cybersecurity Analyst,Bachelor's,Computer Science,3,4,0,0,11,4,6,67.44,2,59.6,43.62,90.38,57.57,64.3,67.27,61.17,61.83,Mid-Level,2,Beginner,0
C03925,Python Developer,Diploma,Data Science,4,5,5,1,11,5,6,86.27,7,72.99,46.54,79.94,69.09,74.12,82.23,74.91,74.19,Mid-Level,1,Beginner,1
C03926,Data Scientist,Bachelor's,Other,12,9,4,0,11,3,6,45.4,5,55.7,61.97,33.63,97.45,68.42,60.22,65.97,48.63,Senior,3,Not Ready,0
C03927,Frontend Developer,Master's,Computer Science,12,10,4,0,8,5,6,81.31,7,84.67,76.96,97.85,100.0,85.76,85.56,89.74,82.16,Senior,1,Intermediate,1
C03928,Data Analyst,Master's,Other,7,8,3,0,6,3,6,52.04,6,57.85,53.25,48.44,94.37,61.42,65.37,63.26,52.4,Mid-Level,3,Beginner,0
C03929,Python Developer,Bachelor's,Computer Science,6,8,4,1,8,4,6,68.72,2,57.45,55.57,89.5,79.35,73.71,67.39,71.67,67.49,Mid-Level,2,Beginner,1
C03930,Data Analyst,Bachelor's,Data Science,7,10,1,0,5,4,6,70.64,8,68.4,66.35,94.94,80.68,79.55,74.12,75.49,65.99,Mid-Level,2,Beginner,0
C03931,Python Developer,Bachelor's,Information Technology,10,11,5,1,11,4,6,70.51,6,75.99,78.74,89.61,89.85,78.31,73.77,81.38,74.7,Senior,2,Beginner,1
C03932,Data Scientist,Bachelor's,Data Science,0,3,3,3,7,3,6,45.12,10,41.0,17.98,94.48,64.33,52.19,46.52,50.08,40.93,Fresher,3,Not Ready,0
C03933,Cloud Engineer,Master's,Computer Science,11,9,5,0,5,5,6,86.25,10,76.6,85.68,96.68,100.0,98.01,87.99,92.05,85.31,Senior,1,Intermediate,0
C03934,DevOps Engineer,Bachelor's,Electronics,5,5,4,1,9,3,6,49.37,5,43.75,42.18,47.5,82.27,70.29,56.29,59.04,52.61,Mid-Level,3,Beginner,0
C03935,Mobile App Developer,Master's,Software Engineering,5,7,5,1,6,4,6,67.87,4,56.04,52.46,100.0,91.55,78.35,74.61,78.15,63.17,Mid-Level,2,Beginner,0
C03936,Python Developer,Bachelor's,Data Science,6,8,2,0,11,4,6,70.86,5,65.38,60.91,86.79,83.66,78.3,70.08,78.72,71.51,Mid-Level,2,Beginner,0
C03937,Cloud Engineer,Bachelor's,Information Technology,3,3,5,0,7,4,6,63.56,3,58.44,34.53,94.63,80.6,76.76,70.54,69.14,61.63,Mid-Level,2,Beginner,0
C03938,Mobile App Developer,Master's,Software Engineering,14,9,0,0,7,4,6,64.41,7,66.23,74.67,100.0,86.64,66.72,72.63,75.88,69.41,Senior,2,Beginner,0
C03939,Product Designer,Bachelor's,Computer Science,11,14,1,0,5,4,6,64.39,3,66.41,75.47,59.4,78.9,70.04,66.88,70.79,59.66,Senior,2,Beginner,0
C03940,Mobile App Developer,Bachelor's,Information Technology,12,10,5,0,10,5,6,79.81,6,88.08,82.52,94.35,91.85,86.64,83.24,85.74,79.96,Senior,1,Intermediate,1
C03941,Python Developer,Bachelor's,Software Engineering,6,3,2,1,5,5,6,82.18,6,65.12,59.18,90.13,65.22,72.56,76.21,73.87,70.54,Mid-Level,1,Beginner,1
C03942,UI/UX Designer,Bachelor's,Design,3,9,1,1,5,5,6,80.15,9,81.1,38.71,90.77,70.43,69.94,76.27,69.04,68.21,Mid-Level,1,Beginner,0
C03943,Python Developer,Bachelor's,Data Science,1,4,3,2,4,3,6,53.05,9,51.31,26.99,89.89,64.43,60.83,50.91,54.85,49.47,Junior,3,Not Ready,1
C03944,Frontend Developer,Diploma,Software Engineering,5,4,5,1,12,4,6,68.18,9,58.64,47.93,81.15,64.02,61.15,67.03,66.37,63.71,Mid-Level,2,Beginner,1
C03945,Data Analyst,PhD,Information Technology,11,13,2,0,6,5,6,87.61,2,89.35,85.94,99.59,100.0,98.82,92.68,94.83,84.37,Senior,1,Intermediate,0
C03946,Machine Learning Engineer,Master's,Computer Science,9,13,1,1,9,5,6,84.68,6,78.62,75.07,97.48,92.63,85.17,86.72,88.62,74.33,Senior,1,Beginner,1
C03947,Backend Developer,Master's,Software Engineering,6,8,5,1,12,4,6,69.86,4,69.93,53.82,100.0,90.18,81.09,72.83,75.77,66.74,Mid-Level,2,Beginner,1
C03948,Java Developer,Bachelor's,Computer Science,8,11,2,0,8,5,6,82.5,5,80.19,70.73,92.14,86.12,76.16,78.32,81.38,79.38,Senior,1,Intermediate,0
C03949,Mobile App Developer,Bachelor's,Computer Science,11,5,1,0,9,5,6,79.11,4,80.26,77.91,88.1,79.19,74.34,76.53,76.28,77.94,Senior,1,Intermediate,1
C03950,DevOps Engineer,PhD,Computer Science,8,8,3,1,5,4,6,70.62,4,66.61,66.68,98.51,89.17,80.2,75.5,77.33,74.5,Senior,2,Beginner,1
C03951,Backend Developer,Bachelor's,Information Technology,4,5,1,1,13,5,6,82.17,6,75.16,50.7,94.48,69.31,73.0,81.28,72.54,72.57,Mid-Level,1,Beginner,0
C03952,Product Designer,Bachelor's,Design,0,1,0,0,3,2,6,29.82,3,33.69,26.74,99.25,45.15,33.42,37.53,38.85,35.85,Fresher,4,Not Ready,0
C03953,Cloud Engineer,PhD,Computer Science,4,7,4,0,8,3,6,52.02,9,47.73,37.09,100.0,88.87,64.76,59.76,69.1,59.63,Mid-Level,3,Beginner,0
C03954,Machine Learning Engineer,Master's,Information Technology,4,6,1,0,7,4,6,68.34,4,56.7,47.53,92.46,75.51,68.24,72.49,72.03,60.44,Mid-Level,2,Beginner,0
C03955,Frontend Developer,Bachelor's,Other,8,9,5,0,8,3,6,53.87,7,60.35,63.13,32.2,89.83,74.97,63.49,66.32,53.65,Senior,3,Beginner,0
C03956,Frontend Developer,Master's,Electronics,10,5,2,0,9,4,6,63.81,2,59.65,75.39,61.14,80.85,73.71,68.13,72.42,64.97,Senior,2,Beginner,1
C03957,Java Developer,Bachelor's,Electronics,10,9,0,0,4,3,6,52.44,5,48.32,72.56,51.61,70.66,67.4,51.38,60.74,57.34,Senior,3,Beginner,1
C03958,Python Developer,Diploma,Other,4,9,4,1,7,3,6,46.11,8,59.27,37.23,19.81,76.7,62.16,53.46,56.2,50.09,Mid-Level,3,Beginner,0
C03959,Mobile App Developer,Master's,Information Technology,9,7,2,1,7,5,6,88.06,2,81.32,80.46,98.21,85.63,80.95,91.45,87.48,82.45,Senior,1,Intermediate,1
C03960,Machine Learning Engineer,Bachelor's,Mathematics,7,4,4,0,4,4,6,61.87,9,67.04,59.5,83.61,70.7,61.04,63.15,66.46,65.12,Mid-Level,2,Beginner,0
C03961,UI/UX Designer,Bachelor's,Information Technology,6,4,3,1,4,4,6,68.87,6,66.61,52.42,68.75,81.16,69.05,76.24,70.71,63.64,Mid-Level,2,Beginner,1
C03962,UI/UX Designer,Diploma,Design,2,2,1,0,6,4,6,65.99,4,57.29,32.41,89.32,53.22,60.41,60.57,60.82,56.67,Junior,2,Beginner,0
C03963,Machine Learning Engineer,Bachelor's,Mathematics,11,9,1,0,6,4,6,65.83,2,71.72,77.38,83.58,78.39,70.97,70.75,71.68,67.93,Senior,2,Beginner,1
C03964,QA Engineer,Master's,Computer Science,9,8,3,1,10,4,6,67.08,2,68.55,67.71,87.3,81.72,76.04,74.1,76.88,69.31,Senior,2,Beginner,1
C03965,Data Analyst,Bachelor's,Information Technology,5,10,5,1,10,3,6,54.46,4,56.33,41.78,78.91,85.3,58.85,58.87,66.52,52.41,Mid-Level,3,Beginner,0
C03966,Data Analyst,Bachelor's,Business,12,13,0,0,10,4,6,63.69,7,78.69,78.17,72.84,72.01,66.33,70.35,71.38,68.09,Senior,2,Beginner,1
C03967,Mobile App Developer,Master's,Electronics,1,1,1,1,1,1,6,18.59,10,19.88,19.32,55.41,58.18,40.1,29.31,38.6,29.03,Junior,5,Not Ready,0
C03968,Product Designer,Master's,Design,13,12,4,0,12,5,6,80.75,7,77.3,81.27,97.84,100.0,88.59,81.39,92.27,77.85,Senior,1,Intermediate,1
C03969,Mobile App Developer,Master's,Software Engineering,10,10,1,1,4,4,6,68.62,4,73.86,73.27,99.45,92.85,79.03,70.44,83.76,74.6,Senior,2,Beginner,1
C03970,Cloud Engineer,Diploma,Software Engineering,1,1,2,2,8,3,6,45.66,2,47.77,24.72,84.98,52.92,41.62,45.81,44.91,39.1,Junior,3,Not Ready,0
C03971,Cloud Engineer,Master's,Information Technology,2,5,1,1,4,3,6,47.71,7,51.28,26.69,98.61,63.15,47.94,50.15,50.96,49.46,Junior,3,Not Ready,0
C03972,Data Scientist,Bachelor's,Computer Science,0,1,3,3,10,3,6,54.85,3,34.55,18.64,86.68,60.53,52.59,52.59,51.92,41.64,Fresher,3,Not Ready,0
C03973,DevOps Engineer,Bachelor's,Software Engineering,11,6,1,1,7,5,6,78.34,2,69.68,77.97,93.43,83.6,86.43,75.94,85.52,75.13,Senior,1,Intermediate,0
C03974,UI/UX Designer,Master's,Computer Science,7,6,5,0,6,4,6,68.34,4,66.68,56.4,81.6,86.18,82.52,69.15,75.72,66.89,Mid-Level,2,Beginner,1
C03975,Cybersecurity Analyst,Bachelor's,Information Technology,2,4,4,2,8,3,6,53.75,2,46.25,31.55,96.52,76.92,65.62,54.29,63.32,57.14,Junior,3,Beginner,0
C03976,Data Scientist,Master's,Data Science,14,11,2,1,12,5,6,81.18,6,75.97,77.64,99.96,93.9,92.68,87.94,89.22,78.53,Senior,1,Intermediate,1
C03977,Java Developer,Bachelor's,Other,7,4,0,1,3,3,6,47.9,9,38.22,56.86,29.39,71.88,59.15,49.26,53.84,48.83,Mid-Level,3,Not Ready,0
C03978,Data Scientist,Bachelor's,Other,3,6,1,1,6,3,6,50.67,5,48.81,34.66,37.35,68.51,50.17,57.48,54.26,47.26,Mid-Level,3,Not Ready,0
C03979,Cybersecurity Analyst,Bachelor's,Computer Science,3,10,0,1,11,4,6,66.24,3,72.29,38.84,85.18,70.4,63.35,62.86,64.58,58.88,Mid-Level,2,Beginner,0
C03980,Frontend Developer,Bachelor's,Computer Science,8,15,3,0,10,5,6,78.74,4,81.62,64.74,93.19,78.7,72.76,77.93,75.58,69.82,Senior,1,Beginner,1
C03981,Machine Learning Engineer,Master's,Other,6,5,0,1,8,3,6,47.52,6,44.68,46.6,46.66,71.99,59.73,52.61,55.95,43.38,Mid-Level,3,Not Ready,0
C03982,QA Engineer,Master's,Software Engineering,9,7,4,0,10,5,6,86.09,8,84.49,77.24,96.89,95.74,91.7,91.8,90.94,85.09,Senior,1,Intermediate,1
C03983,QA Engineer,Diploma,Software Engineering,3,4,1,0,5,3,6,49.48,9,49.46,30.89,74.21,51.41,43.33,52.67,49.81,47.43,Mid-Level,3,Not Ready,0
C03984,Java Developer,Diploma,Electronics,6,5,3,0,5,2,6,35.03,2,38.89,45.03,39.48,61.14,52.25,38.27,46.12,41.39,Mid-Level,4,Not Ready,0
C03985,Data Analyst,Bachelor's,Information Technology,8,11,5,1,8,4,6,62.34,3,64.02,61.44,76.37,97.33,69.25,65.62,72.9,65.15,Senior,2,Beginner,1
C03986,QA Engineer,Master's,Information Technology,7,5,2,0,7,4,6,63.8,2,57.43,60.84,92.86,74.34,73.44,69.5,73.6,60.97,Mid-Level,2,Beginner,0
C03987,QA Engineer,Diploma,Information Technology,0,2,2,3,9,2,6,37.02,6,25.95,29.71,71.27,45.31,36.61,40.37,42.67,41.15,Fresher,4,Not Ready,0
C03988,Java Developer,Master's,Software Engineering,2,3,4,0,7,3,6,53.09,10,51.47,30.29,98.91,74.86,69.1,52.95,64.95,58.11,Junior,3,Beginner,1
C03989,Java Developer,Bachelor's,Other,11,13,3,0,5,3,6,47.45,10,56.41,65.06,25.09,83.57,65.49,53.82,62.62,49.98,Senior,3,Not Ready,0
C03990,Product Designer,Diploma,Design,8,15,4,0,12,4,6,63.87,7,74.6,62.34,82.56,71.84,73.34,61.85,68.96,65.87,Senior,2,Beginner,0
C03991,Cloud Engineer,Bachelor's,Information Technology,6,10,0,1,5,4,6,67.64,9,61.58,60.11,88.13,73.73,68.86,65.36,72.42,58.02,Mid-Level,2,Beginner,0
C03992,QA Engineer,Bachelor's,Information Technology,9,8,5,1,10,5,6,79.61,6,78.41,77.45,77.01,88.77,85.65,79.82,83.21,77.37,Senior,1,Intermediate,0
C03993,QA Engineer,Bachelor's,Information Technology,5,9,2,0,9,5,6,83.29,5,86.62,51.11,77.23,75.1,74.95,80.58,71.97,73.85,Mid-Level,1,Beginner,0
C03994,Frontend Developer,Bachelor's,Electronics,12,15,3,1,10,3,6,53.57,6,59.73,72.3,46.36,88.37,69.16,64.47,70.6,62.43,Senior,3,Beginner,0
C03995,Machine Learning Engineer,Master's,Data Science,12,13,5,1,11,5,6,81.75,3,85.59,84.85,100.0,100.0,86.87,81.91,92.34,83.29,Senior,1,Intermediate,1
C03996,Python Developer,Master's,Data Science,12,13,2,1,11,5,6,86.46,9,80.09,80.72,99.68,83.39,85.72,87.96,87.27,78.31,Senior,1,Intermediate,1
C03997,Python Developer,Master's,Software Engineering,12,13,4,0,13,5,6,84.47,9,91.96,78.33,100.0,90.96,79.14,85.69,85.01,82.13,Senior,1,Intermediate,1
C03998,Python Developer,Bachelor's,Computer Science,1,4,5,2,10,3,6,45.09,2,51.27,27.34,88.84,69.7,56.77,50.42,54.13,51.34,Junior,3,Beginner,0
C03999,Cloud Engineer,Bachelor's,Software Engineering,8,12,1,1,8,5,6,85.8,8,81.04,68.02,85.49,76.3,80.52,84.27,80.95,77.52,Senior,1,Intermediate,1
C04000,Full Stack Developer,Bachelor's,Computer Science,1,3,5,0,10,4,7,54.88,6,52.21,28.06,93.18,63.73,65.46,54.59,62.03,58.17,Junior,3,Beginner,0
C04001,Data Scientist,Diploma,Other,0,0,3,0,4,1,6,14.16,2,10.67,15.67,26.35,42.5,21.78,15.31,22.01,15.45,Fresher,5,Not Ready,0
C04002,Java Developer,Bachelor's,Other,6,7,5,0,3,3,6,49.23,3,51.52,53.19,25.06,85.02,62.77,60.8,61.12,49.43,Mid-Level,3,Not Ready,0
C04003,Machine Learning Engineer,Master's,Other,14,7,4,0,9,3,6,54.55,5,51.19,66.67,46.72,86.75,60.7,60.21,63.5,51.97,Senior,3,Beginner,1
C04004,Product Designer,Master's,Information Technology,13,11,1,1,11,5,6,84.45,10,78.02,84.81,71.33,83.8,81.31,83.15,82.86,71.6,Senior,1,Beginner,1
C04005,Cloud Engineer,Bachelor's,Software Engineering,6,3,4,0,8,5,6,87.03,4,74.97,64.04,86.93,77.67,87.65,88.85,80.26,78.45,Mid-Level,1,Intermediate,1
C04006,DevOps Engineer,Bachelor's,Software Engineering,6,7,0,0,12,4,6,67.67,8,67.97,60.03,91.05,73.31,77.69,71.23,72.82,63.37,Mid-Level,2,Beginner,1
C04007,UI/UX Designer,Bachelor's,Information Technology,4,5,5,1,9,4,6,70.39,10,56.48,47.04,65.65,75.19,80.11,74.2,68.97,62.16,Mid-Level,2,Beginner,1
C04008,Mobile App Developer,Diploma,Information Technology,3,9,0,0,9,4,6,70.21,7,71.49,44.5,78.32,64.62,68.81,65.68,67.04,58.03,Mid-Level,2,Beginner,1
C04009,DevOps Engineer,Diploma,Information Technology,8,8,4,0,6,5,6,85.19,2,71.32,74.95,81.25,68.2,82.4,78.1,79.5,76.28,Senior,1,Intermediate,1
C04010,Cybersecurity Analyst,Bachelor's,Computer Science,9,12,1,0,6,4,6,70.31,6,73.1,75.04,94.83,87.41,78.72,69.54,82.33,66.54,Senior,2,Beginner,1
C04011,UI/UX Designer,Master's,Computer Science,6,9,3,0,11,3,6,48.73,10,61.31,51.19,85.0,92.71,59.03,55.29,65.51,50.53,Mid-Level,3,Beginner,0
C04012,Data Scientist,Diploma,Information Technology,8,13,2,0,5,4,6,64.37,5,78.69,59.75,67.13,69.0,71.46,66.17,67.4,58.5,Senior,2,Beginner,1
C04013,Frontend Developer,Bachelor's,Information Technology,8,6,5,0,5,5,6,87.08,6,70.57,68.45,92.68,83.23,81.04,90.46,80.44,78.61,Senior,1,Intermediate,1
C04014,Python Developer,Bachelor's,Information Technology,10,13,3,1,7,4,6,69.93,4,77.32,77.61,87.78,86.8,80.98,75.23,77.39,76.46,Senior,2,Intermediate,0
C04015,Cybersecurity Analyst,Bachelor's,Electronics,2,1,5,2,2,2,6,29.56,10,25.54,23.98,73.39,66.93,41.08,35.59,46.61,36.05,Junior,4,Not Ready,0
C04016,Product Designer,Bachelor's,Computer Science,3,3,4,1,3,3,6,52.04,3,45.06,40.82,63.68,74.48,68.84,57.49,58.57,52.28,Mid-Level,3,Beginner,0
C04017,Data Scientist,Bachelor's,Information Technology,3,6,2,1,4,4,6,64.76,6,60.77,36.24,77.86,73.75,66.68,69.88,66.82,59.09,Mid-Level,2,Beginner,0
C04018,Cybersecurity Analyst,Master's,Computer Science,6,9,1,1,5,4,6,65.73,7,69.32,55.32,100.0,82.78,67.96,70.06,72.18,62.66,Mid-Level,2,Beginner,0
C04019,QA Engineer,Bachelor's,Information Technology,11,12,2,1,11,5,6,83.91,6,77.15,83.46,75.49,91.54,79.67,85.51,85.95,70.98,Senior,1,Beginner,1
C04020,Product Designer,Master's,Design,5,7,2,0,7,4,6,66.74,10,58.26,50.05,95.42,82.76,67.99,71.86,71.7,60.09,Mid-Level,2,Beginner,0
C04021,Cloud Engineer,Bachelor's,Information Technology,6,5,5,1,12,4,6,66.25,5,59.19,56.42,92.41,83.73,79.51,74.68,75.48,65.69,Mid-Level,2,Beginner,1
C04022,Cloud Engineer,Diploma,Information Technology,7,8,0,0,9,4,6,71.5,9,73.19,61.47,82.99,63.26,65.32,73.15,69.02,66.53,Mid-Level,2,Beginner,1
C04023,DevOps Engineer,Bachelor's,Software Engineering,4,5,2,0,7,4,6,65.35,3,54.23,47.16,94.59,71.43,63.06,64.91,64.36,59.45,Mid-Level,2,Beginner,0
C04024,Product Designer,Diploma,Design,5,4,2,0,7,4,6,68.81,6,65.64,50.89,87.53,53.18,66.64,61.74,62.63,60.49,Mid-Level,2,Beginner,0
C04025,Data Analyst,Bachelor's,Business,5,3,1,1,8,3,6,53.46,7,50.23,42.1,69.91,66.21,63.69,53.9,61.17,52.31,Mid-Level,3,Beginner,0
C04026,Cybersecurity Analyst,Master's,Computer Science,1,6,3,2,9,3,6,46.04,6,42.11,30.42,100.0,82.08,56.78,50.26,61.15,45.74,Junior,3,Not Ready,0
C04027,UI/UX Designer,Master's,Information Technology,9,11,2,1,12,5,6,83.16,9,84.19,74.32,77.71,94.67,80.04,88.44,85.04,73.23,Senior,1,Beginner,1
C04028,Data Analyst,Bachelor's,Information Technology,0,1,2,2,5,3,6,52.15,6,49.23,22.02,76.82,63.58,57.71,58.2,53.95,49.72,Fresher,3,Not Ready,0
C04029,Cybersecurity Analyst,Master's,Business,10,15,1,0,9,3,6,49.39,8,54.79,67.1,56.81,95.36,69.25,62.12,71.87,50.39,Senior,3,Beginner,0
C04030,Cloud Engineer,Bachelor's,Software Engineering,12,15,3,1,10,4,6,69.53,2,66.35,75.11,86.58,89.92,83.79,78.25,83.04,67.13,Senior,2,Beginner,1
C04031,Product Designer,Bachelor's,Design,4,6,2,0,8,4,6,65.23,8,59.87,49.4,90.94,74.62,65.47,71.28,70.52,63.45,Mid-Level,2,Beginner,0
C04032,Python Developer,Bachelor's,Information Technology,3,9,2,1,11,4,6,71.15,2,71.0,42.32,87.92,75.5,77.89,67.98,72.48,62.25,Mid-Level,2,Beginner,0
C04033,Java Developer,Master's,Information Technology,3,5,1,1,6,4,6,63.29,4,68.61,37.08,100.0,73.85,61.69,66.94,62.63,56.28,Mid-Level,2,Beginner,0
C04034,QA Engineer,Diploma,Software Engineering,6,9,2,1,12,4,6,68.36,7,63.29,53.94,73.1,63.78,73.6,71.5,69.06,58.2,Mid-Level,2,Beginner,0
C04035,UI/UX Designer,Bachelor's,Other,8,6,3,0,11,4,6,64.94,4,67.41,68.14,26.35,87.59,81.48,65.95,71.66,62.93,Senior,2,Beginner,1
C04036,DevOps Engineer,Bachelor's,Software Engineering,6,9,5,0,12,4,6,64.82,9,59.8,57.43,94.57,91.65,67.9,71.43,72.25,67.16,Mid-Level,2,Beginner,0
C04037,Cloud Engineer,Master's,Computer Science,9,11,0,0,12,4,6,70.81,8,76.37,67.52,94.56,83.47,76.26,76.56,78.52,63.8,Senior,2,Beginner,1
C04038,DevOps Engineer,Diploma,Computer Science,2,3,3,2,4,3,6,45.77,10,49.77,31.48,74.63,57.73,58.21,52.32,54.71,46.52,Junior,3,Not Ready,0
C04039,DevOps Engineer,Bachelor's,Information Technology,9,12,0,0,10,5,6,79.31,8,83.64,76.56,91.51,82.88,80.2,78.24,81.47,78.58,Senior,1,Intermediate,1
C04040,QA Engineer,Bachelor's,Information Technology,9,12,3,1,8,4,6,66.01,2,73.59,65.02,80.28,88.77,70.83,68.98,73.06,70.08,Senior,2,Beginner,0
C04041,Python Developer,Bachelor's,Information Technology,11,11,0,0,11,5,6,86.22,5,86.81,80.72,92.53,86.59,85.0,81.41,86.82,79.08,Senior,1,Intermediate,1
C04042,Java Developer,PhD,Software Engineering,4,8,0,0,8,4,6,65.65,3,60.69,46.75,100.0,79.08,73.12,71.74,72.29,56.26,Mid-Level,2,Beginner,0
C04043,UI/UX Designer,Bachelor's,Other,2,5,3,0,9,2,6,31.77,2,28.33,29.47,29.82,64.34,47.19,41.54,41.17,35.79,Junior,4,Not Ready,0
C04044,Data Scientist,Diploma,Data Science,7,8,5,0,8,4,6,71.4,9,69.68,57.42,82.54,79.37,66.64,75.92,69.68,65.6,Mid-Level,2,Beginner,0
C04045,Full Stack Developer,Master's,Computer Science,10,11,4,1,7,5,7,71.84,4,73.05,74.96,100.0,90.47,79.95,72.41,81.29,71.37,Senior,2,Beginner,0
C04046,DevOps Engineer,Bachelor's,Electronics,12,6,3,0,4,4,6,71.07,2,62.73,78.54,54.83,77.06,79.68,71.96,72.13,70.79,Senior,2,Beginner,1
C04047,DevOps Engineer,Master's,Electronics,9,7,2,0,4,3,6,47.56,2,54.24,57.68,60.73,79.91,54.92,54.93,57.84,48.33,Senior,3,Not Ready,0
C04048,QA Engineer,Diploma,Information Technology,1,5,3,2,10,4,6,68.64,3,57.74,27.86,73.77,59.43,62.85,69.32,58.51,53.12,Junior,2,Beginner,0
C04049,Machine Learning Engineer,Master's,Information Technology,14,9,0,1,7,5,6,82.55,4,84.89,79.11,95.85,89.75,90.82,88.63,87.65,79.29,Senior,1,Intermediate,1
C04050,Mobile App Developer,Diploma,Electronics,7,9,4,0,6,2,6,28.9,2,35.97,41.88,40.86,68.01,46.78,36.26,48.36,36.12,Mid-Level,4,Not Ready,0
C04051,Backend Developer,Diploma,Software Engineering,7,5,1,0,9,4,6,65.06,10,60.16,55.47,88.5,61.38,58.73,61.45,62.0,58.89,Mid-Level,2,Beginner,0
C04052,Full Stack Developer,Master's,Software Engineering,6,4,5,1,6,5,7,69.24,7,68.24,58.83,100.0,77.26,76.51,74.37,75.21,72.76,Mid-Level,2,Beginner,1
C04053,Mobile App Developer,Bachelor's,Electronics,1,6,4,0,10,2,6,37.49,3,42.41,20.06,50.3,64.81,55.44,41.33,46.74,39.67,Junior,4,Not Ready,0
C04054,QA Engineer,Bachelor's,Business,5,7,0,1,9,3,6,52.43,7,53.25,43.98,60.26,73.96,59.49,55.48,59.94,52.67,Mid-Level,3,Beginner,0
C04055,Data Analyst,Master's,Computer Science,4,8,2,1,8,4,6,62.91,10,59.51,44.51,90.21,73.1,72.83,69.77,67.88,59.14,Mid-Level,2,Beginner,0
C04056,QA Engineer,Bachelor's,Software Engineering,12,8,1,1,12,5,6,81.76,7,80.98,83.98,85.55,87.06,88.36,80.87,87.0,76.78,Senior,1,Intermediate,1
C04057,Java Developer,Master's,Computer Science,3,5,0,1,6,4,6,65.99,4,53.66,42.34,100.0,64.53,64.85,66.6,62.63,59.15,Mid-Level,2,Beginner,0
C04058,Full Stack Developer,Bachelor's,Software Engineering,10,13,0,0,13,6,7,81.67,2,92.59,83.9,96.1,76.18,75.02,83.83,79.75,77.79,Senior,1,Intermediate,1
C04059,Full Stack Developer,Bachelor's,Computer Science,3,9,0,1,6,5,7,67.09,7,70.33,38.99,94.02,72.52,65.86,71.74,66.14,57.31,Mid-Level,2,Beginner,0
C04060,UI/UX Designer,Bachelor's,Design,5,6,0,0,3,3,6,46.67,7,53.36,40.69,99.21,67.61,47.59,48.76,56.18,50.56,Mid-Level,3,Beginner,0
C04061,Mobile App Developer,Master's,Computer Science,1,6,5,2,7,4,6,67.92,5,59.77,27.59,100.0,76.02,64.15,68.47,63.75,59.68,Junior,2,Beginner,0
C04062,QA Engineer,Bachelor's,Other,7,10,5,1,7,3,6,47.36,5,58.49,49.82,36.68,88.44,70.41,57.96,64.26,53.82,Mid-Level,3,Beginner,0
C04063,Cloud Engineer,Bachelor's,Software Engineering,0,2,0,0,11,3,6,45.31,4,45.11,11.68,91.3,51.57,54.19,51.1,50.34,37.47,Fresher,3,Not Ready,0
C04064,Cloud Engineer,Bachelor's,Software Engineering,3,8,2,0,6,5,6,87.17,8,84.44,41.18,85.99,79.05,89.43,85.15,78.27,72.59,Mid-Level,1,Beginner,0
C04065,DevOps Engineer,Bachelor's,Information Technology,10,13,1,1,6,5,6,80.4,9,94.15,81.7,87.83,83.87,81.01,78.51,82.75,73.43,Senior,1,Beginner,1
C04066,DevOps Engineer,Bachelor's,Computer Science,1,6,4,2,7,4,6,68.67,2,57.03,27.52,89.49,68.27,62.64,70.87,63.4,53.59,Junior,2,Beginner,0
C04067,Java Developer,Bachelor's,Software Engineering,8,11,4,1,11,5,6,83.12,5,85.99,72.55,97.34,86.64,78.63,85.3,84.32,75.77,Senior,1,Intermediate,1
C04068,Machine Learning Engineer,Bachelor's,Data Science,3,5,3,1,4,4,6,64.04,7,59.54,39.91,93.9,64.49,65.52,59.35,62.44,59.37,Mid-Level,2,Beginner,1
C04069,UI/UX Designer,Master's,Design,4,9,3,0,12,4,6,65.21,7,69.95,47.04,97.84,85.14,77.82,74.04,76.33,65.85,Mid-Level,2,Beginner,0
C04070,Full Stack Developer,Bachelor's,Computer Science,9,6,3,1,10,6,7,90.46,8,80.93,81.68,88.05,74.14,83.46,84.57,80.37,78.44,Senior,1,Intermediate,1
C04071,Cloud Engineer,Bachelor's,Computer Science,10,10,4,0,9,5,6,85.86,5,88.94,78.65,88.74,87.5,81.84,85.31,85.34,77.51,Senior,1,Intermediate,0
C04072,Mobile App Developer,Master's,Information Technology,2,4,2,2,6,3,6,50.42,8,47.32,28.59,100.0,72.94,53.14,54.51,59.23,44.04,Junior,3,Not Ready,0
C04073,Data Analyst,Diploma,Computer Science,5,3,2,1,11,4,6,71.63,5,53.9,50.64,71.36,52.34,56.3,68.41,62.07,61.89,Mid-Level,2,Beginner,0
C04074,Data Analyst,Diploma,Computer Science,6,9,4,0,5,4,6,68.7,9,66.75,53.52,70.2,80.92,73.77,74.12,70.31,66.18,Mid-Level,2,Beginner,0
C04075,Mobile App Developer,Master's,Electronics,6,6,1,1,7,2,6,30.17,2,35.07,44.33,61.37,78.69,53.01,39.93,53.7,34.35,Mid-Level,4,Not Ready,0
C04076,Machine Learning Engineer,Bachelor's,Mathematics,10,10,4,0,12,5,6,85.62,5,81.45,82.98,77.81,84.15,86.6,81.07,82.19,81.53,Senior,1,Intermediate,1
C04077,Cloud Engineer,Bachelor's,Software Engineering,12,10,2,0,7,5,6,79.01,2,73.71,78.46,92.67,92.2,79.25,82.51,81.31,73.63,Senior,1,Beginner,1
C04078,Product Designer,Bachelor's,Business,8,11,1,1,7,4,6,70.89,7,71.81,61.8,66.06,72.25,64.26,75.28,66.88,60.63,Senior,2,Beginner,0
C04079,Full Stack Developer,Bachelor's,Computer Science,0,2,0,2,7,2,7,24.66,10,27.44,32.56,88.97,52.42,35.82,34.49,42.01,33.32,Fresher,5,Not Ready,0
C04080,Cloud Engineer,Master's,Information Technology,1,3,2,0,5,3,6,49.47,10,44.96,26.04,100.0,62.68,55.88,56.49,57.07,46.26,Junior,3,Not Ready,0
C04081,Data Scientist,Bachelor's,Other,12,11,3,1,11,3,6,55.0,7,49.71,72.15,37.13,91.87,74.19,62.09,67.13,55.81,Senior,3,Beginner,1
C04082,Cybersecurity Analyst,Bachelor's,Computer Science,6,9,5,1,5,4,6,66.53,3,70.49,50.82,93.53,94.31,84.49,67.17,78.35,69.6,Mid-Level,2,Beginner,0
C04083,Java Developer,Bachelor's,Information Technology,6,7,2,0,11,4,6,62.62,9,59.17,51.08,92.4,80.78,68.34,65.4,72.05,57.51,Mid-Level,2,Beginner,0
C04084,Product Designer,PhD,Information Technology,14,8,1,1,8,4,6,63.32,6,71.12,69.65,76.0,96.19,75.57,74.79,75.51,64.82,Senior,2,Beginner,0
C04085,Backend Developer,Bachelor's,Computer Science,1,1,4,1,11,3,6,47.7,4,38.03,21.97,94.7,64.95,56.67,52.76,56.62,49.99,Junior,3,Not Ready,0
C04086,Mobile App Developer,Master's,Electronics,6,7,0,1,8,3,6,51.58,5,50.15,48.15,57.76,72.27,57.3,56.05,56.77,48.16,Mid-Level,3,Not Ready,0
C04087,Java Developer,Bachelor's,Computer Science,4,10,5,0,8,4,6,70.44,2,75.4,43.89,93.87,84.21,83.54,71.43,73.34,66.96,Mid-Level,2,Beginner,1
C04088,Mobile App Developer,Bachelor's,Other,6,5,0,0,8,2,6,35.99,7,27.66,46.04,26.97,65.45,50.44,46.62,44.89,32.34,Mid-Level,4,Not Ready,0
C04089,UI/UX Designer,Master's,Information Technology,4,10,0,1,8,3,6,52.45,6,50.33,41.86,70.14,81.01,62.81,58.86,61.9,49.23,Mid-Level,3,Not Ready,1
C04090,Full Stack Developer,Bachelor's,Computer Science,12,6,5,0,7,6,7,86.89,2,81.26,81.96,94.01,89.05,89.39,85.78,90.11,85.43,Senior,1,Intermediate,1
C04091,Data Scientist,Master's,Computer Science,11,15,0,1,7,5,6,86.07,9,92.14,83.77,94.89,78.57,88.71,84.91,85.96,76.41,Senior,1,Intermediate,1
C04092,DevOps Engineer,Diploma,Other,8,14,2,0,12,4,6,63.61,2,74.83,66.84,21.03,77.11,76.9,64.82,64.28,61.05,Senior,2,Beginner,1
C04093,UI/UX Designer,Bachelor's,Design,9,6,2,1,5,5,6,85.87,3,70.92,74.41,98.69,72.25,78.04,87.01,81.24,74.8,Senior,1,Beginner,1
C04094,DevOps Engineer,Master's,Software Engineering,12,5,3,1,7,5,6,85.99,4,67.8,81.27,100.0,93.89,81.46,84.95,87.52,74.23,Senior,1,Beginner,1
C04095,DevOps Engineer,Bachelor's,Information Technology,7,10,1,1,5,4,6,70.46,6,68.42,57.84,94.41,74.98,74.77,69.19,72.25,69.64,Mid-Level,2,Beginner,1
C04096,QA Engineer,Bachelor's,Business,11,13,1,0,12,4,6,67.3,2,66.43,70.91,56.77,89.43,68.92,71.89,71.08,61.19,Senior,2,Beginner,0
C04097,UI/UX Designer,Bachelor's,Information Technology,9,15,2,1,12,5,6,81.34,4,79.06,80.95,68.94,83.43,81.47,78.2,80.45,72.6,Senior,1,Beginner,1
C04098,Python Developer,Bachelor's,Information Technology,5,8,3,0,4,4,6,65.12,4,64.92,49.62,94.73,85.07,65.79,65.31,73.58,58.83,Mid-Level,2,Beginner,0
C04099,DevOps Engineer,Bachelor's,Information Technology,1,6,3,1,4,3,6,52.28,2,55.91,29.39,87.57,66.98,61.64,51.64,58.13,48.79,Junior,3,Not Ready,0
C04100,DevOps Engineer,Master's,Computer Science,9,8,0,1,7,5,6,83.29,2,72.14,80.68,93.87,88.33,83.21,79.85,82.98,77.69,Senior,1,Intermediate,0
C04101,Java Developer,Bachelor's,Information Technology,0,0,0,0,10,3,6,49.13,8,15.12,28.12,87.95,49.46,49.99,50.18,49.86,39.59,Fresher,3,Not Ready,0
C04102,Mobile App Developer,PhD,Electronics,8,8,0,1,10,3,6,45.35,5,46.69,60.99,68.54,78.58,62.39,53.22,61.4,49.38,Senior,3,Not Ready,0
C04103,Frontend Developer,Diploma,Computer Science,3,8,0,0,11,3,6,54.02,2,53.18,39.03,80.23,64.31,52.89,52.41,55.45,52.99,Mid-Level,3,Beginner,0
C04104,Java Developer,Master's,Computer Science,7,7,5,0,10,4,6,62.94,2,62.44,59.15,97.62,95.49,82.97,67.29,80.44,72.14,Mid-Level,2,Beginner,0
C04105,Cloud Engineer,Bachelor's,Software Engineering,5,8,0,0,8,4,6,61.89,3,61.44,45.53,90.85,66.1,66.9,61.72,62.03,56.0,Mid-Level,2,Beginner,1
C04106,Product Designer,Bachelor's,Design,2,1,2,1,7,3,6,47.72,4,42.7,32.1,99.65,59.06,50.49,45.23,51.11,50.65,Junior,3,Beginner,0
C04107,Product Designer,Diploma,Design,1,2,3,1,8,3,6,52.83,4,41.95,28.85,87.89,46.03,57.61,48.29,50.89,52.44,Junior,3,Beginner,0
C04108,Cybersecurity Analyst,Bachelor's,Business,1,6,0,2,7,2,6,31.35,5,37.97,22.68,53.13,61.65,51.28,42.06,44.84,29.6,Junior,4,Not Ready,0
C04109,Cybersecurity Analyst,Bachelor's,Electronics,3,6,1,1,7,3,6,52.19,10,46.88,32.89,74.41,59.59,59.65,52.68,55.03,51.99,Mid-Level,3,Beginner,0
C04110,Python Developer,Bachelor's,Computer Science,3,3,3,0,9,4,6,65.55,4,57.2,39.97,93.08,75.79,74.4,69.88,69.77,59.83,Mid-Level,2,Beginner,0
C04111,DevOps Engineer,Diploma,Computer Science,2,6,5,2,5,4,6,64.9,3,65.54,35.35,75.94,68.27,63.08,69.44,64.47,60.87,Junior,2,Beginner,1
C04112,DevOps Engineer,Diploma,Computer Science,8,10,0,0,5,5,6,86.8,8,78.71,67.95,75.48,74.79,86.27,83.01,82.6,68.85,Senior,1,Beginner,1
C04113,Data Scientist,Diploma,Computer Science,6,4,2,0,9,4,6,64.83,8,66.49,52.64,74.27,63.25,67.13,69.35,64.4,62.98,Mid-Level,2,Beginner,0
C04114,Data Scientist,Bachelor's,Computer Science,11,5,3,0,5,5,6,82.54,2,77.29,86.68,84.06,89.22,85.59,84.46,85.19,77.49,Senior,1,Intermediate,1
C04115,Data Analyst,Diploma,Computer Science,2,5,5,0,9,3,6,52.26,3,42.61,30.72,78.85,72.17,68.01,58.96,61.34,48.8,Junior,3,Not Ready,0
C04116,Product Designer,Master's,Design,6,4,3,0,9,4,6,62.34,7,61.88,55.09,96.25,81.74,67.3,70.71,72.41,62.69,Mid-Level,2,Beginner,0
C04117,Mobile App Developer,Master's,Software Engineering,14,11,0,1,4,4,6,66.64,2,75.66,75.44,100.0,92.28,69.16,66.89,80.69,63.19,Senior,2,Beginner,0
C04118,Machine Learning Engineer,Master's,Information Technology,8,9,3,0,12,5,6,84.9,3,77.25,73.41,95.31,86.39,90.22,83.42,83.35,75.82,Senior,1,Intermediate,1
C04119,Data Analyst,Master's,Computer Science,7,6,2,1,8,4,6,63.63,4,63.04,54.55,91.78,83.94,76.3,71.2,75.39,61.87,Mid-Level,2,Beginner,1
C04120,Cloud Engineer,Bachelor's,Computer Science,6,6,1,1,9,4,6,62.2,5,55.67,58.13,80.56,76.51,66.95,62.54,65.62,58.05,Mid-Level,2,Beginner,1
C04121,DevOps Engineer,Master's,Computer Science,10,15,5,0,12,5,6,88.1,5,80.6,82.4,94.0,94.14,95.94,91.28,90.78,83.48,Senior,1,Intermediate,0
C04122,Data Scientist,Diploma,Data Science,2,2,4,2,4,4,6,69.84,6,60.73,33.59,86.24,64.96,67.76,66.67,63.49,55.74,Junior,2,Beginner,0
C04123,Data Scientist,Bachelor's,Data Science,0,0,1,1,10,2,6,30.6,6,2.07,13.43,90.45,48.24,36.31,34.97,38.78,25.08,Fresher,4,Not Ready,0
C04124,Full Stack Developer,Bachelor's,Software Engineering,5,6,5,1,10,5,7,69.28,9,67.1,49.3,96.02,84.23,79.91,70.91,72.44,66.79,Mid-Level,2,Beginner,0
C04125,Python Developer,Bachelor's,Information Technology,2,6,0,2,10,3,6,54.35,8,51.44,27.51,90.18,55.66,59.49,53.51,52.79,51.72,Junior,3,Beginner,0
C04126,Machine Learning Engineer,Bachelor's,Other,4,9,5,1,6,2,6,35.55,3,47.35,40.26,30.64,83.16,60.64,43.15,56.84,45.45,Mid-Level,4,Not Ready,0
C04127,Data Analyst,Master's,Computer Science,5,6,5,0,10,4,6,64.3,5,59.62,52.67,96.17,86.49,71.63,71.67,71.86,67.02,Mid-Level,2,Beginner,0
C04128,QA Engineer,Diploma,Software Engineering,1,5,0,1,4,3,6,46.55,7,49.49,26.99,74.38,56.63,52.69,49.48,49.74,44.44,Junior,3,Not Ready,0
C04129,UI/UX Designer,Bachelor's,Design,8,14,1,0,11,5,6,83.96,4,89.35,70.94,93.85,79.97,86.51,78.34,82.32,72.28,Senior,1,Beginner,1
C04130,DevOps Engineer,Bachelor's,Computer Science,5,5,0,1,4,4,6,70.91,5,63.8,52.08,87.82,71.34,65.43,70.5,69.1,64.59,Mid-Level,2,Beginner,1
C04131,Python Developer,Diploma,Other,6,7,1,1,6,2,6,29.86,2,35.92,46.2,19.96,61.67,43.34,33.22,43.06,32.57,Mid-Level,4,Not Ready,0
C04132,Data Scientist,Master's,Data Science,10,7,4,0,7,5,6,87.42,4,72.03,83.6,97.37,89.21,92.28,86.16,92.42,85.92,Senior,1,Intermediate,0
C04133,Full Stack Developer,Diploma,Computer Science,5,5,3,1,5,4,7,58.86,5,45.4,48.13,83.06,65.06,61.94,60.46,60.18,53.52,Mid-Level,3,Beginner,0
C04134,Cloud Engineer,Bachelor's,Computer Science,12,11,1,1,7,5,6,86.44,5,79.55,82.39,85.6,78.05,87.98,89.68,84.43,82.24,Senior,1,Intermediate,1
C04135,Full Stack Developer,Bachelor's,Information Technology,3,5,3,0,6,4,7,52.99,5,52.29,36.81,90.61,74.13,56.52,55.76,59.98,49.51,Mid-Level,3,Not Ready,1
C04136,Data Analyst,Bachelor's,Data Science,2,5,3,2,6,4,6,67.14,10,61.22,36.28,99.9,75.85,77.24,64.9,67.54,61.51,Junior,2,Beginner,0
C04137,Product Designer,Master's,Business,11,15,2,0,6,4,6,69.17,6,76.83,72.81,78.14,92.94,81.51,74.6,77.92,67.64,Senior,2,Beginner,1
C04138,Python Developer,PhD,Other,5,8,4,1,9,3,6,53.87,5,44.47,45.92,48.61,96.0,62.81,65.98,65.49,48.7,Mid-Level,3,Not Ready,1
C04139,Data Scientist,Bachelor's,Computer Science,8,7,3,0,10,5,6,83.68,8,82.2,69.15,89.82,75.2,78.62,78.42,80.74,76.05,Senior,1,Intermediate,1
C04140,Data Scientist,Bachelor's,Mathematics,9,11,4,0,5,5,6,83.16,2,90.57,72.28,70.35,97.86,92.24,82.98,85.38,78.94,Senior,1,Intermediate,1
C04141,Frontend Developer,Master's,Computer Science,6,10,1,0,9,4,6,66.43,5,69.9,54.43,100.0,77.29,70.33,65.5,68.95,62.59,Mid-Level,2,Beginner,0
C04142,Backend Developer,Bachelor's,Computer Science,11,9,5,0,6,5,6,88.13,9,72.32,86.39,88.67,88.04,89.07,85.7,86.47,86.74,Senior,1,Intermediate,0
C04143,Java Developer,Bachelor's,Computer Science,5,5,1,1,10,4,6,64.6,9,58.06,51.81,91.41,68.17,67.79,68.45,70.05,59.32,Mid-Level,2,Beginner,0
C04144,Full Stack Developer,Bachelor's,Software Engineering,11,13,3,0,7,6,7,89.55,3,87.25,84.96,96.96,94.71,99.53,88.02,93.23,81.38,Senior,1,Intermediate,1
C04145,Cybersecurity Analyst,Master's,Information Technology,14,7,1,0,7,5,6,85.05,9,78.13,80.54,97.89,84.94,80.02,81.42,83.28,80.75,Senior,1,Intermediate,1
C04146,UI/UX Designer,Master's,Computer Science,14,9,2,1,5,4,6,67.69,8,65.65,79.53,83.41,86.08,79.59,69.46,77.39,66.27,Senior,2,Beginner,1
C04147,Frontend Developer,Bachelor's,Information Technology,11,11,3,1,9,5,6,86.25,2,88.85,84.68,86.61,95.64,82.68,91.07,85.98,82.9,Senior,1,Intermediate,0
C04148,Frontend Developer,Master's,Software Engineering,2,3,4,2,7,4,6,62.12,6,56.56,34.43,99.4,74.2,74.44,60.32,66.38,64.8,Junior,2,Beginner,0
C04149,Java Developer,Bachelor's,Computer Science,12,6,3,0,11,5,6,78.73,7,69.87,83.06,91.33,88.92,78.83,79.1,83.63,71.51,Senior,1,Beginner,1
C04150,Machine Learning Engineer,Bachelor's,Other,7,5,1,1,2,2,6,29.67,4,31.74,48.65,32.07,78.15,42.5,36.79,46.51,35.06,Mid-Level,4,Not Ready,0
C04151,Data Analyst,Master's,Business,10,14,1,0,4,4,6,67.58,5,78.81,70.53,78.97,83.41,66.48,69.68,71.99,62.06,Senior,2,Beginner,1
C04152,Python Developer,Bachelor's,Computer Science,9,12,3,0,5,5,6,85.01,9,79.73,74.48,94.83,91.85,95.24,88.63,89.67,84.16,Senior,1,Intermediate,1
C04153,Product Designer,Bachelor's,Information Technology,11,8,2,0,8,5,6,84.51,5,86.3,86.29,57.23,89.84,85.47,90.19,81.83,81.63,Senior,1,Intermediate,1
C04154,Full Stack Developer,Diploma,Information Technology,7,9,1,1,11,5,7,67.0,4,63.28,60.36,75.05,66.42,73.81,65.31,69.32,57.32,Mid-Level,2,Beginner,0
C04155,Data Analyst,Master's,Computer Science,3,7,1,1,6,4,6,67.93,7,61.09,38.03,94.02,70.52,71.83,72.67,68.18,54.43,Mid-Level,2,Beginner,0
C04156,Python Developer,PhD,Data Science,15,15,0,0,12,4,6,70.75,9,80.77,78.85,98.25,90.96,76.23,71.33,80.34,75.65,Senior,2,Intermediate,0
C04157,UI/UX Designer,Bachelor's,Computer Science,6,6,4,0,5,3,6,49.66,6,53.18,46.2,70.43,76.3,61.4,56.92,60.86,54.57,Mid-Level,3,Beginner,1
C04158,Mobile App Developer,Bachelor's,Other,0,3,1,2,8,0,6,4.2,2,0.46,21.4,30.32,55.47,32.11,12.17,30.23,18.5,Fresher,6,Not Ready,0
C04159,UI/UX Designer,PhD,Computer Science,8,10,2,0,11,5,6,84.97,10,84.06,74.85,83.46,85.48,86.07,80.39,82.54,73.29,Senior,1,Beginner,1
C04160,Java Developer,Bachelor's,Software Engineering,9,8,5,1,11,5,6,85.66,2,72.65,82.76,96.18,85.93,87.68,86.35,86.2,86.47,Senior,1,Intermediate,0
C04161,DevOps Engineer,Diploma,Other,2,3,5,0,6,2,6,31.76,10,27.65,25.4,24.28,63.09,39.73,42.98,41.5,33.82,Junior,4,Not Ready,0
C04162,UI/UX Designer,Master's,Other,1,1,5,2,9,2,6,36.82,10,26.53,27.71,38.92,77.15,59.37,41.22,52.53,40.84,Junior,4,Not Ready,0
C04163,Cloud Engineer,Diploma,Software Engineering,5,8,3,0,9,4,6,68.54,6,67.2,53.02,79.4,75.88,68.65,72.49,68.05,66.94,Mid-Level,2,Beginner,0
C04164,Product Designer,Bachelor's,Business,1,1,0,2,11,3,6,47.67,8,49.43,28.03,71.2,55.35,56.87,46.04,48.65,42.84,Junior,3,Not Ready,0
C04165,Cloud Engineer,Bachelor's,Software Engineering,6,5,2,0,9,4,6,69.57,9,64.32,53.94,87.14,77.41,77.08,74.28,71.76,69.28,Mid-Level,2,Beginner,1
C04166,Mobile App Developer,Diploma,Information Technology,4,10,4,0,10,4,6,63.35,3,74.76,39.92,82.54,79.61,68.33,66.13,68.76,63.15,Mid-Level,2,Beginner,0
C04167,Data Scientist,Bachelor's,Information Technology,0,2,1,1,7,3,6,51.31,4,44.68,21.89,81.17,56.99,50.2,49.03,51.67,39.59,Fresher,3,Not Ready,0
C04168,Full Stack Developer,Bachelor's,Computer Science,3,5,4,0,6,5,7,70.14,3,58.51,35.88,87.47,71.62,75.47,68.1,69.3,58.05,Mid-Level,2,Beginner,0
C04169,DevOps Engineer,Bachelor's,Information Technology,2,6,5,0,8,3,6,47.87,5,41.49,29.06,92.98,72.51,62.6,48.19,58.11,48.71,Junior,3,Not Ready,0
C04170,Backend Developer,Diploma,Other,6,5,1,1,11,3,6,49.14,4,46.63,49.0,20.24,63.97,54.89,49.0,49.08,47.98,Mid-Level,3,Not Ready,0
C04171,Java Developer,Master's,Software Engineering,4,4,2,0,12,4,6,63.54,10,56.3,45.72,100.0,76.06,67.71,64.78,70.3,64.06,Mid-Level,2,Beginner,0
C04172,Product Designer,Bachelor's,Design,1,1,2,1,11,3,6,49.03,4,45.23,28.1,94.97,64.49,47.86,56.36,53.04,42.26,Junior,3,Not Ready,0
C04173,QA Engineer,Master's,Business,12,6,0,0,8,5,6,87.05,10,76.02,82.04,71.8,75.0,83.97,86.98,80.37,73.7,Senior,1,Beginner,0
C04174,DevOps Engineer,Bachelor's,Other,6,5,2,0,8,3,6,51.4,2,39.65,49.14,27.96,74.95,59.14,59.38,57.52,44.33,Mid-Level,3,Not Ready,1
C04175,Cybersecurity Analyst,Bachelor's,Computer Science,4,6,5,1,9,4,6,61.69,6,67.65,44.36,91.27,82.59,72.51,66.53,72.04,62.94,Mid-Level,2,Beginner,1
C04176,UI/UX Designer,Master's,Design,14,9,1,1,5,5,6,86.68,5,85.46,81.24,95.24,85.28,78.88,84.01,82.97,75.57,Senior,1,Intermediate,1
C04177,Machine Learning Engineer,Master's,Data Science,7,10,2,1,8,4,6,67.24,10,73.42,57.44,98.94,92.76,82.78,73.56,76.77,63.15,Mid-Level,2,Beginner,1
C04178,Python Developer,Bachelor's,Computer Science,8,10,5,1,10,5,6,81.71,6,85.74,66.91,92.1,99.63,92.92,81.93,85.56,75.78,Senior,1,Intermediate,0
C04179,Data Analyst,Bachelor's,Data Science,10,15,3,0,6,5,6,85.42,2,83.54,80.37,94.83,87.87,84.14,85.25,85.69,76.26,Senior,1,Intermediate,1
C04180,Machine Learning Engineer,Bachelor's,Data Science,8,12,2,1,10,5,6,78.58,8,82.28,73.57,92.13,88.73,79.45,80.36,84.67,75.0,Senior,1,Intermediate,1
C04181,Machine Learning Engineer,Master's,Other,9,7,3,0,6,3,6,45.43,3,44.16,61.39,45.71,84.78,57.15,55.4,59.66,50.72,Senior,3,Beginner,0
C04182,Data Analyst,Bachelor's,Data Science,1,3,1,1,9,4,6,62.6,6,63.1,29.98,98.37,61.07,59.72,65.71,58.76,55.63,Junior,2,Beginner,0
C04183,Frontend Developer,Master's,Other,10,7,0,1,6,4,6,65.9,4,58.69,77.57,39.92,82.18,72.85,72.65,69.74,63.61,Senior,2,Beginner,0
C04184,Cloud Engineer,Diploma,Software Engineering,6,5,4,1,5,5,6,83.18,5,73.44,64.3,83.05,76.09,77.87,82.71,79.17,74.13,Mid-Level,1,Beginner,1
C04185,Backend Developer,Bachelor's,Information Technology,1,6,0,0,8,3,6,45.67,9,50.76,30.05,88.79,56.07,46.8,52.45,50.86,42.69,Junior,3,Not Ready,0
C04186,Cloud Engineer,Master's,Information Technology,2,3,4,0,5,4,6,62.61,5,56.15,33.01,100.0,81.33,64.54,64.72,66.62,60.35,Junior,2,Beginner,0
C04187,QA Engineer,Diploma,Other,6,4,1,1,6,3,6,48.0,8,45.74,52.53,24.89,59.55,57.85,54.43,52.11,42.79,Mid-Level,3,Not Ready,1
C04188,Java Developer,Master's,Software Engineering,7,7,2,1,12,5,6,87.29,8,75.14,69.2,99.48,75.78,82.13,81.48,83.72,80.99,Mid-Level,1,Intermediate,1
C04189,Machine Learning Engineer,Bachelor's,Information Technology,1,3,1,0,12,4,6,68.62,5,53.31,27.0,82.91,65.74,67.82,72.81,62.58,54.98,Junior,2,Beginner,1
C04190,QA Engineer,Master's,Information Technology,11,15,2,0,11,5,6,79.31,6,91.55,76.5,92.94,87.12,81.63,81.29,82.92,82.2,Senior,1,Intermediate,1
C04191,Mobile App Developer,Diploma,Information Technology,5,7,0,0,10,4,6,64.82,6,68.41,49.37,78.61,58.54,58.63,61.79,62.44,60.9,Mid-Level,2,Beginner,0
C04192,Machine Learning Engineer,Bachelor's,Information Technology,12,10,1,1,10,5,6,85.27,7,87.71,82.26,80.78,87.51,91.71,83.37,87.05,75.83,Senior,1,Intermediate,1
C04193,QA Engineer,Master's,Computer Science,4,3,5,0,4,4,6,66.76,9,53.97,41.5,88.93,79.98,73.37,72.64,68.05,63.42,Mid-Level,2,Beginner,1
C04194,Full Stack Developer,Master's,Computer Science,3,4,4,1,10,5,7,72.45,7,55.94,39.06,96.83,83.69,76.64,78.83,71.02,59.18,Mid-Level,2,Beginner,0
C04195,Machine Learning Engineer,Master's,Mathematics,14,6,3,1,8,5,6,88.18,8,69.23,81.57,86.58,93.09,87.83,90.09,90.3,80.82,Senior,1,Intermediate,1
C04196,Data Scientist,Bachelor's,Data Science,6,10,5,0,11,4,6,63.86,5,60.35,58.77,98.13,96.43,73.67,73.66,78.19,69.83,Mid-Level,2,Beginner,1
C04197,QA Engineer,PhD,Computer Science,4,7,3,0,6,4,6,69.01,3,60.44,42.4,88.93,92.11,84.32,74.77,76.68,61.12,Mid-Level,2,Beginner,1
C04198,Product Designer,Diploma,Computer Science,0,0,1,0,9,3,6,51.18,4,12.7,17.17,45.71,45.78,41.82,48.41,40.97,33.52,Fresher,3,Not Ready,0
C04199,DevOps Engineer,Bachelor's,Software Engineering,10,10,4,0,12,4,6,63.47,5,73.65,72.11,89.6,90.94,69.26,66.36,75.79,67.45,Senior,2,Beginner,1
C04200,QA Engineer,Diploma,Computer Science,7,8,3,0,6,3,6,48.79,4,58.13,58.49,60.33,78.8,61.47,56.98,64.68,51.82,Mid-Level,3,Beginner,0
C04201,Java Developer,Diploma,Software Engineering,5,8,4,1,6,4,6,70.98,8,64.24,48.34,89.2,74.6,74.79,70.7,73.65,65.08,Mid-Level,2,Beginner,1
C04202,Java Developer,PhD,Information Technology,15,6,2,1,10,5,6,81.97,9,77.48,83.24,100.0,92.59,80.19,82.24,87.67,79.39,Senior,1,Intermediate,1
C04203,UI/UX Designer,Bachelor's,Other,3,3,4,1,4,3,6,51.71,7,37.67,31.53,31.07,73.58,64.15,56.05,52.22,46.86,Mid-Level,3,Not Ready,0
C04204,Frontend Developer,Bachelor's,Software Engineering,12,14,2,0,12,4,6,68.82,9,75.16,77.82,93.31,88.33,78.22,69.55,78.62,76.46,Senior,2,Intermediate,1
C04205,Data Analyst,Diploma,Business,4,10,5,1,10,3,6,49.04,2,51.45,39.02,64.64,79.34,62.73,50.53,59.4,51.01,Mid-Level,3,Beginner,0
C04206,Product Designer,Master's,Business,9,5,2,1,5,4,6,64.96,8,61.08,71.56,81.31,87.13,79.8,64.64,78.61,67.17,Senior,2,Beginner,1
C04207,Full Stack Developer,Bachelor's,Software Engineering,10,13,4,0,14,6,7,82.34,9,87.06,85.2,99.24,87.25,87.73,80.88,86.12,82.57,Senior,1,Intermediate,1
C04208,Backend Developer,Diploma,Data Science,4,4,0,0,6,4,6,66.98,10,54.1,41.35,47.48,46.71,64.89,62.72,53.26,49.51,Mid-Level,2,Not Ready,0
C04209,Product Designer,Bachelor's,Information Technology,10,12,1,0,11,4,6,62.78,7,78.86,75.25,55.84,75.92,67.14,69.41,69.94,61.72,Senior,2,Beginner,0
C04210,Data Scientist,Bachelor's,Other,10,13,5,1,11,4,6,65.41,5,69.92,77.3,32.39,93.95,74.11,75.17,71.1,63.56,Senior,2,Beginner,0
C04211,UI/UX Designer,Bachelor's,Computer Science,7,10,1,1,12,4,6,62.21,8,62.65,54.1,66.99,72.5,62.16,62.73,65.78,54.08,Mid-Level,2,Beginner,0
C04212,Product Designer,Diploma,Information Technology,8,10,0,1,10,5,6,84.38,3,76.89,74.96,48.3,65.91,73.08,85.01,72.74,71.69,Senior,1,Beginner,0
C04213,DevOps Engineer,Bachelor's,Information Technology,1,4,1,0,3,3,6,46.9,6,45.97,24.9,91.86,63.56,51.8,49.93,51.29,46.41,Junior,3,Not Ready,0
C04214,Product Designer,Master's,Information Technology,11,11,3,0,9,4,6,70.79,5,64.51,75.68,70.3,100.0,87.16,79.21,81.09,67.53,Senior,2,Beginner,1
C04215,Cloud Engineer,Bachelor's,Information Technology,2,6,5,2,7,3,6,51.37,5,54.26,35.97,86.33,69.55,52.16,58.39,57.26,57.59,Junior,3,Beginner,0
C04216,Mobile App Developer,Master's,Computer Science,2,6,0,0,10,3,6,54.94,8,47.02,28.18,95.01,72.74,61.93,58.87,62.93,52.08,Junior,3,Beginner,0
C04217,Java Developer,Master's,Information Technology,7,5,0,0,9,4,6,62.0,3,55.04,56.45,100.0,70.36,67.95,64.6,66.04,62.0,Mid-Level,2,Beginner,0
C04218,QA Engineer,Master's,Software Engineering,10,14,4,0,8,5,6,82.05,6,78.74,78.23,90.4,100.0,95.32,85.61,88.2,76.87,Senior,1,Intermediate,1
C04219,Mobile App Developer,Master's,Software Engineering,7,4,1,1,5,5,6,83.4,2,74.42,61.34,100.0,73.62,85.32,81.34,79.4,73.51,Mid-Level,1,Beginner,1
C04220,Mobile App Developer,Bachelor's,Computer Science,3,5,0,1,5,5,6,78.67,4,73.9,38.47,87.1,64.43,80.74,78.32,68.96,64.13,Mid-Level,1,Beginner,0
C04221,Mobile App Developer,Bachelor's,Computer Science,4,6,5,0,13,5,6,78.9,4,67.82,52.73,93.62,73.38,73.16,80.21,73.87,75.22,Mid-Level,1,Intermediate,0
C04222,Full Stack Developer,Diploma,Computer Science,0,1,2,1,9,3,7,45.38,9,40.44,15.73,84.12,51.31,52.99,49.93,47.66,43.44,Fresher,4,Not Ready,0
C04223,Python Developer,Bachelor's,Information Technology,1,6,0,1,9,4,6,68.77,2,57.47,29.6,89.44,64.48,69.72,67.67,65.04,53.2,Junior,2,Beginner,1
C04224,Product Designer,Bachelor's,Design,0,3,0,3,10,3,6,54.86,9,41.44,25.16,99.3,50.1,45.14,56.14,52.41,42.7,Fresher,3,Not Ready,0
C04225,Backend Developer,Master's,Computer Science,10,13,3,0,10,5,6,80.03,5,85.87,80.73,99.99,90.61,80.31,84.47,83.5,80.18,Senior,1,Intermediate,1
C04226,Cloud Engineer,Master's,Computer Science,3,5,5,0,8,4,6,67.69,4,57.35,38.1,93.91,82.59,78.51,74.45,73.64,63.53,Mid-Level,2,Beginner,1
C04227,Frontend Developer,Bachelor's,Information Technology,2,6,5,1,7,4,6,63.51,2,56.86,38.04,92.83,70.16,70.4,64.09,67.23,57.38,Junior,2,Beginner,0
C04228,Data Scientist,Master's,Computer Science,10,15,4,1,5,5,6,87.28,8,86.05,89.05,99.47,92.48,82.43,86.63,88.78,80.14,Senior,1,Intermediate,0
C04229,Full Stack Developer,PhD,Software Engineering,15,10,0,1,12,6,7,90.43,3,81.62,82.53,100.0,90.83,85.94,87.11,86.77,80.57,Senior,1,Intermediate,1
C04230,Backend Developer,Diploma,Software Engineering,2,1,2,2,4,4,6,66.63,3,61.42,30.23,81.66,48.63,60.31,60.57,54.6,58.51,Junior,2,Beginner,0
C04231,Cybersecurity Analyst,Bachelor's,Other,12,13,3,1,6,4,6,66.64,10,70.6,77.33,30.2,94.16,80.05,75.05,72.36,60.22,Senior,2,Beginner,0
C04232,UI/UX Designer,Bachelor's,Information Technology,6,4,1,1,6,4,6,66.45,4,63.7,56.97,67.41,71.04,68.53,71.63,69.14,58.2,Mid-Level,2,Beginner,0
C04233,Java Developer,Master's,Software Engineering,8,10,0,1,8,5,6,85.05,6,76.28,75.37,95.87,83.17,78.26,83.84,81.3,78.11,Senior,1,Intermediate,1
C04234,Frontend Developer,Bachelor's,Computer Science,5,7,2,1,11,5,6,87.63,9,81.85,59.64,89.93,69.01,74.0,83.29,73.69,71.18,Mid-Level,1,Beginner,1
C04235,QA Engineer,Bachelor's,Business,4,8,4,0,10,3,6,54.97,9,49.75,38.16,60.15,81.27,72.87,62.72,62.48,52.96,Mid-Level,3,Beginner,0
C04236,Product Designer,Diploma,Business,4,3,4,1,3,3,6,49.94,5,41.16,44.51,56.52,55.1,50.4,53.28,50.04,47.73,Mid-Level,3,Not Ready,0
C04237,Data Scientist,PhD,Mathematics,2,3,0,1,7,4,6,68.6,8,54.14,38.63,87.87,66.34,65.62,72.6,61.8,56.31,Junior,2,Beginner,1
C04238,UI/UX Designer,Master's,Computer Science,12,9,1,0,7,4,6,61.72,10,67.39,76.52,80.9,81.87,74.98,67.93,75.21,64.21,Senior,2,Beginner,0
C04239,DevOps Engineer,Master's,Other,8,15,5,1,3,3,6,54.19,6,61.38,57.3,43.68,100.0,77.87,66.67,72.69,57.02,Senior,3,Beginner,0
C04240,Full Stack Developer,Bachelor's,Information Technology,11,11,2,1,7,5,7,69.27,7,76.74,73.21,91.5,89.06,73.85,70.25,79.66,68.79,Senior,2,Beginner,1
C04241,Cybersecurity Analyst,Bachelor's,Electronics,6,3,2,0,3,3,6,46.67,4,42.68,45.17,72.9,63.37,45.86,49.17,51.73,44.53,Mid-Level,3,Not Ready,1
C04242,Frontend Developer,Bachelor's,Information Technology,1,4,0,1,6,4,6,61.97,2,62.48,33.22,88.71,64.09,61.02,59.61,60.19,58.28,Junior,2,Beginner,0
C04243,Mobile App Developer,PhD,Electronics,3,3,5,0,10,2,6,36.24,5,23.96,31.27,65.48,82.83,54.44,45.59,55.56,43.4,Mid-Level,4,Not Ready,0
C04244,Frontend Developer,Master's,Software Engineering,4,8,1,1,12,4,6,62.84,5,58.27,45.65,99.78,78.4,76.31,64.78,71.98,64.03,Mid-Level,2,Beginner,1
C04245,Cloud Engineer,Bachelor's,Other,12,13,1,1,5,3,6,53.0,7,66.47,64.94,30.71,88.15,72.14,56.18,66.42,54.62,Senior,3,Beginner,1
C04246,DevOps Engineer,Bachelor's,Information Technology,2,2,2,1,3,3,6,50.17,10,50.28,27.35,94.61,58.77,45.73,51.07,53.2,47.1,Junior,3,Not Ready,0
C04247,Cybersecurity Analyst,Bachelor's,Computer Science,11,12,4,1,10,5,6,85.11,10,81.73,86.29,86.3,97.73,86.58,86.84,86.42,78.94,Senior,1,Intermediate,1
C04248,UI/UX Designer,Bachelor's,Computer Science,1,4,2,0,7,4,6,68.9,4,58.59,27.31,68.67,67.6,62.18,64.26,58.26,51.54,Junior,2,Beginner,0
C04249,Frontend Developer,Master's,Other,2,5,4,1,5,2,6,29.79,8,30.61,23.41,36.32,78.58,55.82,41.39,50.0,35.3,Junior,4,Not Ready,0
C04250,Cybersecurity Analyst,Master's,Electronics,12,12,4,1,11,4,6,64.99,2,64.82,70.94,83.21,97.24,80.09,73.88,77.04,63.85,Senior,2,Beginner,1
C04251,Cloud Engineer,Bachelor's,Computer Science,7,9,2,1,6,5,6,86.25,7,81.42,63.6,87.02,87.4,94.65,87.96,86.32,78.75,Mid-Level,1,Intermediate,0
C04252,Cybersecurity Analyst,Bachelor's,Information Technology,10,10,2,1,11,5,6,82.8,6,80.64,85.13,92.88,84.55,84.33,79.71,84.83,81.52,Senior,1,Intermediate,1
C04253,QA Engineer,Bachelor's,Software Engineering,1,4,0,1,3,3,6,48.53,7,39.37,28.81,85.82,58.8,49.18,48.21,49.99,38.66,Junior,3,Not Ready,0
C04254,DevOps Engineer,Bachelor's,Software Engineering,2,3,3,0,6,4,6,62.4,4,64.12,37.71,91.58,60.98,68.34,66.7,65.18,62.14,Junior,2,Beginner,0
C04255,Cybersecurity Analyst,Bachelor's,Other,6,8,5,1,8,2,6,31.81,7,31.47,44.13,31.28,93.39,62.72,44.19,57.38,40.76,Mid-Level,4,Not Ready,0
C04256,DevOps Engineer,Master's,Software Engineering,4,6,5,1,5,4,6,62.35,3,64.98,41.37,99.0,91.03,68.76,68.24,73.41,66.43,Mid-Level,2,Beginner,1
C04257,Full Stack Developer,Master's,Computer Science,1,1,2,2,10,5,7,66.54,8,54.74,34.43,95.84,62.78,62.08,62.46,60.53,58.09,Junior,2,Beginner,0
C04258,Data Analyst,Bachelor's,Business,9,10,4,0,10,4,6,69.93,7,64.58,73.58,65.77,95.75,80.29,78.3,78.85,65.99,Senior,2,Beginner,0
C04259,Frontend Developer,Bachelor's,Information Technology,12,13,1,0,6,4,6,63.52,6,78.96,70.83,86.16,90.93,75.7,69.86,78.85,67.28,Senior,2,Beginner,1
C04260,Product Designer,Bachelor's,Business,0,1,1,0,8,3,6,47.73,5,37.69,24.91,68.28,50.96,55.31,53.16,50.14,46.78,Fresher,3,Not Ready,0
C04261,Python Developer,Master's,Software Engineering,12,5,5,0,13,5,6,81.52,5,73.98,85.41,100.0,94.64,90.31,81.78,90.88,83.23,Senior,1,Intermediate,1
C04262,Mobile App Developer,PhD,Software Engineering,8,5,5,0,5,5,6,83.59,5,81.09,72.06,96.41,86.9,80.07,82.06,82.93,82.51,Senior,1,Intermediate,1
C04263,Product Designer,Bachelor's,Other,2,5,2,2,7,2,6,28.84,5,28.99,22.75,25.38,63.92,46.52,33.3,40.12,29.0,Junior,4,Not Ready,0
C04264,Backend Developer,Master's,Other,6,9,3,1,7,3,6,50.05,10,56.41,49.76,41.68,90.29,66.01,63.06,60.51,50.93,Mid-Level,3,Beginner,0
C04265,Java Developer,Master's,Computer Science,11,14,0,1,6,5,6,85.31,10,88.32,82.74,100.0,89.03,89.14,89.8,89.68,76.17,Senior,1,Intermediate,0
C04266,Frontend Developer,Diploma,Information Technology,7,5,5,1,10,4,6,70.22,7,55.72,58.2,81.44,80.18,74.67,74.29,74.02,64.44,Mid-Level,2,Beginner,0
C04267,Machine Learning Engineer,Bachelor's,Information Technology,6,6,5,1,6,4,6,70.57,2,55.28,59.71,83.89,75.6,74.81,70.61,70.82,68.13,Mid-Level,2,Beginner,0
C04268,QA Engineer,Bachelor's,Computer Science,9,10,3,1,7,4,6,71.48,4,62.11,76.92,71.61,93.61,83.65,72.42,79.33,66.66,Senior,2,Beginner,1
C04269,Data Scientist,Bachelor's,Data Science,5,8,4,1,11,4,6,70.27,6,70.07,46.94,96.43,87.62,77.77,73.69,78.2,62.38,Mid-Level,2,Beginner,1
C04270,Python Developer,Master's,Computer Science,13,12,1,1,6,5,6,88.11,8,80.06,87.11,100.0,86.25,85.89,83.37,86.27,84.55,Senior,1,Intermediate,1
C04271,Machine Learning Engineer,Bachelor's,Computer Science,10,15,2,1,9,5,6,81.79,8,89.13,85.61,85.13,82.81,88.16,81.54,86.2,83.02,Senior,1,Intermediate,1
C04272,Full Stack Developer,Bachelor's,Software Engineering,4,8,0,1,9,5,7,71.12,3,66.03,46.69,93.1,60.52,73.82,70.5,67.34,57.58,Mid-Level,2,Beginner,0
C04273,Full Stack Developer,Diploma,Software Engineering,4,4,5,0,6,4,7,58.7,4,50.21,39.24,86.63,60.88,55.53,58.25,56.84,51.8,Mid-Level,3,Beginner,0
C04274,Cloud Engineer,Master's,Information Technology,14,7,1,1,6,5,6,82.69,10,74.49,81.33,100.0,85.39,90.91,83.22,86.94,80.64,Senior,1,Intermediate,1
C04275,Cybersecurity Analyst,Bachelor's,Computer Science,8,8,3,1,7,5,6,82.11,9,75.73,74.74,94.82,80.28,78.31,83.95,79.87,73.68,Senior,1,Beginner,0
C04276,Cloud Engineer,Bachelor's,Software Engineering,0,0,2,0,6,3,6,52.56,4,18.07,28.83,90.01,60.75,62.97,56.32,59.75,41.64,Fresher,3,Not Ready,0
C04277,Data Analyst,Bachelor's,Data Science,7,7,4,1,5,4,6,62.89,10,71.77,58.42,92.72,88.15,66.89,66.12,70.47,61.25,Mid-Level,2,Beginner,0
C04278,Data Scientist,Master's,Mathematics,1,6,2,1,10,3,6,46.55,9,53.56,30.63,87.28,67.01,53.36,48.59,53.6,49.38,Junior,3,Not Ready,0
C04279,Cloud Engineer,Bachelor's,Software Engineering,4,4,4,1,9,4,6,64.24,2,66.81,46.11,92.95,79.7,62.64,62.39,65.78,62.16,Mid-Level,2,Beginner,1
C04280,Data Analyst,Diploma,Data Science,2,3,1,0,9,4,6,66.31,4,65.71,36.4,82.29,55.37,67.9,62.19,59.24,54.7,Junior,2,Beginner,0
C04281,Mobile App Developer,Bachelor's,Software Engineering,7,10,0,0,11,3,6,48.91,7,51.96,56.37,98.64,74.37,61.18,49.48,65.26,49.75,Mid-Level,3,Not Ready,0
C04282,Python Developer,Bachelor's,Information Technology,9,9,2,0,12,5,6,79.23,5,77.33,75.14,94.67,82.59,82.64,79.75,80.99,71.66,Senior,1,Beginner,1
C04283,Frontend Developer,Master's,Other,14,15,1,0,6,3,6,45.67,9,66.39,70.13,41.31,86.89,60.82,52.35,60.85,51.73,Senior,3,Beginner,0
C04284,QA Engineer,Bachelor's,Business,11,8,5,1,11,4,6,62.61,6,72.91,73.46,56.29,96.95,72.38,72.89,74.98,65.22,Senior,2,Beginner,1
C04285,DevOps Engineer,Bachelor's,Software Engineering,3,3,1,1,4,4,6,64.41,6,54.71,36.9,85.88,58.45,54.97,59.32,57.2,55.52,Mid-Level,2,Beginner,0
C04286,Product Designer,Bachelor's,Information Technology,5,10,4,0,4,4,6,67.76,7,75.01,45.58,61.28,82.6,76.88,70.48,69.29,65.07,Mid-Level,2,Beginner,1
C04287,Data Analyst,Master's,Computer Science,12,14,1,1,9,5,6,88.16,6,91.23,88.26,95.32,88.97,87.55,92.05,86.1,81.52,Senior,1,Intermediate,1
C04288,Java Developer,Master's,Computer Science,11,8,1,1,9,5,6,81.8,4,72.23,78.93,100.0,82.59,77.43,83.57,83.99,78.38,Senior,1,Intermediate,0
C04289,Java Developer,Bachelor's,Software Engineering,8,8,5,1,5,5,6,85.49,5,82.98,69.03,90.97,92.75,88.02,86.22,85.75,78.92,Senior,1,Intermediate,1
C04290,Data Analyst,Bachelor's,Information Technology,8,7,0,0,7,5,6,85.91,7,81.67,71.2,80.79,64.73,71.38,77.47,71.33,74.27,Senior,1,Beginner,1
C04291,Python Developer,Diploma,Computer Science,0,1,0,1,10,3,6,51.89,5,39.98,24.34,84.93,44.21,51.27,47.58,48.91,40.78,Fresher,3,Not Ready,0
C04292,Mobile App Developer,Diploma,Information Technology,3,6,1,0,11,4,6,64.58,5,55.6,38.7,82.71,61.52,68.73,61.11,62.31,58.25,Mid-Level,2,Beginner,1
C04293,Data Analyst,Master's,Information Technology,6,4,3,0,5,4,6,69.54,3,53.29,51.8,90.84,75.17,67.19,71.33,71.89,58.71,Mid-Level,2,Beginner,0
C04294,QA Engineer,Diploma,Computer Science,1,4,0,1,12,4,6,61.76,2,54.49,26.94,62.16,45.31,48.84,58.16,48.63,47.88,Junior,2,Not Ready,0
C04295,Data Scientist,Bachelor's,Information Technology,3,8,4,0,9,4,6,62.07,7,70.47,33.92,81.34,74.49,63.98,67.67,64.92,57.67,Mid-Level,2,Beginner,0
C04296,Cloud Engineer,Bachelor's,Software Engineering,0,0,3,0,9,2,6,29.49,9,0.77,13.71,88.33,62.92,39.32,39.95,44.53,29.37,Fresher,4,Not Ready,0
C04297,QA Engineer,Bachelor's,Computer Science,3,5,5,0,6,4,6,67.3,5,52.95,36.75,73.1,73.13,62.52,65.92,64.66,61.38,Mid-Level,2,Beginner,0
C04298,Cloud Engineer,Bachelor's,Computer Science,6,3,3,1,10,4,6,67.19,9,63.28,54.36,80.88,80.03,76.14,66.73,70.79,68.51,Mid-Level,2,Beginner,1
C04299,Cybersecurity Analyst,Bachelor's,Information Technology,3,8,2,1,12,4,6,64.03,8,68.03,40.39,92.35,70.22,62.53,67.22,67.28,62.8,Mid-Level,2,Beginner,0
C04300,Mobile App Developer,Bachelor's,Software Engineering,6,8,4,1,6,4,6,68.93,3,72.94,58.46,93.42,76.51,77.88,73.23,74.06,72.54,Mid-Level,2,Beginner,1
C04301,Cybersecurity Analyst,Bachelor's,Other,6,7,1,0,3,2,6,38.26,5,31.64,42.94,29.8,68.85,52.61,39.73,52.0,35.48,Mid-Level,4,Not Ready,0
C04302,Mobile App Developer,Master's,Software Engineering,11,8,5,1,12,5,6,79.8,2,82.98,85.85,98.61,99.74,93.15,86.12,91.47,85.55,Senior,1,Intermediate,1
C04303,QA Engineer,Diploma,Information Technology,7,10,1,0,5,4,6,68.81,6,69.55,64.24,71.1,68.9,64.34,63.95,65.22,57.99,Mid-Level,2,Beginner,1
C04304,QA Engineer,Bachelor's,Computer Science,0,3,3,3,7,1,6,21.38,6,25.78,12.71,76.37,68.64,40.91,27.65,42.73,25.99,Fresher,5,Not Ready,0
C04305,Product Designer,Master's,Design,2,6,4,2,5,3,6,48.95,9,54.78,26.76,98.55,74.44,54.59,58.54,60.91,49.31,Junior,3,Not Ready,0
C04306,Backend Developer,Bachelor's,Data Science,7,3,2,1,4,3,6,49.39,2,39.26,56.37,58.27,69.85,56.73,56.38,59.85,46.19,Mid-Level,3,Not Ready,0
C04307,Data Scientist,Master's,Computer Science,6,7,5,1,8,4,6,64.73,9,56.79,53.38,91.65,87.16,80.03,69.67,75.91,67.67,Mid-Level,2,Beginner,1
C04308,Data Scientist,Master's,Mathematics,8,7,4,0,11,4,6,62.51,4,71.62,65.47,86.43,93.61,76.76,68.44,79.59,70.02,Senior,2,Beginner,0
C04309,Product Designer,Bachelor's,Other,12,10,0,1,8,4,6,69.13,4,61.72,74.46,31.17,82.7,75.65,67.96,71.34,59.87,Senior,2,Beginner,1
C04310,Machine Learning Engineer,Bachelor's,Information Technology,2,4,2,2,8,4,6,68.35,8,67.2,37.24,83.52,59.68,69.75,69.48,64.74,56.04,Junior,2,Beginner,0
C04311,Java Developer,Master's,Information Technology,11,7,5,0,7,5,6,87.22,6,77.08,85.28,100.0,97.89,92.7,88.41,92.48,88.4,Senior,1,Intermediate,1
C04312,QA Engineer,Master's,Information Technology,11,12,2,1,12,5,6,82.21,2,87.29,80.0,90.67,90.25,90.71,87.95,85.09,78.99,Senior,1,Intermediate,0
C04313,Data Analyst,Bachelor's,Other,11,10,3,0,10,3,6,53.3,4,57.62,70.94,31.07,91.35,72.66,56.66,66.52,59.52,Senior,3,Beginner,0
C04314,Backend Developer,Master's,Software Engineering,1,6,1,0,8,3,6,51.99,7,49.22,22.56,98.17,63.68,51.25,55.16,56.55,44.34,Junior,3,Not Ready,0
C04315,Cybersecurity Analyst,Master's,Electronics,8,13,0,0,10,5,6,80.38,7,79.37,72.44,78.65,84.98,89.5,82.6,81.91,75.77,Senior,1,Intermediate,1
C04316,Cybersecurity Analyst,Master's,Information Technology,11,10,1,0,5,4,6,63.29,5,76.07,70.22,100.0,84.3,69.64,63.05,72.49,69.51,Senior,2,Beginner,1
C04317,Frontend Developer,PhD,Computer Science,15,11,5,1,13,5,6,81.51,7,80.41,86.54,96.27,100.0,94.74,81.11,93.72,85.01,Senior,1,Intermediate,0
C04318,Cloud Engineer,Bachelor's,Software Engineering,5,6,2,1,6,5,6,86.81,5,76.37,57.89,90.35,76.94,77.6,87.24,77.11,71.59,Mid-Level,1,Beginner,1
C04319,Cybersecurity Analyst,Bachelor's,Computer Science,4,3,0,1,9,5,6,84.54,8,79.01,51.62,87.46,67.93,74.68,77.18,74.08,67.15,Mid-Level,1,Beginner,1
C04320,Machine Learning Engineer,PhD,Mathematics,7,3,2,0,7,4,6,62.17,2,52.9,58.25,92.99,80.96,62.08,70.36,69.59,55.04,Mid-Level,2,Beginner,1
C04321,Product Designer,Diploma,Business,3,3,5,1,5,4,6,71.52,8,55.31,37.08,56.44,57.15,70.73,70.83,63.91,57.51,Mid-Level,2,Beginner,0
C04322,QA Engineer,Diploma,Other,3,3,1,0,6,2,6,36.21,3,28.08,34.74,21.81,58.33,49.29,38.77,42.47,30.49,Mid-Level,4,Not Ready,0
C04323,Python Developer,Diploma,Data Science,4,7,0,0,10,4,6,67.56,4,69.24,43.28,76.68,54.09,56.94,64.5,56.47,58.05,Mid-Level,2,Beginner,0
C04324,Machine Learning Engineer,Master's,Information Technology,6,3,5,0,6,5,6,79.2,7,75.94,54.58,98.81,91.49,80.93,78.78,80.46,69.18,Mid-Level,1,Beginner,0
C04325,QA Engineer,Bachelor's,Software Engineering,9,11,2,1,6,5,6,86.24,4,79.17,74.4,87.17,87.77,93.56,82.4,84.47,78.95,Senior,1,Intermediate,1
C04326,Data Analyst,Bachelor's,Data Science,5,3,1,1,8,4,6,64.15,7,57.44,51.55,95.21,72.14,67.41,64.3,66.73,61.15,Mid-Level,2,Beginner,0
C04327,QA Engineer,Master's,Computer Science,2,3,2,0,4,4,6,69.02,7,51.88,33.39,87.13,68.36,65.56,64.73,66.07,60.0,Junior,2,Beginner,0
C04328,DevOps Engineer,Bachelor's,Information Technology,9,12,0,0,11,5,6,79.11,7,89.61,75.84,94.23,71.47,72.36,73.69,75.09,76.74,Senior,1,Intermediate,0
C04329,Backend Developer,Bachelor's,Software Engineering,12,6,3,0,5,5,6,80.83,5,80.12,83.14,95.84,88.79,76.44,82.72,85.05,81.79,Senior,1,Intermediate,1
C04330,Frontend Developer,Bachelor's,Computer Science,2,2,2,0,10,4,6,70.24,10,56.07,31.77,85.21,63.99,75.46,72.38,67.5,57.86,Junior,2,Beginner,0
C04331,Data Analyst,Master's,Computer Science,1,2,0,1,7,4,6,65.99,7,58.9,27.34,99.7,64.22,66.73,70.14,61.11,57.28,Junior,2,Beginner,0
C04332,Cybersecurity Analyst,Bachelor's,Information Technology,6,10,0,1,12,4,6,71.32,10,61.41,53.57,91.69,72.78,64.88,76.27,69.81,64.35,Mid-Level,2,Beginner,0
C04333,Machine Learning Engineer,Bachelor's,Mathematics,5,5,4,0,13,5,6,79.61,8,80.6,51.56,80.24,78.74,75.76,79.23,76.18,65.99,Mid-Level,1,Beginner,1
C04334,Python Developer,PhD,Information Technology,11,7,5,1,10,5,6,87.57,8,83.75,83.03,95.44,100.0,87.42,90.84,89.67,86.46,Senior,1,Intermediate,0
C04335,UI/UX Designer,Bachelor's,Design,12,9,5,0,6,5,6,79.95,8,75.52,85.13,98.6,97.58,88.45,80.79,87.77,79.57,Senior,1,Intermediate,0
C04336,Java Developer,Bachelor's,Other,10,12,2,1,11,4,6,71.66,2,70.68,75.05,30.89,87.66,85.64,70.17,74.33,63.86,Senior,2,Beginner,1
C04337,QA Engineer,Diploma,Business,5,9,5,1,3,3,6,53.61,2,53.3,48.18,47.42,81.47,64.27,61.32,59.89,58.47,Mid-Level,3,Beginner,0
C04338,Cybersecurity Analyst,Bachelor's,Information Technology,10,6,4,1,5,4,6,65.73,8,61.66,69.99,95.19,81.51,76.97,71.99,75.05,68.64,Senior,2,Beginner,0
C04339,Mobile App Developer,Master's,Other,11,9,2,1,4,3,6,52.82,10,51.14,69.77,35.03,88.07,71.05,62.36,69.63,54.01,Senior,3,Beginner,1
C04340,Data Analyst,Bachelor's,Computer Science,7,4,0,1,4,4,6,69.95,5,53.86,63.02,89.82,70.98,78.34,70.19,70.68,66.3,Mid-Level,2,Beginner,1
C04341,Mobile App Developer,Bachelor's,Computer Science,1,3,1,2,5,3,6,48.24,4,51.29,29.72,85.02,64.68,59.79,47.35,57.21,52.12,Junior,3,Beginner,0
C04342,DevOps Engineer,Diploma,Electronics,2,1,5,1,10,2,6,34.8,3,35.6,27.28,42.7,58.47,38.58,37.57,41.0,34.9,Junior,4,Not Ready,0
C04343,Cybersecurity Analyst,Diploma,Electronics,4,5,3,1,6,4,6,68.99,6,63.13,49.81,59.1,59.76,69.3,71.41,60.67,64.9,Mid-Level,2,Beginner,0
C04344,Full Stack Developer,Bachelor's,Information Technology,5,8,1,1,6,6,7,81.15,6,79.48,57.46,92.57,67.74,68.55,81.5,71.77,65.73,Mid-Level,1,Beginner,0
C04345,DevOps Engineer,Bachelor's,Software Engineering,0,1,3,2,9,3,6,45.32,4,47.39,21.16,93.87,53.73,55.83,42.72,51.82,46.63,Fresher,3,Not Ready,0
C04346,Java Developer,Bachelor's,Information Technology,2,5,1,2,5,4,6,71.31,7,61.62,39.29,89.55,68.8,67.41,71.57,64.65,60.91,Junior,2,Beginner,0
C04347,Full Stack Developer,Bachelor's,Information Technology,6,5,4,1,10,5,7,74.88,5,68.34,55.14,88.17,81.63,77.26,77.17,76.42,69.74,Mid-Level,2,Beginner,0
C04348,Frontend Developer,Master's,Electronics,2,6,1,2,2,1,6,17.53,10,21.36,25.99,57.86,70.17,42.99,23.99,41.17,23.15,Junior,5,Not Ready,0
C04349,Product Designer,Master's,Information Technology,12,11,2,1,6,5,6,78.8,3,83.23,75.85,70.27,95.52,81.94,84.38,81.89,78.57,Senior,1,Intermediate,1
C04350,Product Designer,Diploma,Other,5,5,5,1,4,2,6,34.69,7,32.16,41.37,21.4,73.32,42.43,45.77,45.83,38.2,Mid-Level,4,Not Ready,0
C04351,Full Stack Developer,PhD,Software Engineering,3,3,0,1,12,5,7,74.26,2,60.63,37.13,100.0,66.69,70.11,75.19,66.43,58.18,Mid-Level,2,Beginner,0
C04352,Data Scientist,Diploma,Data Science,6,9,1,0,9,5,6,87.09,2,83.83,57.73,85.27,70.74,74.53,82.67,72.58,74.05,Mid-Level,1,Beginner,1
C04353,Product Designer,Master's,Design,1,1,1,1,6,4,6,66.77,10,52.69,32.92,100.0,60.04,59.81,69.59,60.47,60.47,Junior,2,Beginner,0
C04354,DevOps Engineer,Bachelor's,Computer Science,8,8,2,0,5,5,6,83.36,4,76.69,70.18,81.5,73.2,75.95,77.16,78.32,74.8,Senior,1,Beginner,0
C04355,Cybersecurity Analyst,Bachelor's,Business,0,0,2,3,5,1,6,18.13,8,10.95,11.05,52.79,49.29,24.13,22.25,30.37,22.64,Fresher,5,Not Ready,0
C04356,Machine Learning Engineer,Bachelor's,Information Technology,12,8,5,1,12,4,6,61.77,3,68.45,74.02,87.16,88.14,79.16,70.8,77.18,75.08,Senior,2,Intermediate,1
C04357,UI/UX Designer,Bachelor's,Other,3,3,0,1,5,2,6,33.04,6,24.44,28.51,27.11,60.04,40.94,34.21,40.55,30.82,Mid-Level,4,Not Ready,0
C04358,Cybersecurity Analyst,Master's,Information Technology,8,15,1,1,11,5,6,85.17,3,78.88,71.27,100.0,84.25,81.54,81.26,82.84,73.95,Senior,1,Beginner,0
C04359,Java Developer,Master's,Software Engineering,8,7,5,1,10,5,6,85.85,4,74.7,69.68,100.0,95.5,82.42,91.09,86.89,74.84,Senior,1,Beginner,1
C04360,QA Engineer,Master's,Business,5,4,2,1,5,4,6,68.45,4,57.68,48.42,66.36,72.05,67.62,69.82,64.18,55.55,Mid-Level,2,Beginner,0
C04361,Data Analyst,Diploma,Data Science,2,2,0,2,10,3,6,46.49,4,50.36,30.09,86.7,39.8,41.98,46.66,48.06,43.21,Junior,3,Not Ready,0
C04362,Cybersecurity Analyst,Bachelor's,Electronics,7,9,4,1,9,3,6,46.98,2,53.65,55.13,67.12,93.0,63.69,54.41,63.95,53.34,Mid-Level,3,Beginner,0
C04363,Mobile App Developer,Bachelor's,Software Engineering,8,12,4,0,11,5,6,79.31,9,87.83,65.19,99.0,89.82,85.18,83.51,82.57,80.87,Senior,1,Intermediate,0
C04364,Mobile App Developer,Bachelor's,Software Engineering,2,1,5,2,7,4,6,69.79,10,61.72,31.84,92.66,70.05,62.6,71.59,63.09,60.76,Junior,2,Beginner,0
C04365,Cybersecurity Analyst,Bachelor's,Computer Science,3,9,0,1,5,5,6,85.98,7,81.78,43.79,91.99,66.01,72.55,85.02,71.19,69.82,Mid-Level,1,Beginner,0
C04366,Backend Developer,Master's,Computer Science,8,10,2,1,9,5,6,86.41,2,84.23,72.96,100.0,88.94,80.48,84.42,86.23,82.68,Senior,1,Intermediate,1
C04367,Cybersecurity Analyst,Master's,Electronics,12,7,1,0,9,5,6,86.28,3,79.21,82.45,76.15,79.51,89.23,84.39,83.95,81.91,Senior,1,Intermediate,1
C04368,Frontend Developer,Master's,Computer Science,12,5,2,0,9,4,6,62.92,3,64.68,69.49,99.11,87.32,67.8,68.69,76.29,66.64,Senior,2,Beginner,1
C04369,Cybersecurity Analyst,Bachelor's,Information Technology,9,9,4,1,13,5,6,83.37,3,85.81,81.74,99.47,89.5,87.51,85.41,87.1,78.83,Senior,1,Intermediate,0
C04370,Python Developer,Bachelor's,Computer Science,7,3,1,1,9,5,6,85.95,3,73.06,68.16,85.47,69.94,78.57,84.33,79.53,75.29,Mid-Level,1,Intermediate,0
C04371,UI/UX Designer,Bachelor's,Computer Science,1,5,2,0,11,4,6,69.87,7,53.27,27.28,72.83,66.14,73.28,69.73,63.12,53.89,Junior,2,Beginner,0
C04372,Backend Developer,Master's,Data Science,9,5,5,0,9,5,6,81.16,6,78.95,73.15,65.37,91.23,83.7,79.29,78.78,77.02,Senior,1,Intermediate,1
C04373,Backend Developer,Diploma,Information Technology,1,5,1,0,3,3,6,50.77,10,54.38,32.11,78.08,45.38,42.02,51.82,48.66,45.15,Junior,3,Not Ready,0
C04374,Machine Learning Engineer,Master's,Other,5,9,2,0,10,3,6,51.34,4,57.34,48.39,48.22,89.89,71.73,60.68,64.58,53.24,Mid-Level,3,Beginner,1
C04375,Backend Developer,Bachelor's,Computer Science,6,3,0,0,9,4,6,71.27,3,62.54,51.64,86.87,66.21,70.51,66.09,71.22,62.53,Mid-Level,2,Beginner,1
C04376,QA Engineer,Master's,Information Technology,3,7,1,1,11,4,6,67.43,6,71.31,42.77,86.31,74.2,75.66,72.1,66.44,59.03,Mid-Level,2,Beginner,0
C04377,UI/UX Designer,Bachelor's,Other,11,12,5,1,10,3,6,49.88,10,64.16,69.02,34.26,100.0,67.11,57.77,65.32,57.92,Senior,3,Beginner,0
C04378,Python Developer,Bachelor's,Computer Science,10,8,4,1,12,5,6,80.37,7,85.77,76.2,94.66,83.73,87.93,76.43,86.57,78.67,Senior,1,Intermediate,1
C04379,Backend Developer,Master's,Computer Science,12,14,4,0,9,4,6,69.77,7,81.09,79.65,100.0,100.0,77.52,74.32,82.08,71.27,Senior,2,Beginner,1
C04380,Product Designer,Diploma,Design,2,6,1,1,3,3,6,45.61,3,43.87,34.35,80.7,59.48,56.91,52.06,56.39,42.6,Junior,3,Not Ready,0
C04381,Product Designer,Bachelor's,Design,5,9,2,1,5,4,6,64.94,9,59.58,48.72,90.79,82.22,68.83,71.06,67.72,59.5,Mid-Level,2,Beginner,0
C04382,UI/UX Designer,Master's,Other,9,8,3,1,5,3,6,54.89,6,56.04,64.91,35.01,94.85,71.41,63.38,68.21,55.02,Senior,3,Beginner,1
C04383,UI/UX Designer,Bachelor's,Information Technology,3,10,1,0,10,4,6,67.91,7,65.79,44.26,60.23,71.36,70.91,65.55,63.06,53.62,Mid-Level,2,Beginner,1
C04384,Full Stack Developer,Bachelor's,Software Engineering,0,0,2,3,5,4,7,53.73,9,3.41,20.58,91.89,61.99,63.14,56.29,57.94,46.38,Fresher,3,Not Ready,0
C04385,QA Engineer,Bachelor's,Software Engineering,0,3,2,2,6,3,6,51.35,5,40.88,21.76,84.0,54.82,51.98,48.66,51.2,40.6,Fresher,3,Not Ready,0
C04386,Cybersecurity Analyst,Bachelor's,Information Technology,3,8,3,1,4,3,6,46.93,6,55.09,36.54,91.12,67.53,54.61,53.26,59.42,50.88,Mid-Level,3,Beginner,0
C04387,Python Developer,Master's,Information Technology,11,5,3,1,12,5,6,84.74,6,67.83,79.9,100.0,86.03,84.71,86.25,86.84,75.61,Senior,1,Intermediate,1
C04388,UI/UX Designer,Diploma,Design,2,5,1,0,12,4,6,69.17,3,59.92,35.03,80.96,50.21,66.04,61.35,59.41,57.66,Junior,2,Beginner,1
C04389,Full Stack Developer,Diploma,Computer Science,2,6,2,1,5,5,7,70.48,8,70.04,33.95,82.83,53.43,60.08,69.72,61.42,60.73,Junior,2,Beginner,0
C04390,Data Scientist,Bachelor's,Computer Science,9,5,4,1,11,5,6,86.97,2,71.34,81.33,83.28,81.83,86.07,85.16,82.7,76.18,Senior,1,Intermediate,0
C04391,Frontend Developer,Diploma,Information Technology,8,8,0,1,10,4,6,64.25,10,58.55,64.26,78.42,71.11,64.55,60.93,66.63,62.6,Senior,2,Beginner,0
C04392,Full Stack Developer,Bachelor's,Other,5,6,0,0,3,3,7,47.56,5,48.61,45.25,31.84,62.1,57.06,48.94,51.57,39.39,Mid-Level,4,Not Ready,0
C04393,Mobile App Developer,Bachelor's,Information Technology,12,12,3,1,13,5,6,83.05,3,88.59,82.44,89.59,92.22,92.18,85.15,90.88,80.01,Senior,1,Intermediate,1
C04394,DevOps Engineer,Bachelor's,Computer Science,8,11,5,1,7,5,6,82.2,8,86.34,66.6,85.7,95.35,92.1,89.65,85.47,79.34,Senior,1,Intermediate,0
C04395,Cloud Engineer,Bachelor's,Computer Science,9,7,0,0,12,4,6,71.45,6,60.16,71.51,87.57,69.85,77.42,70.77,74.56,63.36,Senior,2,Beginner,0
C04396,Backend Developer,Master's,Information Technology,2,4,4,1,11,3,6,46.14,5,51.6,33.3,100.0,70.85,55.95,46.36,57.12,50.12,Junior,3,Beginner,0
C04397,Cloud Engineer,PhD,Software Engineering,10,11,0,1,13,5,6,82.73,10,75.46,83.95,100.0,92.39,91.54,88.95,88.6,76.92,Senior,1,Intermediate,1
C04398,DevOps Engineer,Bachelor's,Electronics,11,7,4,0,11,3,6,48.17,6,48.77,70.52,48.17,87.68,71.23,54.29,64.39,52.75,Senior,3,Beginner,0
C04399,Python Developer,Bachelor's,Computer Science,12,13,5,0,10,5,6,86.29,6,80.16,84.23,85.8,98.17,97.62,90.28,94.41,81.42,Senior,1,Intermediate,1
C04400,Cybersecurity Analyst,Master's,Business,6,3,5,1,4,3,6,50.06,6,36.78,46.1,57.8,76.32,64.98,51.63,59.68,56.06,Mid-Level,3,Beginner,0
C04401,Java Developer,Diploma,Software Engineering,6,7,1,0,7,5,6,81.12,8,82.12,61.7,82.72,56.5,70.12,76.4,70.81,71.29,Mid-Level,1,Beginner,1
C04402,Mobile App Developer,Bachelor's,Software Engineering,5,10,3,0,11,4,6,66.45,2,68.73,45.64,90.27,86.93,71.23,69.01,72.87,60.29,Mid-Level,2,Beginner,0
C04403,DevOps Engineer,Bachelor's,Computer Science,12,7,3,0,9,5,6,87.73,4,76.34,84.19,82.09,78.1,82.24,81.54,84.09,76.91,Senior,1,Intermediate,1
C04404,Machine Learning Engineer,Diploma,Information Technology,8,13,4,0,7,4,6,70.92,4,72.85,65.07,71.0,71.74,71.74,67.31,70.3,66.13,Senior,2,Beginner,0
C04405,Mobile App Developer,Bachelor's,Electronics,12,15,0,0,11,4,6,71.36,6,69.5,76.49,52.68,78.82,80.24,69.31,74.21,66.36,Senior,2,Beginner,1
C04406,Frontend Developer,Master's,Information Technology,7,9,5,0,6,4,6,70.95,2,70.35,57.24,100.0,93.88,81.16,77.43,77.78,73.03,Mid-Level,2,Beginner,1
C04407,Full Stack Developer,Diploma,Information Technology,8,14,0,1,13,6,7,90.3,7,91.75,71.36,80.91,61.43,80.47,81.75,78.08,72.43,Senior,1,Beginner,1
C04408,Python Developer,Master's,Data Science,11,15,0,0,10,5,6,80.4,4,94.0,84.25,97.61,80.56,79.26,76.12,80.11,74.93,Senior,1,Beginner,1
C04409,DevOps Engineer,PhD,Information Technology,8,9,0,1,10,5,6,87.38,3,76.1,70.51,96.45,91.62,91.73,87.74,89.82,73.5,Senior,1,Beginner,1
C04410,Full Stack Developer,Bachelor's,Software Engineering,3,4,2,1,5,5,7,68.53,6,62.73,42.93,91.34,67.74,68.41,72.09,68.14,57.44,Mid-Level,2,Beginner,0
C04411,Full Stack Developer,Bachelor's,Software Engineering,8,13,5,1,14,6,7,85.43,3,93.25,75.35,94.1,84.51,79.22,87.81,80.69,83.82,Senior,1,Intermediate,1
C04412,Java Developer,Bachelor's,Electronics,1,4,4,0,3,2,6,37.3,6,33.78,24.81,50.08,76.09,48.72,47.01,47.71,34.46,Junior,4,Not Ready,1
C04413,Data Scientist,Diploma,Information Technology,8,11,2,0,12,5,6,86.7,3,87.54,72.49,66.44,65.44,77.07,84.45,73.21,77.95,Senior,1,Intermediate,0
C04414,Frontend Developer,Diploma,Computer Science,2,6,0,1,4,3,6,49.67,8,42.72,36.43,84.97,52.32,51.82,54.47,54.03,42.54,Junior,3,Not Ready,0
C04415,Mobile App Developer,Bachelor's,Information Technology,5,8,4,1,8,4,6,68.84,10,59.74,54.31,85.76,86.73,76.37,74.04,76.02,65.27,Mid-Level,2,Beginner,1
C04416,Backend Developer,Bachelor's,Other,5,3,2,0,10,3,6,49.66,3,40.11,46.28,33.9,66.48,50.17,55.54,50.81,45.15,Mid-Level,3,Not Ready,0
C04417,Python Developer,Bachelor's,Software Engineering,7,3,3,0,7,4,6,62.48,4,60.48,57.41,91.94,74.2,70.16,67.25,70.75,58.97,Mid-Level,2,Beginner,0
C04418,Cloud Engineer,Bachelor's,Information Technology,5,10,2,1,10,4,6,63.6,3,68.37,51.39,93.85,82.11,76.58,66.29,74.22,59.07,Mid-Level,2,Beginner,0
C04419,Python Developer,Bachelor's,Computer Science,7,8,4,0,7,4,6,63.5,8,72.94,63.68,93.51,89.42,81.09,67.36,77.39,66.64,Mid-Level,2,Beginner,0
C04420,Mobile App Developer,Master's,Information Technology,7,6,5,1,4,4,6,66.74,7,55.34,59.54,100.0,95.87,85.17,68.82,83.85,73.71,Mid-Level,2,Beginner,0
C04421,Cybersecurity Analyst,Master's,Computer Science,1,6,3,2,7,4,6,66.23,2,68.89,32.8,98.85,73.19,66.82,72.09,67.56,64.07,Junior,2,Beginner,0
C04422,QA Engineer,Master's,Business,3,5,5,0,6,3,6,52.67,10,39.8,34.96,73.29,83.57,69.02,60.22,64.92,56.37,Mid-Level,3,Beginner,0
C04423,Data Analyst,Bachelor's,Data Science,2,2,1,2,4,3,6,46.5,9,45.14,34.36,93.24,56.5,47.09,48.41,50.05,43.02,Junior,3,Not Ready,0
C04424,Mobile App Developer,Bachelor's,Computer Science,12,6,2,1,5,4,6,66.33,10,66.22,72.33,88.51,78.34,78.48,67.97,74.05,68.61,Senior,2,Beginner,1
C04425,Frontend Developer,Diploma,Software Engineering,5,4,4,1,11,5,6,80.49,4,79.41,54.31,85.78,72.92,71.54,81.38,74.87,71.12,Mid-Level,1,Beginner,1
C04426,Cybersecurity Analyst,Bachelor's,Computer Science,2,2,1,1,4,3,6,52.39,3,43.5,28.04,91.31,52.55,58.07,47.91,52.79,52.07,Junior,3,Beginner,0
C04427,Backend Developer,Bachelor's,Computer Science,0,0,1,1,6,2,6,33.42,8,12.76,24.36,94.6,46.54,36.54,33.49,40.77,33.81,Fresher,4,Not Ready,0
C04428,Mobile App Developer,Bachelor's,Other,0,3,3,1,5,1,6,14.28,7,14.25,32.16,33.11,66.36,34.02,27.35,39.43,21.93,Fresher,5,Not Ready,0
C04429,Mobile App Developer,Master's,Information Technology,10,6,5,0,13,5,6,83.99,5,72.02,87.32,96.45,93.86,87.49,82.22,89.1,84.66,Senior,1,Intermediate,1
C04430,Data Analyst,Bachelor's,Data Science,9,14,1,1,10,5,6,86.95,5,82.46,78.88,90.3,82.77,82.54,87.53,81.15,76.04,Senior,1,Intermediate,1
C04431,Full Stack Developer,Bachelor's,Information Technology,2,4,3,0,12,4,7,53.07,9,45.34,31.19,91.74,62.82,52.73,57.23,53.32,50.13,Junior,3,Beginner,0
C04432,Cloud Engineer,Master's,Software Engineering,7,5,0,1,7,4,6,65.51,9,62.93,57.91,100.0,79.08,78.7,66.37,76.32,63.49,Mid-Level,2,Beginner,1
C04433,QA Engineer,Bachelor's,Information Technology,8,13,1,1,12,5,6,85.74,2,85.22,74.63,82.52,76.28,76.77,87.21,81.01,80.17,Senior,1,Intermediate,1
C04434,UI/UX Designer,Bachelor's,Information Technology,4,4,1,1,9,4,6,68.77,5,53.53,41.5,60.02,63.08,63.76,71.37,58.63,53.95,Mid-Level,2,Beginner,1
C04435,Data Analyst,Bachelor's,Data Science,8,15,0,1,12,5,6,84.6,8,78.86,72.66,99.68,80.27,82.85,88.31,83.33,76.76,Senior,1,Intermediate,1
C04436,Cloud Engineer,Master's,Computer Science,9,13,5,1,12,5,6,80.8,4,78.27,74.11,98.77,96.05,80.49,88.74,87.29,79.47,Senior,1,Intermediate,0
C04437,Java Developer,Master's,Software Engineering,2,2,0,2,8,3,6,52.2,10,44.11,32.4,100.0,68.3,60.67,56.16,62.21,47.65,Junior,3,Not Ready,0
C04438,Product Designer,Bachelor's,Information Technology,3,10,4,1,9,3,6,51.82,7,59.84,36.67,60.77,78.21,68.93,59.65,61.2,54.86,Mid-Level,3,Beginner,0
C04439,Java Developer,Diploma,Computer Science,1,3,5,1,9,3,6,50.08,6,46.45,27.32,78.8,54.37,56.12,46.27,52.93,49.09,Junior,3,Not Ready,0
C04440,QA Engineer,Bachelor's,Business,6,9,4,1,5,3,6,48.68,6,47.78,52.34,60.95,85.48,58.04,57.65,59.18,55.42,Mid-Level,3,Beginner,1
C04441,Java Developer,Bachelor's,Electronics,8,13,1,0,3,3,6,47.28,9,56.58,57.28,52.73,77.57,53.93,56.45,55.69,47.86,Senior,3,Not Ready,0
C04442,Cloud Engineer,Diploma,Computer Science,6,9,3,1,7,4,6,65.93,6,67.13,58.68,77.28,65.4,59.04,64.02,64.4,58.17,Mid-Level,2,Beginner,0
C04443,Cloud Engineer,Bachelor's,Software Engineering,8,5,1,1,11,5,6,82.34,10,79.09,69.93,87.67,64.72,76.18,82.33,72.23,73.88,Senior,1,Beginner,0
C04444,Backend Developer,Bachelor's,Information Technology,6,9,4,1,5,5,6,78.98,6,75.53,57.04,93.85,89.62,80.57,84.23,81.35,72.59,Mid-Level,1,Beginner,1
C04445,Data Analyst,Bachelor's,Data Science,11,8,1,1,13,5,6,86.82,10,82.22,87.97,99.13,84.45,92.24,83.02,90.37,84.26,Senior,1,Intermediate,0
C04446,Mobile App Developer,Master's,Computer Science,3,4,4,1,4,4,6,61.88,7,59.71,40.08,99.12,81.76,74.13,68.08,67.98,60.74,Mid-Level,2,Beginner,0
C04447,Data Scientist,Bachelor's,Information Technology,2,1,0,0,6,3,6,48.25,7,48.79,27.78,83.47,55.22,50.88,49.08,50.93,45.76,Junior,3,Not Ready,0
C04448,Cloud Engineer,Master's,Software Engineering,2,4,1,1,8,4,6,61.84,5,58.38,37.41,100.0,73.77,65.84,62.23,65.0,57.45,Junior,2,Beginner,1
C04449,Data Analyst,Master's,Computer Science,14,13,3,0,11,5,6,79.43,7,81.17,84.43,95.12,91.66,89.72,81.13,89.5,77.63,Senior,1,Intermediate,1
C04450,Product Designer,Bachelor's,Design,1,2,3,2,10,3,6,48.35,7,47.59,25.29,97.48,71.38,65.14,57.13,60.28,49.34,Junior,3,Not Ready,0
C04451,Data Analyst,Diploma,Information Technology,5,4,2,0,6,4,6,67.97,4,60.55,52.34,66.38,57.27,63.95,64.48,58.92,62.94,Mid-Level,2,Beginner,0
C04452,Java Developer,Bachelor's,Electronics,11,10,4,0,6,3,6,49.12,10,53.04,66.34,45.89,91.67,58.57,57.51,61.94,58.26,Senior,3,Beginner,0
C04453,Full Stack Developer,Diploma,Software Engineering,1,1,5,2,8,4,7,54.4,10,43.28,23.61,85.98,50.94,55.06,58.53,52.14,49.52,Junior,3,Not Ready,0
C04454,Cloud Engineer,Bachelor's,Computer Science,11,15,3,0,11,5,6,84.8,9,79.53,86.36,86.74,85.38,83.16,81.9,85.77,81.43,Senior,1,Intermediate,1
C04455,Backend Developer,Bachelor's,Software Engineering,1,1,0,0,4,3,6,50.55,4,43.32,31.11,94.3,50.25,43.51,52.21,50.81,49.73,Junior,3,Not Ready,0
C04456,QA Engineer,Bachelor's,Information Technology,10,14,3,0,13,5,6,82.48,2,91.02,81.21,76.57,83.48,90.07,79.46,83.36,75.63,Senior,1,Intermediate,1
C04457,DevOps Engineer,Bachelor's,Other,8,15,4,1,11,3,6,46.75,4,58.08,55.53,31.21,92.39,59.65,56.88,60.54,50.99,Senior,3,Beginner,0
C04458,Backend Developer,Diploma,Other,7,5,0,0,4,3,6,49.42,8,48.26,53.77,15.33,56.82,50.37,54.06,46.85,39.67,Mid-Level,3,Not Ready,0
C04459,DevOps Engineer,Bachelor's,Computer Science,6,9,0,1,10,4,6,64.65,4,70.94,57.68,84.69,70.85,72.37,68.06,71.06,65.02,Mid-Level,2,Beginner,0
C04460,Frontend Developer,Bachelor's,Software Engineering,7,9,4,1,12,4,6,62.56,6,72.57,54.85,93.97,88.34,79.11,71.33,75.45,62.77,Mid-Level,2,Beginner,1
C04461,Machine Learning Engineer,Bachelor's,Data Science,4,6,3,0,5,5,6,79.2,2,73.64,52.5,90.95,66.57,72.96,80.29,70.16,65.39,Mid-Level,1,Beginner,0
C04462,Full Stack Developer,Bachelor's,Information Technology,12,8,4,0,10,6,7,83.09,3,83.8,86.03,94.99,91.17,93.36,89.62,89.73,80.94,Senior,1,Intermediate,0
C04463,Backend Developer,Master's,Computer Science,4,3,4,0,5,5,6,82.0,7,68.32,47.34,98.43,77.76,81.58,80.4,76.75,73.77,Mid-Level,1,Beginner,0
C04464,UI/UX Designer,Master's,Information Technology,6,3,4,0,11,4,6,65.89,10,65.29,50.51,70.0,85.37,77.5,67.5,72.33,63.61,Mid-Level,2,Beginner,0
C04465,UI/UX Designer,Bachelor's,Other,0,1,1,3,4,2,6,38.15,4,28.95,24.0,28.18,56.46,42.46,43.14,41.42,35.81,Fresher,4,Not Ready,0
C04466,QA Engineer,Bachelor's,Information Technology,6,7,4,0,12,4,6,64.83,4,56.75,50.08,78.19,88.31,67.85,72.7,73.01,60.65,Mid-Level,2,Beginner,1
C04467,Machine Learning Engineer,Bachelor's,Data Science,2,1,2,2,8,3,6,50.67,8,39.2,32.55,97.3,65.77,49.64,51.04,56.54,51.57,Junior,3,Beginner,0
C04468,Machine Learning Engineer,Bachelor's,Information Technology,11,15,1,1,10,5,6,80.47,9,88.19,80.06,84.94,89.2,89.23,77.98,88.14,74.56,Senior,1,Beginner,0
C04469,UI/UX Designer,Master's,Computer Science,10,8,5,1,13,5,6,81.22,3,84.64,81.74,83.32,100.0,96.15,84.49,89.9,84.39,Senior,1,Intermediate,0
C04470,QA Engineer,PhD,Computer Science,10,14,1,0,11,4,6,68.81,4,72.2,75.1,87.59,99.1,81.68,73.22,83.45,70.62,Senior,2,Beginner,1
C04471,Cloud Engineer,Bachelor's,Computer Science,6,7,2,0,11,4,6,65.86,8,62.69,52.23,82.34,80.1,71.23,64.8,67.64,58.77,Mid-Level,2,Beginner,1
C04472,Frontend Developer,Bachelor's,Computer Science,9,6,4,0,7,5,6,79.06,4,68.27,76.79,93.63,89.0,77.94,79.27,82.04,76.95,Senior,1,Intermediate,1
C04473,Machine Learning Engineer,Bachelor's,Data Science,2,1,3,2,6,3,6,53.24,8,41.65,31.31,92.0,67.58,53.13,56.91,60.18,48.45,Junior,3,Not Ready,0
C04474,Frontend Developer,Bachelor's,Computer Science,11,10,3,0,11,5,6,78.82,3,76.4,82.82,93.55,86.47,88.23,82.0,84.84,73.94,Senior,1,Beginner,0
C04475,DevOps Engineer,Bachelor's,Information Technology,9,8,5,1,13,5,6,78.41,7,82.55,75.14,86.45,82.76,82.2,77.97,81.54,73.81,Senior,1,Beginner,1
C04476,Cybersecurity Analyst,Diploma,Electronics,8,5,0,0,9,4,6,67.84,6,54.99,64.62,64.43,53.53,54.78,63.27,62.52,53.62,Senior,2,Beginner,1
C04477,Java Developer,Bachelor's,Electronics,2,5,5,0,9,2,6,38.31,2,27.26,24.74,52.96,72.54,54.34,44.63,50.7,44.64,Junior,4,Not Ready,0
C04478,Python Developer,Bachelor's,Software Engineering,0,0,1,2,7,2,6,32.86,2,12.17,32.54,97.15,49.53,45.96,37.81,44.15,35.6,Fresher,4,Not Ready,0
C04479,Cloud Engineer,Bachelor's,Computer Science,6,6,1,1,5,4,6,62.98,6,68.97,53.54,88.65,64.08,64.26,64.13,67.06,56.13,Mid-Level,2,Beginner,0
C04480,DevOps Engineer,Bachelor's,Computer Science,4,3,0,0,8,4,6,68.61,10,55.27,49.46,90.0,61.55,68.05,63.78,68.34,58.56,Mid-Level,2,Beginner,0
C04481,Product Designer,Master's,Design,6,5,3,1,8,4,6,67.93,2,55.38,55.77,95.68,81.26,70.55,74.42,71.68,64.16,Mid-Level,2,Beginner,0
C04482,Cybersecurity Analyst,Diploma,Information Technology,3,9,4,1,6,4,6,69.31,9,66.01,41.68,82.79,68.1,64.56,73.17,65.24,59.0,Mid-Level,2,Beginner,1
C04483,Backend Developer,Master's,Data Science,11,11,4,0,12,4,6,66.86,10,74.27,75.8,72.08,99.52,74.63,68.59,81.42,74.11,Senior,2,Beginner,0
C04484,QA Engineer,Bachelor's,Computer Science,2,5,0,2,11,3,6,52.26,9,44.86,33.71,77.96,62.58,63.27,58.26,58.65,44.43,Junior,3,Not Ready,0
C04485,Cloud Engineer,Bachelor's,Information Technology,5,8,3,0,7,5,6,80.42,3,80.88,55.37,89.58,85.83,87.52,79.46,78.05,78.09,Mid-Level,1,Intermediate,1
C04486,Java Developer,Bachelor's,Software Engineering,6,4,0,1,8,3,6,46.88,5,48.12,46.72,94.02,67.49,60.98,52.78,60.03,51.76,Mid-Level,3,Beginner,0
C04487,Java Developer,Master's,Information Technology,10,10,5,0,5,4,6,68.49,3,62.27,73.13,99.62,97.31,79.55,78.21,83.35,69.12,Senior,2,Beginner,1
C04488,Backend Developer,Bachelor's,Computer Science,11,5,5,0,10,5,6,80.24,9,72.04,82.7,93.06,87.15,78.63,79.45,86.08,76.95,Senior,1,Intermediate,0
C04489,DevOps Engineer,Bachelor's,Computer Science,5,8,0,0,12,5,6,79.21,2,81.21,56.25,88.11,74.45,81.14,77.72,78.33,73.3,Mid-Level,1,Beginner,0
C04490,Full Stack Developer,Bachelor's,Information Technology,12,6,1,0,12,5,7,67.58,3,62.33,75.84,93.44,82.6,77.51,69.07,75.76,68.43,Senior,2,Beginner,1
C04491,Data Analyst,Master's,Business,10,13,1,0,6,5,6,83.61,8,80.88,83.4,77.86,85.06,88.7,82.63,82.32,79.81,Senior,1,Intermediate,0
C04492,Java Developer,Bachelor's,Other,11,13,5,0,11,3,6,51.8,3,66.07,72.1,26.56,98.26,65.07,62.74,69.5,61.28,Senior,3,Beginner,1
C04493,Python Developer,Bachelor's,Computer Science,9,8,2,0,13,5,6,84.13,9,85.76,75.36,89.69,76.55,73.97,78.3,79.38,73.0,Senior,1,Beginner,1
C04494,Python Developer,Bachelor's,Data Science,10,8,4,0,12,5,6,84.29,8,79.07,85.9,89.87,90.53,88.49,83.03,89.11,86.42,Senior,1,Intermediate,0
C04495,UI/UX Designer,Bachelor's,Computer Science,2,2,0,2,10,3,6,45.0,3,37.19,27.08,65.37,59.33,44.97,49.09,50.13,34.12,Junior,3,Not Ready,0
C04496,Full Stack Developer,PhD,Software Engineering,14,9,5,1,6,5,7,69.5,5,78.4,78.8,97.27,99.36,79.82,79.28,80.89,74.14,Senior,2,Beginner,1
C04497,Data Scientist,Bachelor's,Data Science,8,7,4,1,13,5,6,81.78,9,69.6,75.21,93.55,80.89,82.79,79.58,79.64,74.69,Senior,1,Beginner,1
C04498,QA Engineer,Bachelor's,Software Engineering,5,7,3,0,8,5,6,79.03,10,80.64,48.72,80.01,71.13,75.55,72.93,73.07,64.17,Mid-Level,1,Beginner,1
C04499,Cybersecurity Analyst,Bachelor's,Computer Science,1,4,0,2,7,3,6,47.62,3,41.43,24.9,93.18,62.52,49.05,49.16,50.47,43.12,Junior,3,Not Ready,0
C04500,Product Designer,Diploma,Computer Science,4,5,5,0,9,3,6,53.37,5,47.4,44.62,51.9,61.32,53.94,50.21,51.34,46.71,Mid-Level,3,Not Ready,1
C04501,Product Designer,Bachelor's,Design,3,7,4,1,10,4,6,64.11,9,60.58,41.36,96.41,74.43,72.85,65.35,68.83,58.62,Mid-Level,2,Beginner,0
C04502,Data Analyst,Master's,Other,11,12,2,1,7,4,6,62.21,5,65.62,75.32,44.46,85.65,75.6,67.46,73.26,62.93,Senior,2,Beginner,1
C04503,Product Designer,Bachelor's,Business,7,4,3,0,5,4,6,70.38,4,51.8,66.23,71.25,76.89,67.72,75.46,69.39,58.86,Mid-Level,2,Beginner,1
C04504,DevOps Engineer,Diploma,Computer Science,2,2,3,0,8,3,6,51.13,6,49.49,35.16,77.05,53.59,49.21,52.55,52.63,49.56,Junior,3,Not Ready,0
C04505,QA Engineer,Bachelor's,Information Technology,7,3,5,0,6,3,6,53.8,3,44.68,52.09,82.51,80.91,71.46,56.36,66.68,57.11,Mid-Level,3,Beginner,1
C04506,Java Developer,Bachelor's,Information Technology,11,11,5,0,5,5,6,83.18,2,77.69,79.83,94.49,96.0,81.28,89.93,89.1,78.86,Senior,1,Intermediate,1
C04507,Full Stack Developer,Master's,Computer Science,4,4,5,1,11,5,7,75.58,10,64.59,44.65,100.0,88.57,76.4,75.44,79.11,69.3,Mid-Level,2,Beginner,1
C04508,Data Scientist,Master's,Information Technology,3,7,1,0,4,4,6,68.59,9,56.85,41.89,87.01,79.52,77.31,69.1,73.28,64.45,Mid-Level,2,Beginner,0
C04509,Frontend Developer,Bachelor's,Computer Science,7,7,3,0,9,4,6,62.19,4,63.64,58.69,92.32,87.52,71.71,62.39,73.21,68.23,Mid-Level,2,Beginner,0
C04510,Data Scientist,Bachelor's,Mathematics,11,7,0,1,9,4,6,69.32,3,62.54,76.71,77.96,68.82,67.3,67.55,72.52,65.66,Senior,2,Beginner,1
C04511,Machine Learning Engineer,Bachelor's,Information Technology,9,8,2,1,12,4,6,62.03,6,61.93,68.4,87.74,80.04,75.58,65.61,74.13,69.55,Senior,2,Beginner,1
C04512,Machine Learning Engineer,Master's,Computer Science,4,7,0,0,7,3,6,53.34,7,57.61,41.44,99.34,70.29,68.07,60.77,61.32,56.87,Mid-Level,3,Beginner,0
C04513,Product Designer,Diploma,Computer Science,8,5,1,0,10,4,6,70.4,9,53.04,70.86,53.73,55.67,68.02,67.94,67.25,63.81,Senior,2,Beginner,1
C04514,Frontend Developer,Master's,Computer Science,2,6,5,0,7,3,6,53.43,5,42.63,34.67,100.0,81.03,61.89,55.43,61.85,53.88,Junior,3,Beginner,0
C04515,Cloud Engineer,Bachelor's,Information Technology,12,9,5,1,6,5,6,79.9,8,88.01,79.07,85.26,97.81,87.39,81.62,89.62,81.81,Senior,1,Intermediate,1
C04516,Python Developer,Master's,Computer Science,13,13,1,0,13,5,6,86.73,10,93.91,80.41,98.83,89.07,94.77,88.85,90.2,80.38,Senior,1,Intermediate,1
C04517,Full Stack Developer,Master's,Information Technology,8,14,3,1,5,5,7,71.24,10,75.16,62.74,99.7,88.38,83.32,73.67,82.92,73.75,Senior,2,Beginner,0
C04518,Cloud Engineer,Bachelor's,Software Engineering,4,10,5,0,8,4,6,70.94,2,62.19,43.36,85.29,87.71,83.0,70.99,75.95,62.7,Mid-Level,2,Beginner,1
C04519,UI/UX Designer,Diploma,Computer Science,2,1,4,2,10,3,6,45.43,8,44.53,31.77,60.72,56.98,53.6,47.99,52.37,50.21,Junior,3,Beginner,0
C04520,Full Stack Developer,Master's,Other,14,14,5,1,6,4,7,62.08,6,61.99,77.56,35.19,95.58,76.83,73.49,71.07,62.17,Senior,3,Beginner,1
C04521,Python Developer,Master's,Data Science,10,10,1,1,10,5,6,80.02,9,79.59,83.16,97.14,84.93,78.85,79.21,85.49,80.21,Senior,1,Intermediate,1
C04522,Cybersecurity Analyst,Bachelor's,Information Technology,5,3,0,0,8,5,6,87.78,3,73.22,53.24,90.46,60.95,84.39,78.36,77.06,67.58,Mid-Level,1,Beginner,0
C04523,UI/UX Designer,Master's,Information Technology,7,4,1,1,4,4,6,69.8,2,56.23,64.29,73.64,67.12,68.96,73.47,70.79,64.98,Mid-Level,2,Beginner,0
C04524,Mobile App Developer,Master's,Electronics,7,6,4,1,7,3,6,47.99,10,48.84,56.41,62.63,83.99,59.61,57.55,63.74,53.34,Mid-Level,3,Beginner,1
C04525,Cloud Engineer,Bachelor's,Computer Science,0,0,2,3,5,2,6,34.06,2,4.21,29.31,87.75,59.36,50.64,35.53,47.74,33.61,Fresher,4,Not Ready,0
C04526,Data Scientist,Bachelor's,Data Science,6,3,0,1,10,4,6,70.6,2,60.91,60.95,95.29,69.09,64.85,70.38,69.72,66.2,Mid-Level,2,Beginner,0
C04527,Machine Learning Engineer,Bachelor's,Information Technology,4,5,1,1,12,5,6,87.33,2,74.71,54.1,86.07,70.41,86.63,87.9,79.81,66.92,Mid-Level,1,Beginner,1
C04528,Cloud Engineer,Bachelor's,Software Engineering,11,8,4,1,8,5,6,81.57,9,77.07,81.08,94.55,83.25,74.34,79.27,84.04,82.4,Senior,1,Intermediate,1
C04529,Data Analyst,Bachelor's,Business,3,5,2,1,10,3,6,48.74,8,49.78,37.97,73.98,65.6,62.05,53.76,59.17,48.24,Mid-Level,3,Not Ready,0
C04530,DevOps Engineer,Bachelor's,Other,7,8,1,0,10,2,6,34.29,3,37.21,47.35,29.3,68.58,41.97,36.78,43.57,32.42,Mid-Level,4,Not Ready,0
C04531,Mobile App Developer,Diploma,Information Technology,3,5,1,1,11,4,6,62.79,4,67.4,43.7,79.77,50.08,50.2,61.15,54.27,55.92,Mid-Level,2,Beginner,0
C04532,Frontend Developer,Bachelor's,Electronics,7,6,4,1,4,2,6,33.33,3,34.32,43.5,51.74,81.97,52.44,47.79,55.17,38.44,Mid-Level,4,Not Ready,0
C04533,UI/UX Designer,Master's,Computer Science,13,9,0,0,9,4,6,65.43,10,64.71,76.75,75.2,85.27,69.67,70.7,72.98,61.09,Senior,2,Beginner,1
C04534,QA Engineer,Master's,Software Engineering,5,3,1,1,11,5,6,81.99,8,64.32,52.16,96.05,74.44,76.7,82.19,76.03,70.96,Mid-Level,1,Beginner,1
C04535,Data Analyst,Diploma,Computer Science,6,4,5,0,9,5,6,82.37,4,72.9,60.71,71.83,66.23,81.19,76.15,72.9,69.1,Mid-Level,1,Beginner,1
C04536,Backend Developer,Master's,Computer Science,5,8,5,0,8,3,6,49.22,5,55.97,40.28,100.0,94.08,65.06,54.73,66.29,61.22,Mid-Level,3,Beginner,1
C04537,Python Developer,Bachelor's,Other,5,8,2,0,2,2,6,31.56,2,41.11,39.12,34.99,80.47,57.78,36.44,50.55,34.63,Mid-Level,4,Not Ready,0
C04538,Machine Learning Engineer,Bachelor's,Data Science,8,6,5,1,13,5,6,83.47,5,78.83,67.43,97.79,85.8,78.98,86.47,82.9,80.21,Senior,1,Intermediate,1
C04539,Java Developer,Bachelor's,Electronics,5,7,4,0,3,3,6,53.62,4,45.8,45.5,47.87,80.37,60.35,57.78,61.32,52.35,Mid-Level,3,Beginner,0
C04540,Mobile App Developer,PhD,Software Engineering,9,9,3,1,10,5,6,88.01,5,74.41,82.01,100.0,94.38,94.34,93.27,90.05,79.53,Senior,1,Intermediate,0
C04541,Backend Developer,Bachelor's,Computer Science,6,10,2,0,6,4,6,70.4,2,69.4,60.67,87.68,84.39,73.79,75.85,75.59,68.34,Mid-Level,2,Beginner,0
C04542,Java Developer,Bachelor's,Information Technology,12,13,3,0,4,4,6,66.38,10,71.33,78.43,85.03,91.91,75.74,76.15,81.42,66.11,Senior,2,Beginner,1
C04543,DevOps Engineer,Master's,Computer Science,5,4,1,0,9,4,6,64.26,7,55.81,52.08,99.65,64.46,68.92,61.0,66.33,58.56,Mid-Level,2,Beginner,0
C04544,Cloud Engineer,Bachelor's,Software Engineering,9,12,1,1,12,5,6,86.34,9,78.12,81.89,90.95,74.77,83.87,84.14,81.62,73.68,Senior,1,Beginner,0
C04545,QA Engineer,Bachelor's,Information Technology,12,9,4,0,5,5,6,87.79,8,77.5,89.07,82.47,84.07,86.77,82.15,88.21,79.91,Senior,1,Intermediate,1
C04546,Product Designer,Bachelor's,Business,4,6,5,0,8,3,6,51.66,4,56.3,42.96,73.87,87.09,71.84,61.03,68.98,59.87,Mid-Level,3,Beginner,0
C04547,Data Analyst,Bachelor's,Data Science,1,6,0,1,4,3,6,52.46,4,49.88,31.94,97.61,59.74,48.79,55.18,52.4,48.9,Junior,3,Not Ready,0
C04548,Java Developer,Master's,Information Technology,14,9,3,0,9,4,6,64.03,7,69.77,74.22,99.78,89.67,79.67,74.15,78.33,72.63,Senior,2,Beginner,1
C04549,DevOps Engineer,Master's,Information Technology,8,8,1,0,6,5,6,80.71,4,84.29,74.76,96.73,74.98,75.03,80.19,80.72,75.51,Senior,1,Intermediate,1
C04550,Data Analyst,Master's,Information Technology,5,3,1,1,8,4,6,67.29,10,60.64,52.43,91.81,76.33,76.1,70.17,69.17,64.86,Mid-Level,2,Beginner,1
C04551,Python Developer,Bachelor's,Software Engineering,7,9,4,0,11,5,6,84.72,8,86.93,66.82,94.73,78.61,88.68,81.12,85.37,76.62,Mid-Level,1,Intermediate,1
C04552,Backend Developer,Bachelor's,Software Engineering,10,10,1,1,8,5,6,81.85,7,82.31,86.45,99.58,80.25,84.09,83.75,85.39,74.89,Senior,1,Beginner,0
C04553,Product Designer,Master's,Design,14,12,4,1,5,5,6,80.37,5,90.86,77.86,100.0,100.0,86.05,86.16,88.24,80.94,Senior,1,Intermediate,0
C04554,Backend Developer,Bachelor's,Computer Science,1,6,3,1,11,3,6,54.33,5,43.45,27.74,92.34,63.74,62.52,60.26,56.27,46.65,Junior,3,Not Ready,0
C04555,Machine Learning Engineer,Bachelor's,Information Technology,7,4,5,1,4,4,6,65.79,6,56.13,56.28,85.63,84.98,74.26,73.1,75.79,69.12,Mid-Level,2,Beginner,1
C04556,Python Developer,Bachelor's,Information Technology,4,8,2,0,11,4,6,68.79,5,59.91,41.65,94.98,75.71,72.05,71.08,70.09,56.84,Mid-Level,2,Beginner,1
C04557,Backend Developer,PhD,Software Engineering,5,6,2,1,6,4,6,63.5,10,55.25,48.83,100.0,81.16,70.97,70.76,68.65,61.19,Mid-Level,2,Beginner,1
C04558,Data Scientist,PhD,Mathematics,11,14,3,1,10,4,6,69.33,6,81.29,72.09,93.89,100.0,86.18,77.19,83.58,71.95,Senior,2,Beginner,0
C04559,QA Engineer,Bachelor's,Information Technology,4,4,0,1,11,5,6,81.49,3,74.99,50.22,83.73,61.88,66.21,79.38,71.29,68.13,Mid-Level,1,Beginner,1
C04560,Full Stack Developer,Bachelor's,Computer Science,12,13,1,1,13,6,7,82.49,9,94.26,81.12,88.54,78.46,80.58,83.49,80.22,80.07,Senior,1,Intermediate,1
C04561,DevOps Engineer,Bachelor's,Information Technology,12,15,3,1,12,5,6,78.45,10,90.12,82.48,89.17,89.12,76.06,85.41,79.71,74.46,Senior,1,Beginner,1
C04562,Data Scientist,Master's,Computer Science,10,7,3,0,5,5,6,83.55,7,74.45,82.61,96.96,90.75,81.79,89.25,83.77,80.62,Senior,1,Intermediate,0
C04563,Data Analyst,Diploma,Data Science,8,9,1,0,12,5,6,86.23,10,83.64,71.61,88.22,76.4,80.16,87.32,79.37,72.77,Senior,1,Beginner,1
C04564,Mobile App Developer,Bachelor's,Computer Science,11,9,3,1,5,5,6,79.8,9,80.2,80.22,85.35,94.83,83.55,79.18,83.95,80.0,Senior,1,Intermediate,1
C04565,QA Engineer,Bachelor's,Business,6,5,3,0,4,3,6,49.78,6,40.51,46.52,56.74,74.92,64.97,53.35,59.35,47.75,Mid-Level,3,Not Ready,0
C04566,Data Analyst,Bachelor's,Business,0,0,3,0,3,1,6,17.91,9,17.75,26.27,69.17,60.37,32.31,22.78,36.83,24.63,Fresher,5,Not Ready,0
C04567,Cloud Engineer,Bachelor's,Software Engineering,3,6,0,0,8,4,6,69.71,9,59.28,41.07,86.21,70.62,68.71,70.05,66.75,57.52,Mid-Level,2,Beginner,0
C04568,Backend Developer,Bachelor's,Software Engineering,7,9,3,1,10,5,6,79.73,7,81.31,63.53,96.62,83.79,84.73,80.19,80.25,78.44,Mid-Level,1,Intermediate,1
C04569,Mobile App Developer,Bachelor's,Electronics,4,8,5,0,10,3,6,49.48,3,58.29,38.09,54.1,80.73,67.61,55.64,59.31,57.38,Mid-Level,3,Beginner,0
C04570,Python Developer,Bachelor's,Information Technology,5,4,5,0,12,4,6,62.73,9,55.45,51.31,86.67,81.66,75.01,68.51,68.99,68.1,Mid-Level,2,Beginner,0
C04571,Cloud Engineer,Bachelor's,Software Engineering,1,2,4,1,7,3,6,46.71,9,49.03,28.06,88.32,72.24,64.49,48.91,56.64,52.89,Junior,3,Beginner,0
C04572,Frontend Developer,Bachelor's,Software Engineering,9,12,1,0,13,5,6,84.83,5,90.28,78.18,92.72,78.89,79.55,78.85,82.41,82.56,Senior,1,Intermediate,1
C04573,Full Stack Developer,Bachelor's,Software Engineering,9,13,3,1,13,5,7,73.97,5,82.32,68.09,93.34,84.38,73.42,77.23,76.23,67.86,Senior,2,Beginner,1
C04574,Backend Developer,Master's,Information Technology,1,1,3,2,10,3,6,46.79,5,39.7,31.37,98.31,59.49,47.69,45.01,55.17,46.42,Junior,3,Not Ready,0
C04575,Product Designer,Bachelor's,Other,12,6,2,0,8,3,6,47.07,8,52.23,68.13,30.85,81.21,62.02,58.23,63.41,46.35,Senior,3,Not Ready,0
C04576,Backend Developer,Bachelor's,Information Technology,1,6,0,0,9,3,6,49.72,9,56.61,30.12,85.72,55.63,53.31,49.77,51.85,50.71,Junior,3,Beginner,0
C04577,Java Developer,Bachelor's,Software Engineering,8,5,2,0,12,5,6,79.1,7,66.83,68.8,97.73,72.42,84.2,73.62,77.64,76.48,Senior,1,Intermediate,0
C04578,Data Scientist,Bachelor's,Data Science,7,9,4,1,5,5,6,79.7,4,75.58,64.67,91.57,91.07,80.52,78.4,81.14,79.23,Mid-Level,1,Intermediate,1
C04579,Machine Learning Engineer,Bachelor's,Information Technology,5,7,0,0,13,5,6,85.8,7,70.36,51.53,84.62,69.92,72.68,78.1,72.12,71.35,Mid-Level,1,Beginner,0
C04580,Python Developer,Diploma,Information Technology,7,3,4,1,9,3,6,47.94,8,47.47,56.3,82.6,73.56,56.04,56.69,62.46,54.81,Mid-Level,3,Beginner,1
C04581,Data Analyst,Master's,Business,14,14,3,1,11,4,6,63.75,9,79.75,76.66,78.98,96.99,81.24,65.66,79.47,74.07,Senior,2,Beginner,1
C04582,Mobile App Developer,Bachelor's,Software Engineering,7,6,2,0,11,4,6,63.22,10,65.93,57.18,90.55,82.19,72.0,71.12,70.84,64.51,Mid-Level,2,Beginner,1
C04583,Cybersecurity Analyst,Diploma,Other,2,2,5,1,6,1,6,13.55,2,21.8,28.62,23.02,54.15,23.3,21.16,29.9,20.24,Junior,5,Not Ready,0
C04584,Backend Developer,Master's,Software Engineering,13,13,3,0,10,4,6,70.98,7,68.91,81.17,100.0,93.84,78.72,73.34,84.91,70.64,Senior,2,Beginner,1
C04585,Java Developer,Bachelor's,Computer Science,1,3,2,2,6,4,6,70.13,6,50.16,29.21,89.22,68.12,65.56,74.71,62.46,53.6,Junior,2,Beginner,0
C04586,Mobile App Developer,Bachelor's,Electronics,5,7,1,0,4,2,6,38.17,8,43.16,40.52,53.4,71.22,50.69,49.65,48.65,39.79,Mid-Level,4,Not Ready,0
C04587,UI/UX Designer,Bachelor's,Computer Science,10,6,0,1,9,5,6,87.41,8,72.38,82.16,74.48,79.05,80.48,81.46,83.38,73.53,Senior,1,Beginner,1
C04588,Machine Learning Engineer,Bachelor's,Information Technology,8,7,5,1,9,5,6,80.71,3,76.9,71.9,80.36,92.67,89.13,82.79,84.84,72.79,Senior,1,Beginner,0
C04589,Backend Developer,Bachelor's,Information Technology,2,3,4,1,5,3,6,51.6,9,45.85,30.93,86.88,72.32,56.65,55.83,57.0,46.45,Junior,3,Not Ready,0
C04590,Data Scientist,Master's,Data Science,4,9,1,0,10,5,6,85.03,7,80.28,53.79,100.0,78.51,83.35,81.5,82.31,76.77,Mid-Level,1,Intermediate,1
C04591,DevOps Engineer,Diploma,Software Engineering,4,10,4,0,5,4,6,63.55,9,72.48,40.25,84.6,67.62,60.69,69.0,63.64,62.33,Mid-Level,2,Beginner,0
C04592,Full Stack Developer,Bachelor's,Computer Science,2,2,3,2,5,3,7,45.66,9,36.82,31.92,87.56,60.35,51.36,45.5,54.44,44.27,Junior,4,Not Ready,0
C04593,QA Engineer,Master's,Software Engineering,13,7,1,1,6,5,6,79.04,10,83.91,82.92,90.08,90.63,80.58,77.11,82.51,74.11,Senior,1,Beginner,1
C04594,Mobile App Developer,Bachelor's,Software Engineering,11,12,0,0,10,5,6,82.98,2,88.61,80.63,91.27,73.89,82.41,85.24,83.38,75.06,Senior,1,Intermediate,1
C04595,Python Developer,Bachelor's,Information Technology,5,8,2,1,9,4,6,63.0,4,60.77,44.37,85.08,78.68,71.18,70.59,67.79,58.52,Mid-Level,2,Beginner,0
C04596,Data Analyst,Bachelor's,Information Technology,9,13,3,1,7,5,6,86.07,7,89.46,80.05,82.47,90.82,88.72,88.8,86.81,77.86,Senior,1,Intermediate,1
C04597,Mobile App Developer,Bachelor's,Computer Science,6,3,3,1,5,5,6,81.02,8,63.99,62.89,89.24,70.86,73.16,79.43,75.06,72.97,Mid-Level,1,Beginner,1
C04598,Mobile App Developer,Master's,Computer Science,9,13,2,1,12,4,6,71.44,2,69.06,74.33,97.82,90.81,78.6,71.48,78.63,73.27,Senior,2,Beginner,1
C04599,Full Stack Developer,Bachelor's,Software Engineering,0,1,3,0,5,4,7,60.88,3,53.04,33.18,93.58,63.44,68.09,57.28,59.67,55.72,Fresher,3,Beginner,0
C04600,Cybersecurity Analyst,Bachelor's,Business,11,12,2,1,11,3,6,45.39,5,62.18,64.83,51.26,91.52,69.03,52.86,68.37,52.84,Senior,3,Beginner,0
C04601,DevOps Engineer,Bachelor's,Information Technology,9,9,3,0,5,5,6,81.48,10,74.23,76.33,89.82,80.54,75.89,76.58,77.09,73.8,Senior,1,Beginner,1
C04602,Java Developer,Master's,Computer Science,9,13,5,1,8,4,6,65.71,10,67.91,72.12,95.62,99.41,72.1,72.13,76.92,69.24,Senior,2,Beginner,1
C04603,Cloud Engineer,Master's,Software Engineering,3,3,5,0,6,5,6,79.74,10,71.71,46.39,95.2,76.87,71.7,77.41,72.28,72.89,Mid-Level,1,Beginner,0
C04604,QA Engineer,Bachelor's,Business,12,9,5,0,7,5,6,87.69,2,72.18,83.16,58.54,86.03,92.1,89.25,84.95,78.49,Senior,1,Intermediate,1
C04605,UI/UX Designer,Bachelor's,Design,3,3,5,0,5,5,6,78.98,9,75.66,46.97,97.18,67.45,81.89,71.96,72.87,68.29,Mid-Level,1,Beginner,0
C04606,Java Developer,PhD,Software Engineering,7,5,5,0,4,4,6,62.75,6,61.25,56.31,98.2,94.89,80.26,68.61,77.7,68.65,Mid-Level,2,Beginner,0
C04607,UI/UX Designer,Master's,Information Technology,7,9,1,1,6,4,6,63.54,9,66.85,61.51,71.06,78.98,66.69,71.08,68.17,63.4,Mid-Level,2,Beginner,0
C04608,Product Designer,Bachelor's,Design,7,4,2,1,7,5,6,85.96,3,67.37,69.61,92.49,80.24,89.17,86.66,86.02,73.29,Mid-Level,1,Beginner,1
C04609,DevOps Engineer,Bachelor's,Other,0,3,3,2,6,1,6,12.17,7,17.86,29.73,25.79,61.46,38.48,17.57,36.47,23.62,Fresher,5,Not Ready,0
C04610,Mobile App Developer,Bachelor's,Information Technology,12,11,5,0,5,5,6,84.82,9,85.75,84.12,85.77,98.37,83.46,89.12,89.68,85.55,Senior,1,Intermediate,0
C04611,Java Developer,Bachelor's,Electronics,12,9,1,0,11,3,6,50.43,3,49.74,67.71,48.1,75.92,58.55,53.54,59.62,51.56,Senior,3,Beginner,1
C04612,Data Scientist,Bachelor's,Information Technology,2,1,2,2,7,3,6,46.42,2,48.59,26.79,81.33,62.62,47.72,53.54,49.83,47.93,Junior,3,Not Ready,0
C04613,Frontend Developer,Bachelor's,Electronics,4,10,0,1,2,2,6,29.15,6,42.51,37.15,46.72,72.45,44.01,39.87,45.08,39.0,Mid-Level,4,Not Ready,0
C04614,UI/UX Designer,Master's,Design,4,8,0,0,5,4,6,61.98,7,62.06,43.25,95.93,71.96,63.72,68.79,63.96,59.61,Mid-Level,2,Beginner,0
C04615,Cybersecurity Analyst,Bachelor's,Computer Science,4,6,0,1,7,4,6,65.0,2,67.34,41.82,94.68,59.06,59.67,63.49,60.48,62.09,Mid-Level,2,Beginner,0
C04616,Product Designer,PhD,Computer Science,4,5,4,1,8,3,6,49.07,8,47.87,44.06,77.42,84.91,60.04,54.43,64.04,53.14,Mid-Level,3,Beginner,1
C04617,Cybersecurity Analyst,Bachelor's,Business,10,9,3,1,4,4,6,63.07,9,64.71,72.93,50.42,85.86,75.69,63.18,71.97,61.23,Senior,2,Beginner,0
C04618,Data Analyst,Bachelor's,Data Science,0,1,0,3,3,2,6,33.4,7,35.75,16.99,96.84,49.62,38.39,33.18,40.55,31.71,Fresher,4,Not Ready,0
C04619,Full Stack Developer,Bachelor's,Software Engineering,2,3,3,1,9,5,7,67.69,7,69.43,32.4,94.67,73.59,69.55,67.34,65.32,58.78,Junior,2,Beginner,0
C04620,Product Designer,Bachelor's,Other,5,8,5,0,2,2,6,30.65,9,33.6,36.56,29.12,87.65,49.29,45.4,52.3,35.71,Mid-Level,4,Not Ready,0
C04621,Cybersecurity Analyst,Master's,Electronics,5,7,0,0,5,3,6,49.41,3,55.08,43.17,77.93,67.57,55.06,48.91,56.21,47.51,Mid-Level,3,Not Ready,0
C04622,Cloud Engineer,Diploma,Information Technology,4,8,2,1,13,5,6,81.69,2,74.46,52.68,77.85,64.44,68.88,80.33,67.37,62.93,Mid-Level,1,Beginner,0
C04623,Cybersecurity Analyst,Bachelor's,Electronics,11,10,2,0,12,4,6,68.91,3,68.52,76.27,69.19,84.95,67.92,73.92,76.58,65.53,Senior,2,Beginner,1
C04624,Backend Developer,Diploma,Data Science,4,4,0,1,6,4,6,69.8,5,53.03,41.09,54.0,51.11,62.33,69.4,58.88,55.83,Mid-Level,2,Beginner,1
C04625,Full Stack Developer,Bachelor's,Software Engineering,6,6,5,1,7,4,7,56.59,3,47.2,56.26,99.15,76.34,65.01,58.79,66.9,60.48,Mid-Level,3,Beginner,0
C04626,UI/UX Designer,Bachelor's,Computer Science,0,1,1,3,7,1,6,17.66,10,11.94,25.0,73.32,57.83,27.56,23.36,39.83,24.89,Fresher,5,Not Ready,0
C04627,Full Stack Developer,Master's,Computer Science,2,1,4,2,9,4,7,54.25,5,45.1,27.77,97.0,70.16,65.24,61.95,62.02,51.97,Junior,3,Beginner,0
C04628,Product Designer,Bachelor's,Computer Science,10,11,3,1,11,4,6,69.63,5,69.84,79.35,64.64,87.72,80.72,72.78,75.36,69.97,Senior,2,Beginner,0
C04629,Java Developer,Master's,Software Engineering,1,6,2,0,9,3,6,45.1,6,45.98,28.38,100.0,74.98,61.23,52.28,60.1,47.83,Junior,3,Not Ready,0
C04630,Cybersecurity Analyst,Master's,Information Technology,9,8,3,0,13,5,6,86.71,4,83.0,74.9,95.38,86.54,92.2,90.41,84.38,79.06,Senior,1,Intermediate,1
C04631,Product Designer,Bachelor's,Other,6,4,2,1,7,2,6,37.71,6,31.53,44.07,28.24,77.15,50.77,47.29,50.66,42.71,Mid-Level,4,Not Ready,0
C04632,Full Stack Developer,Bachelor's,Computer Science,0,1,2,1,5,3,7,41.89,9,28.76,19.39,93.5,57.4,46.61,44.88,45.83,43.25,Fresher,4,Not Ready,0
C04633,Full Stack Developer,Master's,Computer Science,7,8,3,0,12,5,7,75.52,3,67.51,59.18,96.97,92.25,78.03,83.61,78.51,69.83,Mid-Level,2,Beginner,1
C04634,Frontend Developer,Diploma,Software Engineering,3,8,1,0,5,4,6,69.09,3,65.69,43.1,88.13,54.6,61.72,62.62,59.43,61.39,Mid-Level,2,Beginner,1
C04635,Data Analyst,Bachelor's,Business,6,9,3,0,8,3,6,49.01,6,55.21,52.51,65.97,79.0,63.55,59.97,62.21,50.77,Mid-Level,3,Beginner,0
C04636,Data Analyst,Diploma,Business,7,5,5,1,5,3,6,46.73,10,50.92,53.83,58.09,71.69,54.06,51.61,55.88,56.04,Mid-Level,3,Beginner,0
C04637,Cloud Engineer,Diploma,Information Technology,3,6,2,0,7,4,6,69.1,9,59.99,39.18,77.61,55.01,60.26,66.97,61.92,56.07,Mid-Level,2,Beginner,1
C04638,Data Analyst,Master's,Data Science,1,4,2,0,10,3,6,49.52,2,47.61,26.24,96.56,69.56,57.7,54.28,58.76,47.35,Junior,3,Not Ready,0
C04639,UI/UX Designer,Diploma,Information Technology,6,9,5,0,6,4,6,69.31,10,73.69,57.79,57.51,79.99,69.72,76.02,69.43,62.83,Mid-Level,2,Beginner,1
C04640,Data Scientist,Master's,Data Science,4,6,0,0,5,3,6,49.28,6,54.08,43.34,99.14,75.24,65.39,55.36,65.09,49.91,Mid-Level,3,Not Ready,0
C04641,Machine Learning Engineer,Bachelor's,Data Science,4,4,4,0,12,4,6,62.69,4,53.07,45.33,98.71,76.32,66.61,64.55,66.9,60.04,Mid-Level,2,Beginner,0
C04642,Backend Developer,Bachelor's,Information Technology,3,4,0,0,5,4,6,65.51,10,64.45,38.08,93.22,59.71,70.82,67.63,62.34,55.68,Mid-Level,2,Beginner,0
C04643,QA Engineer,Bachelor's,Information Technology,5,5,4,1,4,4,6,69.35,5,66.21,48.18,78.25,82.58,72.74,75.21,69.12,68.23,Mid-Level,2,Beginner,0
C04644,Data Analyst,Bachelor's,Information Technology,2,4,1,1,7,4,6,65.56,9,54.18,38.11,80.77,55.94,54.38,59.2,56.15,48.72,Junior,2,Not Ready,1
C04645,Cybersecurity Analyst,Bachelor's,Electronics,1,1,1,0,7,3,6,47.96,7,45.28,30.24,70.76,55.65,45.92,50.85,46.9,47.82,Junior,3,Not Ready,0
C04646,Frontend Developer,Master's,Software Engineering,5,7,2,0,10,4,6,66.32,3,66.26,51.69,97.29,84.12,69.84,66.88,74.85,58.43,Mid-Level,2,Beginner,1
C04647,Frontend Developer,Bachelor's,Software Engineering,4,10,2,1,7,5,6,82.04,4,88.85,51.11,93.67,71.65,77.25,83.68,73.69,68.17,Mid-Level,1,Beginner,0
C04648,Backend Developer,Bachelor's,Computer Science,8,15,2,0,11,5,6,84.35,6,84.22,68.27,94.96,88.57,81.73,82.59,83.39,77.97,Senior,1,Intermediate,0
C04649,Mobile App Developer,Diploma,Information Technology,4,6,3,0,5,4,6,70.56,6,65.05,46.13,77.66,66.36,63.05,70.17,64.51,59.74,Mid-Level,2,Beginner,0
C04650,Machine Learning Engineer,Bachelor's,Other,9,11,4,1,6,3,6,50.31,2,51.02,58.49,35.48,84.9,58.89,58.56,61.25,54.81,Senior,3,Beginner,0
C04651,Mobile App Developer,Bachelor's,Computer Science,2,5,2,2,4,4,6,61.7,6,59.63,36.67,86.88,69.27,68.04,59.7,64.96,58.59,Junior,2,Beginner,0
C04652,Machine Learning Engineer,Bachelor's,Data Science,6,6,0,1,11,4,6,63.79,6,58.57,53.89,90.78,60.53,68.01,58.4,62.61,60.38,Mid-Level,2,Beginner,1
C04653,Backend Developer,Master's,Computer Science,10,11,3,0,7,5,6,83.54,6,75.59,82.07,100.0,95.41,95.02,83.66,91.64,80.37,Senior,1,Intermediate,1
C04654,Cloud Engineer,Bachelor's,Other,10,12,5,0,10,4,6,68.06,10,70.72,78.5,29.24,90.49,78.44,72.6,74.84,64.29,Senior,2,Beginner,0
C04655,UI/UX Designer,Bachelor's,Design,1,4,1,1,3,3,6,51.79,6,52.43,22.41,91.22,55.14,60.96,55.14,55.14,44.48,Junior,3,Not Ready,0
C04656,Cloud Engineer,Master's,Software Engineering,5,8,0,0,10,4,6,71.66,10,59.57,55.25,98.87,76.9,78.73,76.79,75.04,61.53,Mid-Level,2,Beginner,1
C04657,Machine Learning Engineer,Bachelor's,Mathematics,1,2,1,0,3,3,6,53.11,9,49.43,30.0,82.5,58.9,54.97,58.99,55.36,51.25,Junior,3,Beginner,0
C04658,DevOps Engineer,Bachelor's,Software Engineering,0,1,0,2,8,3,6,49.48,3,39.2,20.59,87.39,46.88,47.11,52.71,50.56,42.42,Fresher,3,Not Ready,0
C04659,Python Developer,Bachelor's,Software Engineering,10,14,0,0,13,5,6,80.38,5,82.3,78.34,94.74,75.99,84.6,82.3,78.8,73.49,Senior,1,Beginner,1
C04660,Frontend Developer,Diploma,Software Engineering,0,3,3,2,4,2,6,32.31,2,27.41,31.54,83.34,58.12,49.6,39.46,48.54,37.48,Fresher,4,Not Ready,0
C04661,Backend Developer,Master's,Computer Science,8,11,3,0,11,5,6,79.83,8,88.14,73.93,100.0,84.01,87.99,76.34,82.77,75.71,Senior,1,Intermediate,1
C04662,Data Scientist,Bachelor's,Computer Science,10,15,3,1,7,5,6,87.32,4,87.74,80.08,81.58,88.91,92.2,88.84,87.77,76.84,Senior,1,Intermediate,0
C04663,Cloud Engineer,Bachelor's,Software Engineering,12,5,3,0,8,4,6,63.66,9,68.03,75.68,90.09,78.43,70.94,65.18,72.4,67.2,Senior,2,Beginner,0
C04664,Data Scientist,Bachelor's,Computer Science,8,11,1,1,5,5,6,82.14,10,78.4,73.27,87.58,86.19,84.64,80.74,85.17,72.31,Senior,1,Beginner,1
C04665,UI/UX Designer,Bachelor's,Computer Science,4,3,2,1,7,4,6,67.07,5,57.37,40.33,74.93,63.81,72.46,67.84,64.63,59.53,Mid-Level,2,Beginner,0
C04666,Cybersecurity Analyst,Diploma,Information Technology,1,2,2,1,6,3,6,49.8,2,41.3,23.92,85.21,45.44,45.68,48.67,46.39,45.06,Junior,3,Not Ready,0
C04667,DevOps Engineer,Bachelor's,Electronics,9,12,5,0,4,3,6,54.67,6,65.8,64.98,51.97,98.23,78.06,65.47,70.29,57.2,Senior,3,Beginner,0
C04668,Full Stack Developer,Bachelor's,Computer Science,5,8,5,1,6,5,7,71.63,3,72.71,47.42,87.01,87.16,77.58,76.4,74.19,70.73,Mid-Level,2,Beginner,1
C04669,Cybersecurity Analyst,Bachelor's,Computer Science,5,9,3,0,7,5,6,82.1,8,74.34,54.49,92.56,72.51,82.77,79.53,78.31,74.91,Mid-Level,1,Beginner,1
C04670,UI/UX Designer,Bachelor's,Design,0,3,0,1,7,3,6,45.89,4,45.91,34.67,97.78,51.62,42.66,45.69,47.14,43.85,Fresher,3,Not Ready,0
C04671,Data Analyst,Bachelor's,Computer Science,1,3,4,2,6,3,6,46.8,6,41.78,24.38,89.11,70.17,50.34,53.17,53.07,43.96,Junior,3,Not Ready,0
C04672,UI/UX Designer,Diploma,Other,0,3,3,1,9,1,6,19.44,6,24.55,31.75,17.04,56.83,35.64,30.01,32.11,24.55,Fresher,5,Not Ready,0
C04673,Python Developer,Master's,Computer Science,8,9,0,0,8,5,6,79.43,7,82.76,74.29,100.0,77.67,76.04,82.54,82.3,68.81,Senior,1,Beginner,0
C04674,Cybersecurity Analyst,Bachelor's,Electronics,9,10,4,0,13,5,6,85.96,2,80.63,78.95,66.58,95.12,96.22,87.32,86.3,75.95,Senior,1,Intermediate,1
C04675,Cybersecurity Analyst,Bachelor's,Electronics,5,4,1,0,6,3,6,45.07,6,53.48,42.52,73.11,65.81,60.23,46.29,58.28,43.57,Mid-Level,3,Not Ready,0
C04676,Product Designer,Bachelor's,Computer Science,5,8,0,1,8,4,6,62.34,10,60.46,49.88,59.07,63.81,61.0,60.25,61.05,58.0,Mid-Level,2,Beginner,0
C04677,Full Stack Developer,Bachelor's,Software Engineering,8,7,1,0,7,6,7,87.9,3,75.68,72.15,95.45,72.0,85.21,87.68,80.62,77.71,Senior,1,Intermediate,1
C04678,Backend Developer,Master's,Information Technology,4,3,4,1,8,4,6,71.07,2,56.59,49.28,100.0,80.48,75.87,71.66,76.76,62.38,Mid-Level,2,Beginner,0
C04679,UI/UX Designer,Master's,Computer Science,5,9,1,0,10,3,6,46.46,4,52.59,46.39,82.84,81.33,68.29,58.16,63.66,48.56,Mid-Level,3,Not Ready,0
C04680,Cybersecurity Analyst,Master's,Information Technology,9,9,1,0,9,5,6,85.75,8,82.57,78.51,100.0,92.48,85.09,90.74,86.71,81.67,Senior,1,Intermediate,0
C04681,Machine Learning Engineer,Bachelor's,Mathematics,10,13,1,0,7,5,6,82.08,5,86.35,83.67,83.98,88.98,86.73,85.86,82.48,76.12,Senior,1,Intermediate,1
C04682,DevOps Engineer,Bachelor's,Information Technology,1,1,1,2,12,4,6,67.19,8,49.91,30.28,89.72,63.82,69.33,66.71,63.19,59.23,Junior,2,Beginner,0
C04683,Data Analyst,Bachelor's,Computer Science,6,7,4,1,8,4,6,71.27,10,67.06,53.35,83.92,76.33,72.94,71.96,71.04,69.96,Mid-Level,2,Beginner,1
C04684,Cybersecurity Analyst,Bachelor's,Information Technology,11,13,1,1,5,5,6,82.83,4,81.65,80.08,91.81,75.02,86.77,80.57,79.85,73.96,Senior,1,Beginner,0
C04685,Python Developer,Bachelor's,Software Engineering,6,3,0,1,4,4,6,71.24,3,62.0,54.75,98.26,61.6,67.99,68.83,66.8,67.62,Mid-Level,2,Beginner,1
C04686,QA Engineer,Bachelor's,Business,5,7,1,1,5,4,6,61.79,2,61.37,44.42,55.26,65.86,63.17,61.42,57.79,52.57,Mid-Level,2,Beginner,0
C04687,Java Developer,Bachelor's,Computer Science,0,3,3,0,8,3,6,45.45,6,42.71,20.49,93.95,62.56,45.38,49.92,53.43,42.26,Fresher,3,Not Ready,0
C04688,Python Developer,Bachelor's,Computer Science,5,4,5,1,6,5,6,83.01,5,66.51,53.64,88.35,76.03,83.31,80.07,76.41,71.16,Mid-Level,1,Beginner,1
C04689,Data Analyst,Bachelor's,Data Science,2,5,4,1,8,3,6,47.78,8,54.04,28.38,94.78,80.21,56.7,56.9,60.8,50.72,Junior,3,Beginner,0
C04690,Cybersecurity Analyst,Master's,Information Technology,1,6,5,1,4,3,6,48.54,6,45.41,22.94,99.09,73.54,59.21,53.09,56.71,46.82,Junior,3,Not Ready,0
C04691,Product Designer,Bachelor's,Computer Science,1,6,5,2,5,2,6,35.89,4,30.76,29.41,56.24,74.66,46.12,47.59,47.59,44.06,Junior,4,Not Ready,0
C04692,Frontend Developer,Master's,Computer Science,1,2,0,0,4,4,6,67.41,9,51.37,29.04,100.0,63.23,68.03,68.72,63.08,59.33,Junior,2,Beginner,0
C04693,Full Stack Developer,Diploma,Computer Science,7,10,4,1,6,5,7,74.93,7,75.27,60.23,77.77,78.55,71.52,74.44,73.83,67.17,Mid-Level,2,Beginner,1
C04694,UI/UX Designer,Bachelor's,Computer Science,6,7,4,0,10,4,6,69.49,6,66.47,59.9,65.26,82.8,81.54,76.79,73.77,70.72,Mid-Level,2,Beginner,1
C04695,Python Developer,Bachelor's,Computer Science,7,5,1,1,7,4,6,68.55,4,68.46,63.02,90.21,77.34,72.76,66.98,75.23,66.12,Mid-Level,2,Beginner,1
C04696,Product Designer,Bachelor's,Design,10,7,5,1,6,4,6,64.53,2,60.39,75.02,98.39,83.83,70.45,68.95,74.3,65.23,Senior,2,Beginner,0
C04697,Data Analyst,Bachelor's,Other,6,4,5,1,9,3,6,50.0,9,45.54,47.08,36.41,76.57,52.67,51.1,53.59,50.2,Mid-Level,3,Beginner,0
C04698,Machine Learning Engineer,Diploma,Information Technology,5,3,0,1,4,4,6,62.26,9,62.2,47.65,76.06,59.73,53.41,62.21,56.56,52.45,Mid-Level,2,Beginner,0
C04699,UI/UX Designer,Bachelor's,Computer Science,11,13,1,0,7,5,6,84.87,10,92.84,81.38,67.41,80.8,88.66,81.17,85.21,73.14,Senior,1,Beginner,0
C04700,Product Designer,Bachelor's,Information Technology,9,15,3,1,6,5,6,87.03,10,93.13,83.12,60.86,90.5,93.53,89.94,88.01,82.2,Senior,1,Intermediate,1
C04701,Data Analyst,Bachelor's,Information Technology,12,14,2,0,9,5,6,84.68,6,87.05,84.84,83.99,87.55,82.84,88.88,82.22,83.25,Senior,1,Intermediate,1
C04702,Backend Developer,Bachelor's,Data Science,3,5,5,0,10,3,6,46.68,2,44.61,37.73,64.61,83.67,58.26,49.9,59.65,49.27,Mid-Level,3,Not Ready,0
C04703,UI/UX Designer,Bachelor's,Computer Science,5,9,1,0,4,3,6,49.68,3,47.43,49.12,74.22,78.86,55.88,51.99,61.27,51.92,Mid-Level,3,Beginner,0
C04704,Product Designer,Master's,Design,6,4,2,0,9,5,6,79.9,10,78.11,61.15,100.0,77.66,84.92,80.82,81.89,70.2,Mid-Level,1,Beginner,1
C04705,UI/UX Designer,PhD,Information Technology,10,7,0,0,6,5,6,80.53,8,82.44,81.4,76.69,88.12,86.13,83.76,82.5,79.13,Senior,1,Intermediate,1
C04706,Python Developer,Bachelor's,Data Science,12,12,3,0,11,5,6,85.54,7,85.86,82.99,84.57,87.8,89.64,88.3,86.74,83.45,Senior,1,Intermediate,1
C04707,Cybersecurity Analyst,Diploma,Business,1,3,1,1,2,2,6,31.0,4,35.75,19.82,40.11,47.37,30.77,37.14,32.45,25.9,Junior,4,Not Ready,0
C04708,Cloud Engineer,Bachelor's,Software Engineering,1,2,4,1,5,3,6,46.29,2,46.59,25.91,88.49,60.5,55.31,47.9,54.05,47.48,Junior,3,Not Ready,0
C04709,Product Designer,Master's,Information Technology,5,4,2,1,9,3,6,47.02,5,47.99,43.4,67.75,67.4,59.6,46.99,59.13,52.37,Mid-Level,3,Beginner,1
C04710,Python Developer,Master's,Other,2,6,1,1,4,2,6,29.46,10,34.67,27.64,35.76,70.48,52.62,42.36,44.42,33.86,Junior,4,Not Ready,0
C04711,Product Designer,Bachelor's,Information Technology,12,14,1,0,10,5,6,87.29,10,80.63,86.81,58.45,85.94,88.85,91.96,83.41,76.97,Senior,1,Intermediate,0
C04712,DevOps Engineer,Bachelor's,Software Engineering,0,0,2,0,8,2,6,30.8,2,7.55,22.43,89.65,62.43,37.17,34.61,42.79,34.75,Fresher,4,Not Ready,0
C04713,Java Developer,Master's,Software Engineering,14,14,3,0,8,4,6,65.14,2,79.15,71.41,100.0,93.46,69.87,71.01,80.24,65.56,Senior,2,Beginner,0
C04714,Mobile App Developer,Bachelor's,Other,12,9,5,1,9,3,6,51.17,7,49.6,64.25,33.82,92.37,62.62,62.41,63.67,51.28,Senior,3,Beginner,0
C04715,Java Developer,Master's,Information Technology,3,6,0,1,9,4,6,67.99,7,64.76,38.07,100.0,75.56,66.43,68.24,66.91,63.0,Mid-Level,2,Beginner,0
C04716,Python Developer,Master's,Computer Science,12,12,1,1,6,5,6,80.64,4,92.15,81.93,100.0,85.7,83.25,84.15,85.06,80.3,Senior,1,Intermediate,1
C04717,Machine Learning Engineer,Master's,Mathematics,2,2,0,1,5,3,6,46.07,8,45.97,28.49,88.78,55.86,51.15,46.51,51.47,48.55,Junior,3,Not Ready,0
C04718,Product Designer,Master's,Design,1,6,4,2,9,3,6,46.06,2,56.5,21.48,100.0,77.11,54.7,52.67,55.76,45.36,Junior,3,Not Ready,0
C04719,Frontend Developer,Bachelor's,Software Engineering,5,6,2,1,8,4,6,64.58,10,63.46,51.0,90.71,66.86,61.97,62.86,64.87,64.99,Mid-Level,2,Beginner,0
C04720,Java Developer,Bachelor's,Computer Science,2,6,3,2,4,3,6,46.82,8,43.2,26.36,93.57,74.37,53.08,47.45,58.65,49.14,Junior,3,Not Ready,0
C04721,DevOps Engineer,Diploma,Information Technology,8,15,5,0,4,4,6,70.99,2,73.81,65.2,84.64,82.9,70.8,76.46,71.66,72.45,Senior,2,Beginner,1
C04722,Data Analyst,Bachelor's,Information Technology,1,5,5,2,10,4,6,63.71,6,61.34,27.29,79.27,73.93,75.03,70.24,63.86,62.79,Junior,2,Beginner,0
C04723,Java Developer,Bachelor's,Software Engineering,0,2,3,0,7,3,6,50.15,6,40.92,14.31,96.51,56.59,58.05,46.86,54.82,44.31,Fresher,3,Not Ready,0
C04724,UI/UX Designer,Bachelor's,Information Technology,0,2,2,2,11,3,6,53.04,10,44.16,23.16,63.48,51.48,48.34,51.39,46.96,39.72,Fresher,3,Not Ready,0
C04725,Product Designer,Bachelor's,Design,12,13,5,0,8,5,6,83.08,10,81.53,81.71,90.8,94.18,94.17,81.58,89.88,80.9,Senior,1,Intermediate,1
C04726,Product Designer,Bachelor's,Computer Science,7,4,3,1,3,3,6,52.66,10,51.43,51.64,56.49,74.24,58.41,60.17,62.7,49.06,Mid-Level,3,Not Ready,0
C04727,QA Engineer,Bachelor's,Software Engineering,2,2,0,1,6,3,6,45.97,6,43.69,35.28,86.14,58.8,50.2,53.48,51.89,41.17,Junior,3,Not Ready,0
C04728,Cybersecurity Analyst,Bachelor's,Other,4,8,1,1,3,2,6,29.83,9,32.93,33.71,31.5,68.82,47.22,34.84,42.55,34.44,Mid-Level,4,Not Ready,0
C04729,Python Developer,Master's,Computer Science,8,14,0,0,10,5,6,80.45,3,82.16,71.23,100.0,78.98,75.88,77.28,79.84,75.39,Senior,1,Intermediate,1
C04730,Java Developer,Bachelor's,Software Engineering,6,7,0,0,6,5,6,80.41,6,75.28,61.94,98.7,64.1,72.06,81.88,73.45,71.67,Mid-Level,1,Beginner,1
C04731,DevOps Engineer,Master's,Software Engineering,1,6,4,0,7,3,6,48.8,5,42.33,29.23,100.0,77.34,59.45,54.14,58.01,49.44,Junior,3,Not Ready,0
C04732,Full Stack Developer,Bachelor's,Other,4,10,4,1,10,2,7,28.41,7,44.06,34.96,29.13,77.7,44.69,38.33,45.04,32.12,Mid-Level,5,Not Ready,0
C04733,Data Scientist,Master's,Data Science,10,13,5,0,12,4,6,62.85,5,75.82,68.77,100.0,100.0,79.75,70.46,79.49,70.66,Senior,2,Beginner,1
C04734,Python Developer,Master's,Software Engineering,11,7,0,0,11,5,6,80.44,5,84.42,80.02,100.0,85.55,77.87,78.59,84.72,76.07,Senior,1,Intermediate,1
C04735,Cybersecurity Analyst,Bachelor's,Computer Science,9,10,4,0,9,5,6,84.06,8,77.63,77.88,90.04,97.59,85.4,86.16,90.34,76.12,Senior,1,Intermediate,1
C04736,Java Developer,Bachelor's,Electronics,11,13,3,1,9,3,6,54.72,2,54.22,71.58,51.88,92.5,63.45,60.16,67.62,55.81,Senior,3,Beginner,0
C04737,Data Scientist,Diploma,Mathematics,5,9,2,1,11,4,6,63.4,8,62.45,48.61,60.98,68.52,66.74,69.04,61.83,59.84,Mid-Level,2,Beginner,0
C04738,Cloud Engineer,Diploma,Other,3,4,3,0,10,3,6,48.96,2,44.68,35.7,23.2,64.29,47.67,49.53,45.45,41.54,Mid-Level,3,Not Ready,0
C04739,Data Analyst,Bachelor's,Information Technology,1,4,5,1,10,3,6,45.64,8,50.26,30.52,80.71,71.41,54.37,55.53,53.35,47.08,Junior,3,Not Ready,0
C04740,DevOps Engineer,Bachelor's,Software Engineering,4,7,5,0,12,4,6,70.94,4,67.09,44.09,87.58,87.59,75.68,74.83,71.65,63.79,Mid-Level,2,Beginner,0
C04741,Java Developer,Bachelor's,Information Technology,2,3,0,2,11,4,6,63.87,2,62.3,37.75,88.65,64.27,59.02,63.86,59.24,56.83,Junior,2,Beginner,0
C04742,Mobile App Developer,Bachelor's,Information Technology,8,8,3,1,8,5,6,81.4,3,75.85,68.85,86.56,89.52,81.85,80.77,81.48,79.1,Senior,1,Intermediate,1
C04743,DevOps Engineer,Bachelor's,Software Engineering,1,6,0,0,9,4,6,71.17,4,68.59,30.36,85.95,63.75,75.77,65.54,65.03,58.59,Junior,2,Beginner,0
C04744,QA Engineer,Bachelor's,Information Technology,12,7,3,0,12,5,6,86.37,6,80.95,87.68,79.11,77.99,77.31,89.23,81.88,75.69,Senior,1,Intermediate,1
C04745,Full Stack Developer,PhD,Software Engineering,4,6,1,0,9,4,7,54.93,10,53.23,46.75,100.0,85.3,73.81,56.89,72.07,60.65,Mid-Level,3,Beginner,1
C04746,Cloud Engineer,Bachelor's,Software Engineering,3,10,4,0,8,4,6,71.08,7,62.83,45.89,89.58,89.31,82.79,78.11,79.44,70.57,Mid-Level,2,Beginner,1
C04747,Frontend Developer,Master's,Software Engineering,13,9,2,1,12,5,6,87.14,7,83.98,80.17,100.0,90.72,85.85,87.99,88.63,84.11,Senior,1,Intermediate,1
C04748,Data Scientist,Bachelor's,Other,8,7,4,0,7,4,6,62.22,9,61.14,65.84,30.1,87.41,73.33,69.18,68.85,57.4,Senior,2,Beginner,0
C04749,QA Engineer,Master's,Business,2,5,3,2,11,4,6,69.14,2,53.71,37.92,65.21,67.4,65.5,65.15,65.53,54.89,Junior,2,Beginner,0
C04750,Data Analyst,Master's,Information Technology,10,10,4,0,12,4,6,70.0,8,62.77,77.53,93.02,91.83,82.78,73.91,82.91,76.34,Senior,2,Intermediate,1
C04751,Frontend Developer,Bachelor's,Other,1,2,5,0,9,2,6,33.92,10,26.23,24.12,29.16,65.64,42.42,41.27,40.13,34.75,Junior,4,Not Ready,0
C04752,Data Analyst,Bachelor's,Business,2,4,5,1,5,3,6,54.93,7,53.67,30.96,72.99,81.0,73.33,59.76,64.94,50.08,Junior,3,Beginner,0
C04753,Machine Learning Engineer,Bachelor's,Information Technology,3,9,1,1,9,4,6,62.66,6,71.35,40.53,84.19,73.4,67.71,61.59,66.14,56.4,Mid-Level,2,Beginner,1
C04754,Full Stack Developer,Bachelor's,Computer Science,10,14,5,0,13,6,7,88.11,9,92.1,84.76,88.37,90.75,93.49,85.61,91.56,90.43,Senior,1,Job Ready,0
C04755,Frontend Developer,Master's,Computer Science,5,6,1,0,8,4,6,62.56,10,56.97,50.18,95.5,75.03,74.22,64.68,70.88,59.05,Mid-Level,2,Beginner,0
C04756,Data Scientist,Master's,Computer Science,10,14,0,1,7,4,6,63.3,2,76.86,76.34,93.25,89.0,76.69,71.58,79.56,68.94,Senior,2,Beginner,0
C04757,Java Developer,Bachelor's,Software Engineering,6,3,0,1,7,5,6,84.84,7,72.37,57.03,95.41,62.34,69.99,75.87,71.36,70.21,Mid-Level,1,Beginner,0
C04758,UI/UX Designer,Master's,Design,13,10,0,1,9,4,6,65.69,7,65.37,75.15,98.71,77.49,68.34,68.64,73.61,67.34,Senior,2,Beginner,0
C04759,QA Engineer,Bachelor's,Information Technology,4,5,4,0,6,4,6,64.03,3,54.22,46.4,79.02,72.08,59.31,66.21,64.87,57.33,Mid-Level,2,Beginner,0
C04760,Python Developer,Bachelor's,Computer Science,9,5,2,0,9,5,6,85.67,3,77.44,81.41,88.29,84.15,81.81,82.99,85.17,79.78,Senior,1,Intermediate,1
C04761,Backend Developer,Master's,Computer Science,3,6,5,0,7,4,6,62.02,3,55.18,38.8,95.54,84.92,63.24,67.93,67.86,56.92,Mid-Level,2,Beginner,0
C04762,Java Developer,Bachelor's,Software Engineering,9,11,0,0,7,5,6,84.8,4,77.62,76.73,99.11,82.79,78.66,84.11,83.11,77.84,Senior,1,Intermediate,0
C04763,Machine Learning Engineer,Bachelor's,Computer Science,11,12,5,0,13,5,6,81.18,5,78.74,79.8,88.0,89.05,87.66,83.94,84.14,85.0,Senior,1,Intermediate,1
C04764,Mobile App Developer,Master's,Software Engineering,7,4,4,0,6,4,6,61.87,3,63.67,54.49,100.0,88.23,72.96,64.99,76.46,60.13,Mid-Level,2,Beginner,1
C04765,Cybersecurity Analyst,Master's,Information Technology,9,14,4,0,11,5,6,85.83,2,81.03,83.04,97.15,91.3,88.65,84.91,90.72,87.14,Senior,1,Intermediate,0
C04766,Mobile App Developer,Bachelor's,Electronics,5,7,5,1,11,3,6,49.4,10,46.11,47.33,48.87,90.9,66.87,54.65,61.03,56.56,Mid-Level,3,Beginner,0
C04767,QA Engineer,Master's,Software Engineering,2,3,0,1,8,4,6,64.33,9,56.9,35.36,99.14,55.64,55.97,59.96,62.16,51.46,Junior,2,Beginner,0
C04768,UI/UX Designer,Diploma,Design,3,5,0,0,9,5,6,87.32,3,68.99,45.26,82.3,44.84,77.46,77.45,67.36,62.5,Mid-Level,1,Beginner,0
C04769,Product Designer,Bachelor's,Design,1,4,5,0,8,3,6,52.94,7,38.51,30.69,96.12,71.53,67.73,52.77,61.21,50.87,Junior,3,Beginner,0
C04770,QA Engineer,Bachelor's,Information Technology,6,10,5,0,10,5,6,87.63,3,88.67,63.55,80.58,86.59,88.93,85.45,84.85,77.77,Mid-Level,1,Intermediate,1
C04771,QA Engineer,Diploma,Software Engineering,3,7,0,0,4,4,6,64.3,2,56.28,44.11,71.49,62.06,57.32,62.6,59.48,53.08,Mid-Level,2,Beginner,1
C04772,Data Analyst,Master's,Other,13,7,1,0,11,3,6,51.5,10,43.69,71.84,45.97,85.89,64.76,62.96,67.39,50.18,Senior,3,Beginner,1
C04773,Data Analyst,Master's,Data Science,3,10,4,1,5,3,6,53.59,3,47.69,35.05,100.0,91.71,74.4,65.75,67.76,55.63,Mid-Level,3,Beginner,0
C04774,Frontend Developer,Master's,Information Technology,8,6,2,1,11,4,6,63.68,3,62.26,65.74,100.0,75.19,72.47,67.59,72.14,66.17,Senior,2,Beginner,1
C04775,Data Scientist,Bachelor's,Other,9,13,0,0,3,3,6,54.02,2,63.35,60.52,36.61,85.2,63.22,62.71,65.66,49.4,Senior,3,Not Ready,0
C04776,Cybersecurity Analyst,Bachelor's,Electronics,0,1,0,1,8,3,6,50.27,6,40.55,23.85,71.33,44.48,42.84,44.25,42.76,42.79,Fresher,3,Not Ready,0
C04777,Data Analyst,Bachelor's,Computer Science,10,8,0,0,8,5,6,81.6,9,83.2,77.71,84.09,70.58,76.11,74.98,77.57,73.26,Senior,1,Beginner,1
C04778,Backend Developer,Bachelor's,Software Engineering,3,4,5,1,10,4,6,68.89,3,56.25,44.36,96.14,75.31,66.53,74.03,68.1,65.87,Mid-Level,2,Beginner,0
C04779,QA Engineer,Bachelor's,Software Engineering,5,7,5,0,6,4,6,70.34,9,62.04,49.16,80.19,87.56,82.98,74.46,74.38,66.98,Mid-Level,2,Beginner,1
C04780,Machine Learning Engineer,Bachelor's,Computer Science,1,1,3,0,3,3,6,53.87,4,42.81,23.59,87.08,55.52,61.73,57.43,56.62,49.23,Junior,3,Not Ready,0
C04781,Python Developer,Diploma,Software Engineering,2,1,5,2,9,4,6,62.29,10,51.57,31.68,81.1,63.86,60.23,64.5,61.1,59.07,Junior,2,Beginner,0
C04782,Data Analyst,Bachelor's,Computer Science,2,5,5,0,4,3,6,50.04,7,41.16,30.93,89.11,81.47,65.96,59.9,65.22,47.71,Junior,3,Not Ready,0
C04783,Cybersecurity Analyst,Bachelor's,Other,10,5,1,1,6,4,6,61.7,7,67.67,71.93,27.92,77.3,74.6,69.1,67.36,57.2,Senior,2,Beginner,0
C04784,UI/UX Designer,Bachelor's,Design,2,4,1,0,11,4,6,66.94,9,63.71,34.06,90.94,57.84,63.86,64.81,61.06,55.28,Junior,2,Beginner,1
C04785,Data Analyst,Bachelor's,Data Science,10,14,1,1,11,5,6,84.3,8,79.01,80.36,92.04,78.97,77.99,80.95,80.15,79.96,Senior,1,Intermediate,0
C04786,UI/UX Designer,Bachelor's,Design,11,9,4,1,5,5,6,83.69,4,81.94,81.0,97.35,98.0,83.85,86.13,86.14,83.81,Senior,1,Intermediate,0
C04787,Frontend Developer,Bachelor's,Computer Science,5,9,1,1,11,4,6,64.47,8,73.29,50.84,85.53,77.12,75.76,70.78,73.38,59.96,Mid-Level,2,Beginner,1
C04788,Data Scientist,Bachelor's,Information Technology,11,12,1,1,11,5,6,85.74,5,76.8,85.74,75.18,89.13,91.52,82.59,89.58,77.85,Senior,1,Intermediate,1
C04789,Machine Learning Engineer,Bachelor's,Information Technology,3,8,5,0,4,4,6,71.41,9,64.92,42.17,87.56,75.01,73.54,72.54,71.37,63.6,Mid-Level,2,Beginner,1
C04790,Python Developer,Bachelor's,Computer Science,6,8,2,1,7,4,6,70.74,3,68.26,57.25,88.8,71.74,72.76,70.95,68.43,63.92,Mid-Level,2,Beginner,1
C04791,Full Stack Developer,Bachelor's,Computer Science,4,10,2,0,13,6,7,87.69,5,87.41,45.71,88.61,72.51,85.7,85.68,77.42,71.08,Mid-Level,1,Beginner,1
C04792,Cloud Engineer,Master's,Computer Science,10,14,5,0,5,4,6,64.62,10,74.5,69.98,99.92,99.57,80.23,74.84,82.73,75.66,Senior,2,Intermediate,0
C04793,Machine Learning Engineer,Bachelor's,Information Technology,8,6,5,1,13,5,6,83.84,6,77.36,72.66,83.38,88.04,89.58,85.4,82.79,79.88,Senior,1,Intermediate,1
C04794,Machine Learning Engineer,Diploma,Mathematics,2,2,4,2,6,3,6,51.32,6,50.82,28.98,65.88,62.17,49.21,56.82,48.61,51.68,Junior,3,Beginner,0
C04795,Frontend Developer,Master's,Electronics,12,8,4,0,4,3,6,52.78,10,45.2,67.44,56.35,94.6,75.4,61.57,72.44,59.85,Senior,3,Beginner,0
C04796,Python Developer,Master's,Other,12,5,5,0,5,3,6,47.08,5,54.39,63.86,42.92,100.0,74.17,53.31,71.05,59.32,Senior,3,Beginner,1
C04797,Cybersecurity Analyst,Bachelor's,Other,11,14,4,1,10,4,6,69.8,10,66.92,73.46,32.27,85.15,76.78,75.38,72.46,69.73,Senior,2,Beginner,0
C04798,Data Scientist,Diploma,Other,2,3,3,1,7,1,6,19.25,8,12.21,23.36,29.99,56.43,33.59,22.71,33.79,20.81,Junior,5,Not Ready,0
C04799,Full Stack Developer,PhD,Software Engineering,9,10,3,1,8,6,7,80.74,8,76.16,77.7,99.95,100.0,90.04,89.37,89.31,79.69,Senior,1,Intermediate,1
C04800,Frontend Developer,Bachelor's,Software Engineering,1,4,4,0,8,3,6,48.7,5,39.79,22.21,93.43,70.79,54.7,51.91,56.67,48.38,Junior,3,Not Ready,1
C04801,Mobile App Developer,Bachelor's,Information Technology,10,8,0,0,9,5,6,83.01,9,79.24,79.16,94.88,80.62,81.63,85.84,82.1,73.38,Senior,1,Beginner,1
C04802,Frontend Developer,Master's,Software Engineering,4,7,5,0,9,4,6,68.8,3,56.39,46.5,96.82,85.92,81.1,73.3,78.4,69.8,Mid-Level,2,Beginner,0
C04803,Mobile App Developer,Master's,Electronics,7,10,1,1,11,3,6,45.13,5,61.0,52.53,55.7,82.13,66.65,51.58,62.5,52.68,Mid-Level,3,Beginner,0
C04804,QA Engineer,Bachelor's,Software Engineering,2,2,1,2,3,3,6,45.76,2,35.89,34.3,81.78,56.7,49.08,46.85,52.49,41.11,Junior,3,Not Ready,0
C04805,Java Developer,Bachelor's,Software Engineering,3,9,4,1,6,5,6,78.84,6,85.13,41.23,90.66,72.36,82.83,79.61,72.97,69.93,Mid-Level,1,Beginner,1
C04806,Machine Learning Engineer,Diploma,Data Science,3,4,4,0,9,5,6,80.36,8,76.29,39.17,82.26,68.9,82.2,79.12,71.74,69.47,Mid-Level,1,Beginner,1
C04807,Full Stack Developer,Master's,Software Engineering,13,15,0,1,12,6,7,85.94,7,93.39,78.98,96.56,87.37,80.2,86.74,86.21,77.34,Senior,1,Intermediate,0
C04808,Python Developer,Master's,Computer Science,13,10,1,0,5,5,6,78.86,4,85.43,84.56,100.0,94.29,91.16,82.05,89.11,80.26,Senior,1,Intermediate,1
C04809,QA Engineer,Master's,Business,6,6,5,1,4,4,6,67.85,3,69.09,52.32,66.93,95.72,79.85,73.26,77.5,69.35,Mid-Level,2,Beginner,0
C04810,Cloud Engineer,Bachelor's,Software Engineering,1,5,5,2,5,4,6,63.92,7,66.3,29.21,89.8,81.77,71.37,63.86,66.31,58.98,Junior,2,Beginner,1
C04811,Full Stack Developer,Bachelor's,Information Technology,10,13,0,1,11,6,7,83.46,9,91.3,79.98,87.08,87.78,83.09,86.62,86.33,75.37,Senior,1,Intermediate,1
C04812,Data Analyst,Master's,Information Technology,12,7,0,1,6,5,6,85.83,5,82.99,78.87,87.35,76.89,85.04,88.19,84.68,73.68,Senior,1,Beginner,1
C04813,DevOps Engineer,Master's,Software Engineering,1,3,5,0,8,4,6,69.74,10,63.62,26.77,100.0,79.55,79.13,68.56,69.4,66.55,Junior,2,Beginner,0
C04814,Cloud Engineer,Bachelor's,Information Technology,10,6,1,0,6,5,6,87.72,6,80.56,80.54,87.51,74.96,81.26,80.24,84.14,80.96,Senior,1,Intermediate,1
C04815,Machine Learning Engineer,Master's,Mathematics,3,8,2,0,4,4,6,71.27,6,68.72,43.99,91.3,73.44,79.61,66.9,72.7,60.33,Mid-Level,2,Beginner,0
C04816,Machine Learning Engineer,PhD,Computer Science,8,11,0,1,9,5,6,81.69,2,77.72,68.88,97.77,89.09,89.39,80.22,82.68,71.34,Senior,1,Beginner,1
C04817,Mobile App Developer,Bachelor's,Computer Science,2,4,0,1,11,3,6,53.56,2,39.61,32.22,93.62,61.57,61.81,53.2,61.15,43.92,Junior,3,Not Ready,0
C04818,DevOps Engineer,Bachelor's,Information Technology,2,4,3,1,7,3,6,54.15,3,45.07,36.89,91.98,67.91,58.19,61.63,61.76,56.7,Junior,3,Beginner,0
C04819,Full Stack Developer,Bachelor's,Computer Science,3,4,0,1,6,6,7,90.05,7,70.86,42.62,86.05,62.63,75.43,85.95,71.12,71.25,Mid-Level,1,Beginner,1
C04820,Data Scientist,Bachelor's,Computer Science,8,10,3,0,12,4,6,66.6,8,72.72,60.74,89.53,90.76,72.54,74.66,74.59,63.02,Senior,2,Beginner,0
C04821,UI/UX Designer,Master's,Design,2,4,5,1,7,3,6,53.84,4,49.17,27.9,100.0,85.25,65.11,64.1,62.62,58.72,Junior,3,Beginner,0
C04822,Python Developer,Bachelor's,Computer Science,9,6,1,1,8,5,6,84.31,7,79.29,76.85,92.17,70.77,85.6,85.86,79.19,77.92,Senior,1,Intermediate,1
C04823,Python Developer,Master's,Computer Science,5,7,0,0,6,5,6,84.44,10,69.53,57.18,100.0,76.16,77.53,81.15,80.59,71.18,Mid-Level,1,Beginner,0
C04824,Cybersecurity Analyst,Bachelor's,Electronics,1,1,1,1,3,2,6,29.32,4,21.12,21.48,71.31,53.98,32.14,36.63,40.81,33.51,Junior,4,Not Ready,0
C04825,Cloud Engineer,Master's,Information Technology,11,11,3,1,10,5,6,80.93,2,76.02,83.26,97.92,100.0,84.66,86.44,88.55,80.1,Senior,1,Intermediate,1
C04826,Cloud Engineer,Diploma,Computer Science,7,10,1,1,13,5,6,78.74,6,82.78,65.87,79.29,68.25,72.72,77.88,72.62,72.1,Mid-Level,1,Beginner,1
C04827,Frontend Developer,Bachelor's,Other,1,1,2,2,7,2,6,34.42,8,28.79,27.24,32.24,55.72,45.61,35.03,40.83,37.54,Junior,4,Not Ready,0
C04828,Java Developer,Bachelor's,Computer Science,1,3,1,1,11,3,6,47.25,4,43.33,30.39,92.19,52.76,53.75,44.39,51.49,51.0,Junior,3,Beginner,0
C04829,Full Stack Developer,Diploma,Information Technology,6,9,3,0,13,6,7,80.91,6,77.63,57.04,81.03,64.36,67.13,78.2,70.13,71.57,Mid-Level,1,Beginner,1
C04830,Machine Learning Engineer,Bachelor's,Information Technology,1,6,2,0,7,3,6,50.47,4,52.33,28.05,89.91,72.28,64.53,59.24,61.36,47.4,Junior,3,Not Ready,0
C04831,QA Engineer,Master's,Software Engineering,14,14,3,0,12,5,6,84.9,8,93.17,84.17,93.58,95.3,83.09,82.88,90.14,86.44,Senior,1,Intermediate,1
C04832,Data Scientist,Bachelor's,Computer Science,12,8,5,0,10,5,6,87.16,3,83.78,85.61,83.34,96.01,91.92,89.95,91.49,86.63,Senior,1,Intermediate,1
C04833,UI/UX Designer,Bachelor's,Information Technology,1,3,2,0,2,2,6,37.49,6,36.59,22.72,68.95,55.68,38.38,41.69,42.02,34.57,Junior,4,Not Ready,0
C04834,DevOps Engineer,Bachelor's,Software Engineering,3,6,5,0,10,4,6,63.05,10,69.19,35.37,89.28,71.09,60.71,62.63,63.73,65.11,Mid-Level,2,Beginner,0
C04835,Full Stack Developer,Master's,Other,8,8,0,0,6,4,7,54.68,9,57.57,55.43,43.97,78.79,68.44,60.51,63.17,52.32,Senior,3,Beginner,0
C04836,Product Designer,Bachelor's,Computer Science,4,5,1,0,4,4,6,64.4,3,68.58,40.9,56.87,62.8,70.48,65.67,60.98,60.3,Mid-Level,2,Beginner,1
C04837,Machine Learning Engineer,Bachelor's,Information Technology,6,7,3,1,5,5,6,81.53,3,75.69,61.89,87.93,71.28,71.31,82.94,71.28,75.88,Mid-Level,1,Intermediate,1
C04838,Java Developer,Bachelor's,Software Engineering,7,6,3,0,11,4,6,61.98,2,57.41,57.78,96.15,77.12,61.6,63.48,68.62,57.39,Mid-Level,2,Beginner,0
C04839,DevOps Engineer,Bachelor's,Software Engineering,10,5,4,0,5,5,6,81.59,3,78.92,79.97,93.69,82.19,87.12,86.45,83.01,82.63,Senior,1,Intermediate,1
C04840,Frontend Developer,Bachelor's,Software Engineering,9,13,0,0,11,5,6,81.01,6,79.88,79.81,98.67,71.7,79.9,75.78,80.87,79.18,Senior,1,Intermediate,1
C04841,Machine Learning Engineer,Bachelor's,Mathematics,8,8,4,0,10,5,6,82.42,6,84.24,70.67,84.21,78.63,81.06,84.06,77.87,73.07,Senior,1,Beginner,0
C04842,DevOps Engineer,Diploma,Software Engineering,3,7,5,1,12,4,6,68.9,6,59.59,40.85,84.92,62.66,70.77,66.76,65.85,67.4,Mid-Level,2,Beginner,0
C04843,Cybersecurity Analyst,Master's,Information Technology,11,10,0,1,6,5,6,79.33,2,87.96,78.72,97.0,92.33,79.01,79.47,84.66,80.09,Senior,1,Intermediate,1
C04844,Java Developer,Diploma,Software Engineering,0,0,2,1,6,2,6,38.26,9,12.57,23.93,85.32,48.26,45.97,36.04,43.03,34.58,Fresher,4,Not Ready,0
C04845,UI/UX Designer,Bachelor's,Design,10,10,4,0,5,5,6,78.66,9,88.69,82.23,99.07,84.52,76.61,84.62,84.63,84.39,Senior,1,Intermediate,1
C04846,DevOps Engineer,Diploma,Software Engineering,5,3,0,1,7,5,6,81.53,8,70.14,49.84,77.84,45.16,59.33,74.53,62.48,60.71,Mid-Level,1,Beginner,0
C04847,QA Engineer,Master's,Computer Science,9,6,3,0,12,4,6,64.86,8,65.74,69.12,85.07,80.94,68.91,72.67,71.6,66.9,Senior,2,Beginner,0
C04848,UI/UX Designer,Diploma,Computer Science,3,9,2,1,9,4,6,65.39,3,61.7,36.09,62.36,66.69,73.22,65.36,61.18,59.73,Mid-Level,2,Beginner,1
C04849,Full Stack Developer,Master's,Software Engineering,14,6,0,1,14,6,7,86.89,3,72.29,85.04,98.87,80.44,85.7,88.03,83.54,73.4,Senior,1,Beginner,1
C04850,Machine Learning Engineer,Master's,Data Science,9,11,0,1,6,5,6,80.88,7,85.52,72.96,99.02,82.69,84.57,84.1,80.63,77.42,Senior,1,Intermediate,0
C04851,QA Engineer,Master's,Software Engineering,1,3,3,1,5,3,6,46.37,4,48.73,30.3,90.72,74.38,61.43,54.51,56.57,54.47,Junior,3,Beginner,1
C04852,Cloud Engineer,Bachelor's,Software Engineering,12,15,2,1,5,5,6,86.63,3,82.75,86.98,88.72,90.3,88.46,86.33,91.08,80.09,Senior,1,Intermediate,1
C04853,Frontend Developer,Bachelor's,Information Technology,7,5,0,0,8,4,6,69.74,3,68.54,64.87,86.49,68.39,62.92,72.42,67.63,66.95,Mid-Level,2,Beginner,0
C04854,Data Scientist,Master's,Computer Science,10,8,4,0,6,5,6,78.84,10,78.38,76.09,93.92,89.63,82.95,84.08,86.23,77.61,Senior,1,Intermediate,0
C04855,QA Engineer,PhD,Other,15,10,2,0,11,3,6,50.31,3,60.13,69.49,53.22,95.54,66.86,62.42,67.28,55.65,Senior,3,Beginner,0
C04856,Data Scientist,Master's,Computer Science,13,11,2,1,8,5,6,81.12,5,88.56,84.71,97.86,83.92,82.03,78.04,85.3,77.77,Senior,1,Intermediate,0
C04857,Cloud Engineer,Diploma,Information Technology,1,6,4,0,5,3,6,50.58,4,50.72,24.9,79.62,55.02,54.95,55.17,53.24,52.9,Junior,3,Beginner,0
C04858,UI/UX Designer,Bachelor's,Information Technology,5,9,1,1,6,3,6,54.2,7,54.51,41.4,67.52,75.21,66.47,55.97,59.02,53.88,Mid-Level,3,Beginner,0
C04859,UI/UX Designer,Bachelor's,Computer Science,3,7,4,1,10,3,6,46.04,3,57.87,32.6,68.39,69.76,50.31,50.09,52.31,47.64,Mid-Level,3,Not Ready,1
C04860,DevOps Engineer,Bachelor's,Information Technology,9,12,0,0,10,5,6,86.91,5,86.12,77.56,86.18,80.65,77.41,80.85,84.18,78.03,Senior,1,Intermediate,1
C04861,Java Developer,Bachelor's,Computer Science,12,14,1,0,10,4,6,65.58,5,75.71,77.21,94.54,78.68,68.2,68.41,72.3,71.49,Senior,2,Beginner,1
C04862,Cybersecurity Analyst,Bachelor's,Electronics,3,6,3,1,5,3,6,51.25,8,56.11,39.43,71.92,71.52,57.2,53.59,59.06,51.63,Mid-Level,3,Beginner,0
C04863,QA Engineer,Diploma,Software Engineering,7,5,4,1,7,4,6,63.63,5,64.99,55.65,78.79,69.23,71.89,64.62,69.31,60.79,Mid-Level,2,Beginner,0
C04864,Backend Developer,Diploma,Other,0,2,2,0,5,0,6,3.65,6,0.05,16.02,15.4,49.09,15.53,16.96,23.41,7.67,Fresher,6,Not Ready,0
C04865,Mobile App Developer,Bachelor's,Other,3,10,1,0,4,2,6,33.04,3,38.23,28.04,32.26,74.55,56.82,40.88,48.26,34.96,Mid-Level,4,Not Ready,0
C04866,Mobile App Developer,Bachelor's,Information Technology,7,9,3,1,9,5,6,79.5,3,76.73,65.06,87.11,75.04,84.45,78.92,80.6,72.2,Mid-Level,1,Beginner,1
C04867,Backend Developer,Bachelor's,Information Technology,7,5,4,1,10,3,6,52.82,8,52.15,58.98,92.02,80.79,63.68,58.7,65.46,59.34,Mid-Level,3,Beginner,0
C04868,Data Scientist,Master's,Computer Science,5,5,3,1,6,4,6,67.64,2,65.44,46.19,99.7,82.94,75.29,65.85,74.68,59.87,Mid-Level,2,Beginner,0
C04869,Cloud Engineer,Master's,Software Engineering,13,12,3,0,9,4,6,70.86,3,77.72,75.49,100.0,93.87,73.9,70.97,78.33,73.79,Senior,2,Beginner,1
C04870,Full Stack Developer,Bachelor's,Software Engineering,9,13,5,0,10,6,7,89.54,4,91.57,74.64,98.19,85.75,87.36,90.32,88.44,83.92,Senior,1,Intermediate,0
C04871,Full Stack Developer,Master's,Computer Science,9,13,4,0,12,6,7,90.66,8,86.63,78.02,98.86,95.28,96.19,87.06,94.14,89.29,Senior,1,Intermediate,1
C04872,Frontend Developer,Master's,Computer Science,6,6,3,1,12,4,6,62.38,5,67.72,51.56,100.0,82.57,67.22,65.2,70.63,66.17,Mid-Level,2,Beginner,0
C04873,Mobile App Developer,Bachelor's,Computer Science,2,2,3,2,10,3,6,51.43,8,38.04,33.66,89.38,64.18,63.03,56.68,57.29,46.56,Junior,3,Not Ready,0
C04874,UI/UX Designer,Bachelor's,Computer Science,1,2,5,0,3,3,6,45.09,2,42.22,29.6,72.14,75.66,56.77,54.68,53.25,45.57,Junior,3,Not Ready,0
C04875,Product Designer,Bachelor's,Business,1,3,5,0,6,2,6,33.56,2,29.79,25.9,66.23,74.09,53.4,44.32,49.66,45.29,Junior,4,Not Ready,0
C04876,Mobile App Developer,Bachelor's,Other,1,5,0,0,7,1,6,14.45,4,22.05,18.89,32.81,64.39,30.28,28.18,31.91,21.42,Junior,5,Not Ready,0
C04877,Backend Developer,Bachelor's,Information Technology,4,9,4,0,10,4,6,70.12,8,70.98,43.75,89.49,87.17,82.86,73.06,76.72,65.5,Mid-Level,2,Beginner,0
C04878,Product Designer,Bachelor's,Information Technology,9,12,2,1,9,5,6,86.85,10,76.95,76.22,59.86,87.44,83.01,87.63,83.02,76.98,Senior,1,Intermediate,1
C04879,Cloud Engineer,Diploma,Computer Science,8,5,0,0,6,5,6,78.74,7,68.71,68.53,79.95,59.44,63.2,75.8,67.57,66.41,Senior,1,Beginner,0
C04880,Frontend Developer,PhD,Information Technology,9,10,2,1,8,5,6,82.15,6,80.42,78.39,95.56,89.62,84.63,82.99,85.22,76.39,Senior,1,Intermediate,0
C04881,UI/UX Designer,Bachelor's,Design,9,9,2,0,5,5,6,86.18,5,85.65,79.52,97.15,87.98,80.95,86.79,83.12,82.24,Senior,1,Intermediate,1
C04882,Python Developer,Master's,Data Science,4,8,0,0,10,4,6,66.64,10,57.79,46.77,95.24,68.74,75.26,71.8,67.89,61.95,Mid-Level,2,Beginner,0
C04883,Cybersecurity Analyst,Bachelor's,Electronics,7,9,1,0,7,4,6,64.71,9,72.88,60.99,73.58,76.56,71.34,69.38,72.51,58.82,Mid-Level,2,Beginner,0
C04884,Frontend Developer,Master's,Information Technology,1,6,5,1,9,4,6,63.0,5,65.68,30.2,100.0,84.74,77.78,70.64,68.68,64.9,Junior,2,Beginner,1
C04885,Machine Learning Engineer,Bachelor's,Mathematics,6,7,1,0,9,4,6,66.68,8,68.39,58.58,80.53,66.15,70.88,63.21,66.12,59.46,Mid-Level,2,Beginner,1
C04886,Backend Developer,Master's,Software Engineering,6,3,2,1,8,4,6,64.37,6,51.42,53.03,99.14,68.83,71.51,68.79,66.7,58.93,Mid-Level,2,Beginner,1
C04887,Full Stack Developer,Master's,Computer Science,6,6,5,0,10,6,7,81.33,9,79.71,64.12,95.22,85.66,85.44,79.04,81.18,79.99,Mid-Level,1,Intermediate,1
C04888,Cybersecurity Analyst,PhD,Business,11,14,1,0,9,4,6,71.36,10,65.98,72.64,61.7,93.02,87.36,76.52,80.33,70.37,Senior,2,Beginner,0
C04889,Full Stack Developer,Bachelor's,Software Engineering,7,9,0,0,12,4,7,57.18,5,57.05,53.73,93.33,80.3,65.63,62.1,66.83,61.26,Mid-Level,3,Beginner,0
C04890,Cybersecurity Analyst,Diploma,Computer Science,2,2,0,1,5,4,6,71.41,9,57.05,40.01,80.64,49.34,69.5,66.79,64.48,57.87,Junior,2,Beginner,0
C04891,Backend Developer,Diploma,Software Engineering,4,5,5,1,7,5,6,82.73,9,74.21,54.03,83.93,68.13,70.91,75.1,73.57,72.26,Mid-Level,1,Beginner,0
C04892,QA Engineer,Bachelor's,Other,3,9,2,0,3,3,6,45.54,7,47.47,38.62,30.05,67.13,47.9,47.13,51.44,43.58,Mid-Level,3,Not Ready,0
C04893,QA Engineer,Master's,Software Engineering,2,5,4,2,5,4,6,62.4,5,62.27,34.76,97.53,69.69,60.7,68.49,64.39,60.76,Junior,2,Beginner,0
C04894,Frontend Developer,Diploma,Computer Science,2,4,4,1,11,3,6,49.44,3,50.99,29.13,76.82,54.25,49.76,47.96,48.99,45.99,Junior,3,Not Ready,0
C04895,UI/UX Designer,Bachelor's,Computer Science,12,10,4,1,9,4,6,62.3,2,67.15,69.04,73.46,99.11,73.96,64.81,75.06,61.71,Senior,2,Beginner,0
C04896,Data Analyst,Bachelor's,Business,0,0,2,3,9,2,6,33.02,4,11.21,16.77,71.09,50.23,37.93,32.41,38.81,31.27,Fresher,4,Not Ready,0
C04897,QA Engineer,Diploma,Computer Science,4,5,4,1,6,3,6,45.36,4,45.91,36.66,63.9,60.95,49.94,44.34,49.24,45.76,Mid-Level,3,Not Ready,0
C04898,QA Engineer,Master's,Software Engineering,12,14,1,0,10,5,6,79.84,4,81.77,77.53,91.2,86.76,78.54,85.07,84.8,76.54,Senior,1,Intermediate,0
C04899,Mobile App Developer,Bachelor's,Software Engineering,0,0,2,0,5,2,6,37.94,9,13.4,29.33,93.17,48.25,40.08,43.96,43.86,39.26,Fresher,4,Not Ready,0
C04900,Backend Developer,Bachelor's,Software Engineering,10,7,3,0,12,5,6,80.0,3,73.6,82.14,94.88,83.98,86.48,83.48,83.86,73.33,Senior,1,Beginner,0
C04901,UI/UX Designer,Bachelor's,Other,12,7,3,1,8,4,6,66.97,8,67.42,71.61,26.52,82.03,80.91,73.74,71.95,62.23,Senior,2,Beginner,1
C04902,DevOps Engineer,Bachelor's,Software Engineering,9,10,0,1,6,5,6,79.54,5,77.11,77.35,91.09,72.04,81.47,81.28,80.31,75.06,Senior,1,Intermediate,1
C04903,Java Developer,Master's,Information Technology,10,5,3,1,11,4,6,68.05,3,58.66,75.23,100.0,81.12,80.6,70.82,78.84,69.21,Senior,2,Beginner,1
C04904,Java Developer,Bachelor's,Computer Science,8,7,3,1,6,5,6,87.59,8,73.54,75.54,87.66,85.91,85.89,90.59,82.98,76.74,Senior,1,Intermediate,1
C04905,Data Analyst,Bachelor's,Data Science,9,12,4,0,8,5,6,78.51,10,87.92,74.48,96.84,87.67,81.12,84.71,83.3,80.8,Senior,1,Intermediate,1
C04906,Mobile App Developer,Diploma,Computer Science,1,4,4,2,5,3,6,52.17,3,50.39,31.52,82.2,52.33,57.92,53.81,51.61,53.24,Junior,3,Beginner,0
C04907,Data Scientist,Bachelor's,Data Science,3,6,3,0,4,4,6,64.06,9,55.66,40.3,98.46,70.32,65.71,68.96,64.83,58.13,Mid-Level,2,Beginner,1
C04908,Frontend Developer,Bachelor's,Software Engineering,12,11,3,0,11,5,6,83.33,2,87.76,85.82,99.93,83.57,79.02,82.48,85.66,81.27,Senior,1,Intermediate,0
C04909,Data Analyst,Diploma,Data Science,3,10,5,1,8,4,6,69.11,3,67.77,43.32,80.15,72.29,66.55,66.57,69.18,67.98,Mid-Level,2,Beginner,0
C04910,UI/UX Designer,Bachelor's,Information Technology,2,4,2,1,9,3,6,49.18,10,47.1,35.83,67.03,68.6,50.71,55.24,51.61,46.32,Junior,3,Not Ready,0
C04911,Python Developer,Master's,Computer Science,9,5,5,1,11,5,6,84.97,9,66.67,73.08,96.6,95.26,83.82,82.48,84.46,78.94,Senior,1,Intermediate,0
C04912,Backend Developer,Bachelor's,Other,8,15,0,0,9,4,6,64.81,10,72.93,66.84,30.17,75.85,69.97,66.14,67.28,58.82,Senior,2,Beginner,1
C04913,Data Analyst,Diploma,Other,3,4,5,1,8,3,6,53.19,2,40.24,41.57,22.63,72.7,56.62,56.42,52.06,44.69,Mid-Level,3,Not Ready,0
C04914,Cybersecurity Analyst,Diploma,Electronics,8,15,0,1,4,4,6,71.59,4,73.58,71.05,58.59,68.93,64.56,71.04,67.43,65.92,Senior,2,Beginner,1
C04915,Cloud Engineer,Bachelor's,Information Technology,0,1,1,2,5,3,6,49.22,3,35.22,26.81,94.05,54.02,52.25,47.31,52.48,47.12,Fresher,3,Not Ready,0
C04916,Full Stack Developer,Bachelor's,Information Technology,7,10,2,1,12,5,7,73.96,9,76.14,63.81,87.46,85.96,79.75,79.15,80.36,66.82,Mid-Level,2,Beginner,0
C04917,Java Developer,Bachelor's,Information Technology,12,14,2,0,12,5,6,80.27,9,84.38,78.02,94.94,85.18,79.26,84.35,81.2,73.34,Senior,1,Beginner,1
C04918,Machine Learning Engineer,Bachelor's,Mathematics,12,10,0,1,12,5,6,80.12,8,86.51,79.37,75.56,84.48,82.06,82.89,78.53,76.25,Senior,1,Intermediate,0
C04919,Full Stack Developer,Master's,Information Technology,3,6,5,1,8,5,7,68.56,7,64.47,44.56,100.0,79.13,77.48,66.76,72.53,71.16,Mid-Level,2,Beginner,1
C04920,Machine Learning Engineer,Bachelor's,Data Science,2,5,5,2,6,3,6,49.81,2,40.97,26.63,93.57,71.65,64.95,53.65,57.4,52.98,Junior,3,Beginner,0
C04921,Product Designer,Bachelor's,Information Technology,12,8,1,0,5,5,6,82.52,9,81.3,86.76,59.41,80.06,87.71,82.1,82.54,74.26,Senior,1,Beginner,0
C04922,Mobile App Developer,Bachelor's,Computer Science,12,9,4,1,5,4,6,68.43,3,60.66,74.01,92.16,91.12,72.3,70.43,77.9,71.15,Senior,2,Beginner,1
C04923,Frontend Developer,Bachelor's,Computer Science,12,6,0,1,10,5,6,84.81,2,75.16,85.52,94.47,80.92,84.82,80.41,85.96,74.01,Senior,1,Beginner,1
C04924,Java Developer,Bachelor's,Computer Science,4,4,5,0,8,3,6,48.27,8,51.19,36.13,85.15,81.91,58.62,59.38,60.42,55.66,Mid-Level,3,Beginner,0
C04925,Frontend Developer,Diploma,Electronics,5,7,3,1,5,3,6,52.08,3,54.82,48.16,35.07,66.56,57.12,55.38,53.3,51.52,Mid-Level,3,Beginner,0
C04926,Cloud Engineer,Bachelor's,Computer Science,3,7,3,0,8,4,6,63.56,8,58.56,35.47,80.24,69.72,61.58,63.07,59.39,60.56,Mid-Level,2,Beginner,0
C04927,Mobile App Developer,Master's,Software Engineering,8,8,3,1,5,5,6,79.39,9,74.56,69.6,100.0,87.31,83.29,80.31,84.78,77.9,Senior,1,Intermediate,1
C04928,Mobile App Developer,Master's,Software Engineering,6,7,4,0,5,4,6,70.33,5,63.45,57.49,100.0,85.33,80.95,69.38,78.26,64.72,Mid-Level,2,Beginner,1
C04929,Product Designer,Bachelor's,Computer Science,4,10,0,0,7,3,6,54.56,4,52.85,42.07,60.65,63.99,61.12,56.57,56.58,44.6,Mid-Level,3,Not Ready,0
C04930,Full Stack Developer,Master's,Computer Science,14,13,1,0,5,5,7,68.48,5,82.9,79.64,100.0,94.62,85.78,73.57,84.02,77.06,Senior,2,Intermediate,1
C04931,Mobile App Developer,Diploma,Information Technology,0,0,0,0,5,3,6,46.24,6,15.7,12.52,83.15,33.57,36.35,42.27,39.43,33.35,Fresher,3,Not Ready,0
C04932,Cybersecurity Analyst,Diploma,Electronics,4,8,1,1,5,4,6,69.03,3,62.8,40.93,59.71,54.86,61.36,66.01,55.94,58.74,Mid-Level,2,Beginner,1
C04933,Data Scientist,Bachelor's,Data Science,8,13,4,0,11,5,6,80.5,9,89.91,65.93,94.34,85.46,81.32,83.86,78.94,75.33,Senior,1,Intermediate,1
C04934,DevOps Engineer,Bachelor's,Information Technology,10,14,0,0,6,5,6,85.74,5,91.11,81.25,86.64,80.21,75.74,88.33,82.94,72.24,Senior,1,Beginner,1
C04935,DevOps Engineer,Diploma,Computer Science,3,3,5,0,10,3,6,49.79,3,49.04,38.66,71.79,58.96,61.31,55.16,56.92,53.32,Mid-Level,3,Beginner,0
C04936,Full Stack Developer,Diploma,Information Technology,1,2,5,1,9,4,7,58.89,8,43.44,30.53,80.62,56.28,62.33,57.69,54.99,50.65,Junior,3,Beginner,0
C04937,Cybersecurity Analyst,Bachelor's,Electronics,11,13,1,1,13,5,6,87.29,2,83.35,88.82,73.65,79.71,90.74,90.75,86.91,78.33,Senior,1,Intermediate,1
C04938,UI/UX Designer,Bachelor's,Other,2,1,5,1,5,1,6,20.6,5,8.03,29.72,25.42,75.38,40.29,36.13,43.24,31.93,Junior,5,Not Ready,0
C04939,Data Scientist,PhD,Mathematics,8,7,2,1,9,5,6,81.15,9,77.68,71.45,93.68,93.32,93.59,86.63,85.99,72.88,Senior,1,Beginner,1
C04940,Cloud Engineer,Bachelor's,Computer Science,6,5,1,0,11,4,6,64.94,4,66.84,49.93,80.51,70.33,61.94,63.44,62.95,59.65,Mid-Level,2,Beginner,0
C04941,Data Analyst,Master's,Data Science,4,5,4,0,12,5,6,86.11,4,79.41,51.95,96.73,85.57,86.83,86.52,80.05,74.98,Mid-Level,1,Beginner,1
C04942,Machine Learning Engineer,PhD,Information Technology,6,8,3,1,7,3,6,49.77,10,54.21,51.07,95.96,84.84,62.32,58.04,65.68,55.03,Mid-Level,3,Beginner,0
C04943,Full Stack Developer,Bachelor's,Software Engineering,10,7,4,0,10,6,7,82.24,3,71.81,82.52,98.26,92.74,81.85,87.67,83.98,82.88,Senior,1,Intermediate,1
C04944,DevOps Engineer,Bachelor's,Software Engineering,12,9,5,0,11,5,6,80.35,2,79.45,86.14,91.57,98.58,86.59,86.43,86.11,80.55,Senior,1,Intermediate,1
C04945,Mobile App Developer,PhD,Information Technology,3,5,4,1,12,4,6,62.34,2,64.01,42.65,97.89,83.73,68.18,69.21,69.25,64.22,Mid-Level,2,Beginner,0
C04946,DevOps Engineer,Master's,Electronics,7,9,5,0,8,3,6,51.65,7,60.81,58.9,55.21,88.37,61.72,62.17,64.19,56.43,Mid-Level,3,Beginner,1
C04947,Data Analyst,Bachelor's,Data Science,4,3,1,1,7,4,6,67.33,9,61.14,43.88,97.39,70.25,65.76,64.03,69.83,60.16,Mid-Level,2,Beginner,0
C04948,DevOps Engineer,Bachelor's,Software Engineering,11,5,2,0,4,4,6,70.21,10,55.56,72.57,85.69,79.42,70.56,76.66,76.62,69.1,Senior,2,Beginner,0
C04949,Data Scientist,Master's,Mathematics,4,9,0,1,7,4,6,71.01,5,63.61,47.6,82.2,68.47,65.37,73.23,67.47,60.9,Mid-Level,2,Beginner,0
C04950,Data Analyst,Bachelor's,Computer Science,9,11,3,1,7,5,6,81.72,10,79.61,73.94,80.35,92.87,89.83,85.17,87.64,74.4,Senior,1,Beginner,0
C04951,QA Engineer,Diploma,Business,0,3,3,0,5,2,6,30.11,5,27.0,12.72,53.48,60.3,40.16,33.66,38.89,30.09,Fresher,4,Not Ready,0
C04952,Full Stack Developer,Bachelor's,Information Technology,6,7,0,0,6,5,7,69.28,7,65.78,56.84,89.67,63.59,71.23,69.95,67.31,62.26,Mid-Level,2,Beginner,0
C04953,UI/UX Designer,Diploma,Information Technology,4,10,3,0,10,4,6,67.85,2,71.29,42.24,54.56,76.55,75.18,70.19,66.38,60.22,Mid-Level,2,Beginner,1
C04954,Product Designer,Diploma,Business,5,6,0,1,5,3,6,51.16,7,46.33,41.2,61.78,57.4,59.34,52.35,51.84,41.99,Mid-Level,3,Not Ready,0
C04955,Backend Developer,Diploma,Computer Science,7,4,2,1,10,4,6,63.76,8,54.6,56.76,79.81,58.01,61.69,60.52,59.84,60.73,Mid-Level,2,Beginner,0
C04956,UI/UX Designer,Bachelor's,Computer Science,4,10,1,0,10,4,6,71.23,10,68.84,45.81,65.98,66.43,67.95,74.37,64.68,60.16,Mid-Level,2,Beginner,1
C04957,UI/UX Designer,Diploma,Other,7,9,5,1,2,2,6,31.13,5,41.31,44.72,22.45,79.39,47.75,40.59,46.49,39.99,Mid-Level,4,Not Ready,0
C04958,Data Analyst,Master's,Information Technology,10,11,5,1,13,5,6,84.33,7,78.08,84.6,89.84,97.99,90.64,83.69,91.57,86.61,Senior,1,Intermediate,1
C04959,UI/UX Designer,Master's,Design,10,5,3,1,7,5,6,82.95,3,72.35,82.96,100.0,79.9,75.84,77.86,84.83,79.16,Senior,1,Intermediate,1
C04960,DevOps Engineer,Bachelor's,Computer Science,0,3,0,1,4,3,6,50.05,4,43.03,26.25,83.72,56.38,47.01,54.48,51.49,43.5,Fresher,3,Not Ready,0
C04961,DevOps Engineer,Bachelor's,Other,7,10,4,0,9,2,6,30.96,10,46.71,50.45,28.34,84.75,53.29,39.03,54.04,38.88,Mid-Level,4,Not Ready,0
C04962,Data Analyst,Bachelor's,Computer Science,6,5,1,0,11,3,6,54.76,5,52.51,55.27,84.47,76.4,63.94,56.42,65.43,53.64,Mid-Level,3,Beginner,0
C04963,QA Engineer,Master's,Information Technology,9,7,2,1,8,5,6,87.69,5,82.05,79.47,90.27,90.11,81.37,90.53,85.91,77.71,Senior,1,Intermediate,1
C04964,Mobile App Developer,Bachelor's,Electronics,6,4,2,1,7,3,6,51.1,9,46.37,51.03,47.13,74.6,52.69,54.47,58.96,49.43,Mid-Level,3,Not Ready,0
C04965,QA Engineer,Bachelor's,Software Engineering,7,7,0,1,13,5,6,82.35,7,72.08,65.7,80.77,73.94,73.59,79.88,75.82,65.33,Mid-Level,1,Beginner,1
C04966,Frontend Developer,Bachelor's,Software Engineering,7,7,2,1,4,4,6,68.8,10,65.14,64.04,98.36,81.74,75.19,76.33,73.11,64.29,Mid-Level,2,Beginner,0
C04967,Data Analyst,Master's,Business,2,3,5,1,10,3,6,49.23,3,51.41,35.71,77.09,78.41,55.52,57.42,57.63,48.86,Junior,3,Not Ready,0
C04968,UI/UX Designer,Diploma,Information Technology,0,3,3,2,8,2,6,38.12,6,30.2,34.2,58.43,45.86,34.9,38.15,42.91,41.26,Fresher,4,Not Ready,0
C04969,Java Developer,Bachelor's,Electronics,12,9,2,1,6,4,6,61.98,6,71.7,68.31,54.57,81.07,74.73,66.65,73.09,66.83,Senior,2,Beginner,1
C04970,Java Developer,Bachelor's,Software Engineering,1,6,0,1,10,3,6,45.9,5,50.11,26.72,94.03,56.32,50.97,46.81,54.03,42.74,Junior,3,Not Ready,0
C04971,Machine Learning Engineer,Bachelor's,Information Technology,12,10,4,1,7,5,6,86.42,2,87.17,85.29,88.09,88.88,89.59,91.51,88.72,87.87,Senior,1,Intermediate,0
C04972,Data Analyst,Master's,Business,13,12,0,0,5,5,6,85.44,5,84.35,87.77,81.87,83.68,91.96,80.58,83.71,78.76,Senior,1,Intermediate,1
C04973,Full Stack Developer,Bachelor's,Software Engineering,10,5,0,1,14,6,7,83.62,3,72.64,82.99,90.73,71.7,75.49,85.94,81.14,74.23,Senior,1,Beginner,1
C04974,Machine Learning Engineer,Bachelor's,Information Technology,12,15,3,0,12,5,6,87.32,5,80.02,88.9,80.53,84.2,86.88,82.44,88.05,77.24,Senior,1,Intermediate,0
C04975,Java Developer,Diploma,Computer Science,5,3,2,1,9,4,6,62.12,5,52.96,44.04,76.36,65.54,62.69,66.4,60.98,50.86,Mid-Level,2,Beginner,0
C04976,DevOps Engineer,Diploma,Software Engineering,6,9,4,1,11,4,6,68.37,8,73.12,55.84,84.56,75.02,63.65,72.4,71.33,65.03,Mid-Level,2,Beginner,0
C04977,Machine Learning Engineer,Master's,Mathematics,12,5,0,0,9,5,6,80.48,6,78.19,83.34,86.44,69.56,82.81,81.57,80.46,70.55,Senior,1,Beginner,1
C04978,Data Scientist,Master's,Information Technology,4,9,5,0,12,5,6,79.26,10,83.51,44.86,90.25,92.03,89.16,78.46,82.63,69.6,Mid-Level,1,Beginner,0
C04979,Machine Learning Engineer,Master's,Data Science,7,3,1,0,5,4,6,65.92,2,59.55,57.24,99.24,69.06,73.01,63.11,68.25,59.0,Mid-Level,2,Beginner,0
C04980,DevOps Engineer,Diploma,Computer Science,4,9,1,1,5,4,6,64.36,7,60.82,44.79,70.94,66.0,67.1,65.26,62.82,57.89,Mid-Level,2,Beginner,0
C04981,Mobile App Developer,Bachelor's,Computer Science,3,6,3,1,9,4,6,66.91,6,61.57,41.78,90.69,65.1,65.87,69.72,64.99,56.29,Mid-Level,2,Beginner,0
C04982,Backend Developer,Master's,Data Science,2,1,1,2,6,3,6,50.35,5,42.96,33.23,72.16,57.69,58.77,55.31,53.33,42.54,Junior,3,Not Ready,0
C04983,Full Stack Developer,Bachelor's,Software Engineering,12,6,0,0,5,5,7,69.06,5,72.03,71.94,96.16,77.03,76.29,68.0,78.81,66.7,Senior,2,Beginner,1
C04984,UI/UX Designer,Bachelor's,Computer Science,5,4,2,1,5,4,6,71.59,3,57.87,54.81,66.79,62.17,73.98,65.81,67.27,64.03,Mid-Level,2,Beginner,0
C04985,Machine Learning Engineer,Master's,Information Technology,7,10,3,0,12,4,6,64.92,3,62.13,58.01,96.4,86.63,80.8,66.99,78.69,70.91,Mid-Level,2,Beginner,0
C04986,Java Developer,Diploma,Electronics,7,4,0,1,5,2,6,31.87,8,40.53,49.02,39.05,53.47,38.42,37.16,44.89,33.94,Mid-Level,4,Not Ready,0
C04987,Java Developer,Diploma,Computer Science,4,6,1,0,7,4,6,62.3,3,63.35,43.93,76.27,53.02,65.56,58.51,56.99,59.8,Mid-Level,2,Beginner,0
C04988,Frontend Developer,Master's,Information Technology,11,8,1,1,11,5,6,82.79,5,79.59,82.22,99.02,87.87,83.45,85.65,87.05,80.13,Senior,1,Intermediate,1
C04989,Frontend Developer,Diploma,Software Engineering,2,3,1,0,8,4,6,68.19,3,58.23,36.73,85.6,58.48,57.3,61.46,62.85,55.1,Junior,2,Beginner,0
C04990,QA Engineer,Master's,Business,4,5,0,0,9,4,6,66.39,7,62.05,48.43,72.3,62.54,61.29,64.59,63.04,55.29,Mid-Level,2,Beginner,0
C04991,Backend Developer,Diploma,Data Science,6,7,4,1,6,3,6,48.29,4,50.99,47.91,46.23,75.53,62.96,56.46,58.31,49.48,Mid-Level,3,Not Ready,0
C04992,Cloud Engineer,Bachelor's,Software Engineering,0,3,1,1,9,3,6,47.86,7,39.66,15.41,90.13,63.43,50.0,49.12,53.98,38.96,Fresher,3,Not Ready,0
C04993,Data Scientist,Bachelor's,Other,1,5,4,1,9,1,6,14.13,9,20.47,17.56,33.69,68.41,39.25,28.3,38.38,27.65,Junior,5,Not Ready,0
C04994,Machine Learning Engineer,Bachelor's,Data Science,8,7,2,0,9,4,6,69.03,8,68.53,69.82,98.15,79.94,81.36,71.05,80.17,66.1,Senior,2,Beginner,0
C04995,Cybersecurity Analyst,Bachelor's,Computer Science,6,9,2,1,4,4,6,63.63,6,71.43,52.33,94.27,86.1,77.57,65.38,74.62,69.15,Mid-Level,2,Beginner,0
C04996,Backend Developer,Bachelor's,Information Technology,10,8,0,1,10,5,6,83.82,4,73.28,84.34,88.28,71.45,82.05,83.45,79.44,74.12,Senior,1,Beginner,1
C04997,Cloud Engineer,Master's,Software Engineering,7,10,2,1,12,4,6,63.8,5,69.79,54.01,100.0,80.32,70.0,66.47,74.52,59.83,Mid-Level,2,Beginner,0
C04998,Java Developer,Master's,Software Engineering,10,11,2,1,13,5,6,85.75,8,75.81,80.5,100.0,84.31,82.59,87.48,83.63,74.08,Senior,1,Beginner,0
C04999,Machine Learning Engineer,Bachelor's,Data Science,12,9,3,0,11,5,6,80.06,8,77.68,83.45,94.44,83.14,80.89,83.83,85.91,78.51,Senior,1,Intermediate,0
C05000,DevOps Engineer,Bachelor's,Information Technology,8,12,5,1,8,4,6,66.26,2,79.0,62.68,91.4,99.15,77.64,71.74,80.0,71.74,Senior,2,Beginner,1
